window_id,sample_id,label,label_index,group_id,group_index,cv_index,audio_path,start_sec,duration_sec,sample_rate,year,bandleader,pianist
jamala-allthethingsyouare-heardjisraely-1992-5d32f8fa__00000,jamala-allthethingsyouare-heardjisraely-1992-5d32f8fa,All the Things You Are,0,Ahmad Jamal / Ahmad Jamal,1,1,data/processed/jtd_group_cv_16/audio_24k_mono/jamala-allthethingsyouare-heardjisraely-1992-5d32f8fa.wav,0.000000,10.000000,24000,1992,Ahmad Jamal,Ahmad Jamal
jamala-allthethingsyouare-heardjisraely-1992-5d32f8fa__00001,jamala-allthethingsyouare-heardjisraely-1992-5d32f8fa,All the Things You Are,0,Ahmad Jamal / Ahmad Jamal,1,1,data/processed/jtd_group_cv_16/audio_24k_mono/jamala-allthethingsyouare-heardjisraely-1992-5d32f8fa.wav,5.000000,10.000000,24000,1992,Ahmad Jamal,Ahmad Jamal
jamala-allthethingsyouare-heardjisraely-1992-5d32f8fa__00002,jamala-allthethingsyouare-heardjisraely-1992-5d32f8fa,All the Things You Are,0,Ahmad Jamal / Ahmad Jamal,1,1,data/processed/jtd_group_cv_16/audio_24k_mono/jamala-allthethingsyouare-heardjisraely-1992-5d32f8fa.wav,10.000000,10.000000,24000,1992,Ahmad Jamal,Ahmad Jamal
jamala-allthethingsyouare-heardjisraely-1992-5d32f8fa__00003,jamala-allthethingsyouare-heardjisraely-1992-5d32f8fa,All the Things You Are,0,Ahmad Jamal / Ahmad Jamal,1,1,data/processed/jtd_group_cv_16/audio_24k_mono/jamala-allthethingsyouare-heardjisraely-1992-5d32f8fa.wav,15.000000,10.000000,24000,1992,Ahmad Jamal,Ahmad Jamal
jamala-allthethingsyouare-heardjisraely-1992-5d32f8fa__00004,jamala-allthethingsyouare-heardjisraely-1992-5d32f8fa,All the Things You Are,0,Ahmad Jamal / Ahmad Jamal,1,1,data/processed/jtd_group_cv_16/audio_24k_mono/jamala-allthethingsyouare-heardjisraely-1992-5d32f8fa.wav,20.000000,10.000000,24000,1992,Ahmad Jamal,Ahmad Jamal
jamala-allthethingsyouare-heardjisraely-1992-5d32f8fa__00005,jamala-allthethingsyouare-heardjisraely-1992-5d32f8fa,All the Things You Are,0,Ahmad Jamal / Ahmad Jamal,1,1,data/processed/jtd_group_cv_16/audio_24k_mono/jamala-allthethingsyouare-heardjisraely-1992-5d32f8fa.wav,25.000000,10.000000,24000,1992,Ahmad Jamal,Ahmad Jamal
jamala-allthethingsyouare-heardjisraely-1992-5d32f8fa__00006,jamala-allthethingsyouare-heardjisraely-1992-5d32f8fa,All the Things You Are,0,Ahmad Jamal / Ahmad Jamal,1,1,data/processed/jtd_group_cv_16/audio_24k_mono/jamala-allthethingsyouare-heardjisraely-1992-5d32f8fa.wav,30.000000,10.000000,24000,1992,Ahmad Jamal,Ahmad Jamal
jamala-allthethingsyouare-heardjisraely-1992-5d32f8fa__00007,jamala-allthethingsyouare-heardjisraely-1992-5d32f8fa,All the Things You Are,0,Ahmad Jamal / Ahmad Jamal,1,1,data/processed/jtd_group_cv_16/audio_24k_mono/jamala-allthethingsyouare-heardjisraely-1992-5d32f8fa.wav,35.000000,10.000000,24000,1992,Ahmad Jamal,Ahmad Jamal
jamala-allthethingsyouare-heardjisraely-1992-5d32f8fa__00008,jamala-allthethingsyouare-heardjisraely-1992-5d32f8fa,All the Things You Are,0,Ahmad Jamal / Ahmad Jamal,1,1,data/processed/jtd_group_cv_16/audio_24k_mono/jamala-allthethingsyouare-heardjisraely-1992-5d32f8fa.wav,40.000000,10.000000,24000,1992,Ahmad Jamal,Ahmad Jamal
jamala-allthethingsyouare-heardjisraely-1992-5d32f8fa__00009,jamala-allthethingsyouare-heardjisraely-1992-5d32f8fa,All the Things You Are,0,Ahmad Jamal / Ahmad Jamal,1,1,data/processed/jtd_group_cv_16/audio_24k_mono/jamala-allthethingsyouare-heardjisraely-1992-5d32f8fa.wav,45.000000,10.000000,24000,1992,Ahmad Jamal,Ahmad Jamal
jamala-allthethingsyouare-heardjisraely-1992-5d32f8fa__00010,jamala-allthethingsyouare-heardjisraely-1992-5d32f8fa,All the Things You Are,0,Ahmad Jamal / Ahmad Jamal,1,1,data/processed/jtd_group_cv_16/audio_24k_mono/jamala-allthethingsyouare-heardjisraely-1992-5d32f8fa.wav,50.000000,10.000000,24000,1992,Ahmad Jamal,Ahmad Jamal
jamala-allthethingsyouare-heardjisraely-1992-5d32f8fa__00011,jamala-allthethingsyouare-heardjisraely-1992-5d32f8fa,All the Things You Are,0,Ahmad Jamal / Ahmad Jamal,1,1,data/processed/jtd_group_cv_16/audio_24k_mono/jamala-allthethingsyouare-heardjisraely-1992-5d32f8fa.wav,55.000000,10.000000,24000,1992,Ahmad Jamal,Ahmad Jamal
jamala-allthethingsyouare-heardjisraely-1992-5d32f8fa__00012,jamala-allthethingsyouare-heardjisraely-1992-5d32f8fa,All the Things You Are,0,Ahmad Jamal / Ahmad Jamal,1,1,data/processed/jtd_group_cv_16/audio_24k_mono/jamala-allthethingsyouare-heardjisraely-1992-5d32f8fa.wav,60.000000,10.000000,24000,1992,Ahmad Jamal,Ahmad Jamal
jamala-allthethingsyouare-heardjisraely-1992-5d32f8fa__00013,jamala-allthethingsyouare-heardjisraely-1992-5d32f8fa,All the Things You Are,0,Ahmad Jamal / Ahmad Jamal,1,1,data/processed/jtd_group_cv_16/audio_24k_mono/jamala-allthethingsyouare-heardjisraely-1992-5d32f8fa.wav,65.000000,10.000000,24000,1992,Ahmad Jamal,Ahmad Jamal
jamala-allthethingsyouare-heardjisraely-1992-5d32f8fa__00014,jamala-allthethingsyouare-heardjisraely-1992-5d32f8fa,All the Things You Are,0,Ahmad Jamal / Ahmad Jamal,1,1,data/processed/jtd_group_cv_16/audio_24k_mono/jamala-allthethingsyouare-heardjisraely-1992-5d32f8fa.wav,70.000000,10.000000,24000,1992,Ahmad Jamal,Ahmad Jamal
jamala-allthethingsyouare-heardjisraely-1992-5d32f8fa__00015,jamala-allthethingsyouare-heardjisraely-1992-5d32f8fa,All the Things You Are,0,Ahmad Jamal / Ahmad Jamal,1,1,data/processed/jtd_group_cv_16/audio_24k_mono/jamala-allthethingsyouare-heardjisraely-1992-5d32f8fa.wav,75.000000,10.000000,24000,1992,Ahmad Jamal,Ahmad Jamal
jamala-allthethingsyouare-heardjisraely-1992-5d32f8fa__00016,jamala-allthethingsyouare-heardjisraely-1992-5d32f8fa,All the Things You Are,0,Ahmad Jamal / Ahmad Jamal,1,1,data/processed/jtd_group_cv_16/audio_24k_mono/jamala-allthethingsyouare-heardjisraely-1992-5d32f8fa.wav,80.000000,10.000000,24000,1992,Ahmad Jamal,Ahmad Jamal
waltonc-allthethingsyouare-carterrdejohnettej-1983-2ecfa73e__00000,waltonc-allthethingsyouare-carterrdejohnettej-1983-2ecfa73e,All the Things You Are,0,Cedar Walton / Cedar Walton,0,0,data/processed/jtd_group_cv_16/audio_24k_mono/waltonc-allthethingsyouare-carterrdejohnettej-1983-2ecfa73e.wav,0.000000,10.000000,24000,1983,Cedar Walton,Cedar Walton
waltonc-allthethingsyouare-carterrdejohnettej-1983-2ecfa73e__00001,waltonc-allthethingsyouare-carterrdejohnettej-1983-2ecfa73e,All the Things You Are,0,Cedar Walton / Cedar Walton,0,0,data/processed/jtd_group_cv_16/audio_24k_mono/waltonc-allthethingsyouare-carterrdejohnettej-1983-2ecfa73e.wav,5.000000,10.000000,24000,1983,Cedar Walton,Cedar Walton
waltonc-allthethingsyouare-carterrdejohnettej-1983-2ecfa73e__00002,waltonc-allthethingsyouare-carterrdejohnettej-1983-2ecfa73e,All the Things You Are,0,Cedar Walton / Cedar Walton,0,0,data/processed/jtd_group_cv_16/audio_24k_mono/waltonc-allthethingsyouare-carterrdejohnettej-1983-2ecfa73e.wav,10.000000,10.000000,24000,1983,Cedar Walton,Cedar Walton
waltonc-allthethingsyouare-carterrdejohnettej-1983-2ecfa73e__00003,waltonc-allthethingsyouare-carterrdejohnettej-1983-2ecfa73e,All the Things You Are,0,Cedar Walton / Cedar Walton,0,0,data/processed/jtd_group_cv_16/audio_24k_mono/waltonc-allthethingsyouare-carterrdejohnettej-1983-2ecfa73e.wav,15.000000,10.000000,24000,1983,Cedar Walton,Cedar Walton
waltonc-allthethingsyouare-carterrdejohnettej-1983-2ecfa73e__00004,waltonc-allthethingsyouare-carterrdejohnettej-1983-2ecfa73e,All the Things You Are,0,Cedar Walton / Cedar Walton,0,0,data/processed/jtd_group_cv_16/audio_24k_mono/waltonc-allthethingsyouare-carterrdejohnettej-1983-2ecfa73e.wav,20.000000,10.000000,24000,1983,Cedar Walton,Cedar Walton
waltonc-allthethingsyouare-carterrdejohnettej-1983-2ecfa73e__00005,waltonc-allthethingsyouare-carterrdejohnettej-1983-2ecfa73e,All the Things You Are,0,Cedar Walton / Cedar Walton,0,0,data/processed/jtd_group_cv_16/audio_24k_mono/waltonc-allthethingsyouare-carterrdejohnettej-1983-2ecfa73e.wav,25.000000,10.000000,24000,1983,Cedar Walton,Cedar Walton
waltonc-allthethingsyouare-carterrdejohnettej-1983-2ecfa73e__00006,waltonc-allthethingsyouare-carterrdejohnettej-1983-2ecfa73e,All the Things You Are,0,Cedar Walton / Cedar Walton,0,0,data/processed/jtd_group_cv_16/audio_24k_mono/waltonc-allthethingsyouare-carterrdejohnettej-1983-2ecfa73e.wav,30.000000,10.000000,24000,1983,Cedar Walton,Cedar Walton
waltonc-allthethingsyouare-carterrdejohnettej-1983-2ecfa73e__00007,waltonc-allthethingsyouare-carterrdejohnettej-1983-2ecfa73e,All the Things You Are,0,Cedar Walton / Cedar Walton,0,0,data/processed/jtd_group_cv_16/audio_24k_mono/waltonc-allthethingsyouare-carterrdejohnettej-1983-2ecfa73e.wav,35.000000,10.000000,24000,1983,Cedar Walton,Cedar Walton
waltonc-allthethingsyouare-carterrdejohnettej-1983-2ecfa73e__00008,waltonc-allthethingsyouare-carterrdejohnettej-1983-2ecfa73e,All the Things You Are,0,Cedar Walton / Cedar Walton,0,0,data/processed/jtd_group_cv_16/audio_24k_mono/waltonc-allthethingsyouare-carterrdejohnettej-1983-2ecfa73e.wav,40.000000,10.000000,24000,1983,Cedar Walton,Cedar Walton
waltonc-allthethingsyouare-carterrdejohnettej-1983-2ecfa73e__00009,waltonc-allthethingsyouare-carterrdejohnettej-1983-2ecfa73e,All the Things You Are,0,Cedar Walton / Cedar Walton,0,0,data/processed/jtd_group_cv_16/audio_24k_mono/waltonc-allthethingsyouare-carterrdejohnettej-1983-2ecfa73e.wav,45.000000,10.000000,24000,1983,Cedar Walton,Cedar Walton
waltonc-allthethingsyouare-carterrdejohnettej-1983-2ecfa73e__00010,waltonc-allthethingsyouare-carterrdejohnettej-1983-2ecfa73e,All the Things You Are,0,Cedar Walton / Cedar Walton,0,0,data/processed/jtd_group_cv_16/audio_24k_mono/waltonc-allthethingsyouare-carterrdejohnettej-1983-2ecfa73e.wav,50.000000,10.000000,24000,1983,Cedar Walton,Cedar Walton
waltonc-allthethingsyouare-carterrdejohnettej-1983-2ecfa73e__00011,waltonc-allthethingsyouare-carterrdejohnettej-1983-2ecfa73e,All the Things You Are,0,Cedar Walton / Cedar Walton,0,0,data/processed/jtd_group_cv_16/audio_24k_mono/waltonc-allthethingsyouare-carterrdejohnettej-1983-2ecfa73e.wav,55.000000,10.000000,24000,1983,Cedar Walton,Cedar Walton
waltonc-allthethingsyouare-carterrdejohnettej-1983-2ecfa73e__00012,waltonc-allthethingsyouare-carterrdejohnettej-1983-2ecfa73e,All the Things You Are,0,Cedar Walton / Cedar Walton,0,0,data/processed/jtd_group_cv_16/audio_24k_mono/waltonc-allthethingsyouare-carterrdejohnettej-1983-2ecfa73e.wav,60.000000,10.000000,24000,1983,Cedar Walton,Cedar Walton
waltonc-allthethingsyouare-carterrdejohnettej-1983-2ecfa73e__00013,waltonc-allthethingsyouare-carterrdejohnettej-1983-2ecfa73e,All the Things You Are,0,Cedar Walton / Cedar Walton,0,0,data/processed/jtd_group_cv_16/audio_24k_mono/waltonc-allthethingsyouare-carterrdejohnettej-1983-2ecfa73e.wav,65.000000,10.000000,24000,1983,Cedar Walton,Cedar Walton
waltonc-allthethingsyouare-carterrdejohnettej-1983-2ecfa73e__00014,waltonc-allthethingsyouare-carterrdejohnettej-1983-2ecfa73e,All the Things You Are,0,Cedar Walton / Cedar Walton,0,0,data/processed/jtd_group_cv_16/audio_24k_mono/waltonc-allthethingsyouare-carterrdejohnettej-1983-2ecfa73e.wav,70.000000,10.000000,24000,1983,Cedar Walton,Cedar Walton
waltonc-allthethingsyouare-carterrdejohnettej-1983-2ecfa73e__00015,waltonc-allthethingsyouare-carterrdejohnettej-1983-2ecfa73e,All the Things You Are,0,Cedar Walton / Cedar Walton,0,0,data/processed/jtd_group_cv_16/audio_24k_mono/waltonc-allthethingsyouare-carterrdejohnettej-1983-2ecfa73e.wav,75.000000,10.000000,24000,1983,Cedar Walton,Cedar Walton
waltonc-allthethingsyouare-carterrdejohnettej-1983-2ecfa73e__00016,waltonc-allthethingsyouare-carterrdejohnettej-1983-2ecfa73e,All the Things You Are,0,Cedar Walton / Cedar Walton,0,0,data/processed/jtd_group_cv_16/audio_24k_mono/waltonc-allthethingsyouare-carterrdejohnettej-1983-2ecfa73e.wav,80.000000,10.000000,24000,1983,Cedar Walton,Cedar Walton
waltonc-allthethingsyouare-carterrdejohnettej-1983-2ecfa73e__00017,waltonc-allthethingsyouare-carterrdejohnettej-1983-2ecfa73e,All the Things You Are,0,Cedar Walton / Cedar Walton,0,0,data/processed/jtd_group_cv_16/audio_24k_mono/waltonc-allthethingsyouare-carterrdejohnettej-1983-2ecfa73e.wav,85.000000,10.000000,24000,1983,Cedar Walton,Cedar Walton
waltonc-allthethingsyouare-carterrdejohnettej-1983-2ecfa73e__00018,waltonc-allthethingsyouare-carterrdejohnettej-1983-2ecfa73e,All the Things You Are,0,Cedar Walton / Cedar Walton,0,0,data/processed/jtd_group_cv_16/audio_24k_mono/waltonc-allthethingsyouare-carterrdejohnettej-1983-2ecfa73e.wav,90.000000,10.000000,24000,1983,Cedar Walton,Cedar Walton
waltonc-allthethingsyouare-carterrdejohnettej-1983-2ecfa73e__00019,waltonc-allthethingsyouare-carterrdejohnettej-1983-2ecfa73e,All the Things You Are,0,Cedar Walton / Cedar Walton,0,0,data/processed/jtd_group_cv_16/audio_24k_mono/waltonc-allthethingsyouare-carterrdejohnettej-1983-2ecfa73e.wav,95.000000,10.000000,24000,1983,Cedar Walton,Cedar Walton
waltonc-allthethingsyouare-carterrdejohnettej-1983-2ecfa73e__00020,waltonc-allthethingsyouare-carterrdejohnettej-1983-2ecfa73e,All the Things You Are,0,Cedar Walton / Cedar Walton,0,0,data/processed/jtd_group_cv_16/audio_24k_mono/waltonc-allthethingsyouare-carterrdejohnettej-1983-2ecfa73e.wav,100.000000,10.000000,24000,1983,Cedar Walton,Cedar Walton
waltonc-allthethingsyouare-carterrdejohnettej-1983-2ecfa73e__00021,waltonc-allthethingsyouare-carterrdejohnettej-1983-2ecfa73e,All the Things You Are,0,Cedar Walton / Cedar Walton,0,0,data/processed/jtd_group_cv_16/audio_24k_mono/waltonc-allthethingsyouare-carterrdejohnettej-1983-2ecfa73e.wav,105.000000,10.000000,24000,1983,Cedar Walton,Cedar Walton
waltonc-allthethingsyouare-carterrdejohnettej-1983-2ecfa73e__00022,waltonc-allthethingsyouare-carterrdejohnettej-1983-2ecfa73e,All the Things You Are,0,Cedar Walton / Cedar Walton,0,0,data/processed/jtd_group_cv_16/audio_24k_mono/waltonc-allthethingsyouare-carterrdejohnettej-1983-2ecfa73e.wav,110.000000,10.000000,24000,1983,Cedar Walton,Cedar Walton
waltonc-allthethingsyouare-carterrdejohnettej-1983-2ecfa73e__00023,waltonc-allthethingsyouare-carterrdejohnettej-1983-2ecfa73e,All the Things You Are,0,Cedar Walton / Cedar Walton,0,0,data/processed/jtd_group_cv_16/audio_24k_mono/waltonc-allthethingsyouare-carterrdejohnettej-1983-2ecfa73e.wav,115.000000,10.000000,24000,1983,Cedar Walton,Cedar Walton
waltonc-allthethingsyouare-carterrdejohnettej-1983-2ecfa73e__00024,waltonc-allthethingsyouare-carterrdejohnettej-1983-2ecfa73e,All the Things You Are,0,Cedar Walton / Cedar Walton,0,0,data/processed/jtd_group_cv_16/audio_24k_mono/waltonc-allthethingsyouare-carterrdejohnettej-1983-2ecfa73e.wav,120.000000,10.000000,24000,1983,Cedar Walton,Cedar Walton
waltonc-allthethingsyouare-carterrdejohnettej-1983-2ecfa73e__00025,waltonc-allthethingsyouare-carterrdejohnettej-1983-2ecfa73e,All the Things You Are,0,Cedar Walton / Cedar Walton,0,0,data/processed/jtd_group_cv_16/audio_24k_mono/waltonc-allthethingsyouare-carterrdejohnettej-1983-2ecfa73e.wav,125.000000,10.000000,24000,1983,Cedar Walton,Cedar Walton
waltonc-allthethingsyouare-carterrdejohnettej-1983-2ecfa73e__00026,waltonc-allthethingsyouare-carterrdejohnettej-1983-2ecfa73e,All the Things You Are,0,Cedar Walton / Cedar Walton,0,0,data/processed/jtd_group_cv_16/audio_24k_mono/waltonc-allthethingsyouare-carterrdejohnettej-1983-2ecfa73e.wav,130.000000,10.000000,24000,1983,Cedar Walton,Cedar Walton
waltonc-allthethingsyouare-carterrdejohnettej-1983-2ecfa73e__00027,waltonc-allthethingsyouare-carterrdejohnettej-1983-2ecfa73e,All the Things You Are,0,Cedar Walton / Cedar Walton,0,0,data/processed/jtd_group_cv_16/audio_24k_mono/waltonc-allthethingsyouare-carterrdejohnettej-1983-2ecfa73e.wav,135.000000,10.000000,24000,1983,Cedar Walton,Cedar Walton
jarrettk-allthethingsyouare-peacockgdejohnettej-1989-c82aab89__00000,jarrettk-allthethingsyouare-peacockgdejohnettej-1989-c82aab89,All the Things You Are,0,Keith Jarrett / Keith Jarrett,3,3,data/processed/jtd_group_cv_16/audio_24k_mono/jarrettk-allthethingsyouare-peacockgdejohnettej-1989-c82aab89.wav,0.000000,10.000000,24000,1989,Keith Jarrett,Keith Jarrett
jarrettk-allthethingsyouare-peacockgdejohnettej-1989-c82aab89__00001,jarrettk-allthethingsyouare-peacockgdejohnettej-1989-c82aab89,All the Things You Are,0,Keith Jarrett / Keith Jarrett,3,3,data/processed/jtd_group_cv_16/audio_24k_mono/jarrettk-allthethingsyouare-peacockgdejohnettej-1989-c82aab89.wav,5.000000,10.000000,24000,1989,Keith Jarrett,Keith Jarrett
jarrettk-allthethingsyouare-peacockgdejohnettej-1989-c82aab89__00002,jarrettk-allthethingsyouare-peacockgdejohnettej-1989-c82aab89,All the Things You Are,0,Keith Jarrett / Keith Jarrett,3,3,data/processed/jtd_group_cv_16/audio_24k_mono/jarrettk-allthethingsyouare-peacockgdejohnettej-1989-c82aab89.wav,10.000000,10.000000,24000,1989,Keith Jarrett,Keith Jarrett
jarrettk-allthethingsyouare-peacockgdejohnettej-1989-c82aab89__00003,jarrettk-allthethingsyouare-peacockgdejohnettej-1989-c82aab89,All the Things You Are,0,Keith Jarrett / Keith Jarrett,3,3,data/processed/jtd_group_cv_16/audio_24k_mono/jarrettk-allthethingsyouare-peacockgdejohnettej-1989-c82aab89.wav,15.000000,10.000000,24000,1989,Keith Jarrett,Keith Jarrett
jarrettk-allthethingsyouare-peacockgdejohnettej-1989-c82aab89__00004,jarrettk-allthethingsyouare-peacockgdejohnettej-1989-c82aab89,All the Things You Are,0,Keith Jarrett / Keith Jarrett,3,3,data/processed/jtd_group_cv_16/audio_24k_mono/jarrettk-allthethingsyouare-peacockgdejohnettej-1989-c82aab89.wav,20.000000,10.000000,24000,1989,Keith Jarrett,Keith Jarrett
jarrettk-allthethingsyouare-peacockgdejohnettej-1989-c82aab89__00005,jarrettk-allthethingsyouare-peacockgdejohnettej-1989-c82aab89,All the Things You Are,0,Keith Jarrett / Keith Jarrett,3,3,data/processed/jtd_group_cv_16/audio_24k_mono/jarrettk-allthethingsyouare-peacockgdejohnettej-1989-c82aab89.wav,25.000000,10.000000,24000,1989,Keith Jarrett,Keith Jarrett
jarrettk-allthethingsyouare-peacockgdejohnettej-1989-c82aab89__00006,jarrettk-allthethingsyouare-peacockgdejohnettej-1989-c82aab89,All the Things You Are,0,Keith Jarrett / Keith Jarrett,3,3,data/processed/jtd_group_cv_16/audio_24k_mono/jarrettk-allthethingsyouare-peacockgdejohnettej-1989-c82aab89.wav,30.000000,10.000000,24000,1989,Keith Jarrett,Keith Jarrett
jarrettk-allthethingsyouare-peacockgdejohnettej-1989-c82aab89__00007,jarrettk-allthethingsyouare-peacockgdejohnettej-1989-c82aab89,All the Things You Are,0,Keith Jarrett / Keith Jarrett,3,3,data/processed/jtd_group_cv_16/audio_24k_mono/jarrettk-allthethingsyouare-peacockgdejohnettej-1989-c82aab89.wav,35.000000,10.000000,24000,1989,Keith Jarrett,Keith Jarrett
jarrettk-allthethingsyouare-peacockgdejohnettej-1989-c82aab89__00008,jarrettk-allthethingsyouare-peacockgdejohnettej-1989-c82aab89,All the Things You Are,0,Keith Jarrett / Keith Jarrett,3,3,data/processed/jtd_group_cv_16/audio_24k_mono/jarrettk-allthethingsyouare-peacockgdejohnettej-1989-c82aab89.wav,40.000000,10.000000,24000,1989,Keith Jarrett,Keith Jarrett
jarrettk-allthethingsyouare-peacockgdejohnettej-1989-c82aab89__00009,jarrettk-allthethingsyouare-peacockgdejohnettej-1989-c82aab89,All the Things You Are,0,Keith Jarrett / Keith Jarrett,3,3,data/processed/jtd_group_cv_16/audio_24k_mono/jarrettk-allthethingsyouare-peacockgdejohnettej-1989-c82aab89.wav,45.000000,10.000000,24000,1989,Keith Jarrett,Keith Jarrett
jarrettk-allthethingsyouare-peacockgdejohnettej-1989-c82aab89__00010,jarrettk-allthethingsyouare-peacockgdejohnettej-1989-c82aab89,All the Things You Are,0,Keith Jarrett / Keith Jarrett,3,3,data/processed/jtd_group_cv_16/audio_24k_mono/jarrettk-allthethingsyouare-peacockgdejohnettej-1989-c82aab89.wav,50.000000,10.000000,24000,1989,Keith Jarrett,Keith Jarrett
jarrettk-allthethingsyouare-peacockgdejohnettej-1989-c82aab89__00011,jarrettk-allthethingsyouare-peacockgdejohnettej-1989-c82aab89,All the Things You Are,0,Keith Jarrett / Keith Jarrett,3,3,data/processed/jtd_group_cv_16/audio_24k_mono/jarrettk-allthethingsyouare-peacockgdejohnettej-1989-c82aab89.wav,55.000000,10.000000,24000,1989,Keith Jarrett,Keith Jarrett
jarrettk-allthethingsyouare-peacockgdejohnettej-1989-c82aab89__00012,jarrettk-allthethingsyouare-peacockgdejohnettej-1989-c82aab89,All the Things You Are,0,Keith Jarrett / Keith Jarrett,3,3,data/processed/jtd_group_cv_16/audio_24k_mono/jarrettk-allthethingsyouare-peacockgdejohnettej-1989-c82aab89.wav,60.000000,10.000000,24000,1989,Keith Jarrett,Keith Jarrett
jarrettk-allthethingsyouare-peacockgdejohnettej-1989-c82aab89__00013,jarrettk-allthethingsyouare-peacockgdejohnettej-1989-c82aab89,All the Things You Are,0,Keith Jarrett / Keith Jarrett,3,3,data/processed/jtd_group_cv_16/audio_24k_mono/jarrettk-allthethingsyouare-peacockgdejohnettej-1989-c82aab89.wav,65.000000,10.000000,24000,1989,Keith Jarrett,Keith Jarrett
jarrettk-allthethingsyouare-peacockgdejohnettej-1989-c82aab89__00014,jarrettk-allthethingsyouare-peacockgdejohnettej-1989-c82aab89,All the Things You Are,0,Keith Jarrett / Keith Jarrett,3,3,data/processed/jtd_group_cv_16/audio_24k_mono/jarrettk-allthethingsyouare-peacockgdejohnettej-1989-c82aab89.wav,70.000000,10.000000,24000,1989,Keith Jarrett,Keith Jarrett
jarrettk-allthethingsyouare-peacockgdejohnettej-1989-c82aab89__00015,jarrettk-allthethingsyouare-peacockgdejohnettej-1989-c82aab89,All the Things You Are,0,Keith Jarrett / Keith Jarrett,3,3,data/processed/jtd_group_cv_16/audio_24k_mono/jarrettk-allthethingsyouare-peacockgdejohnettej-1989-c82aab89.wav,75.000000,10.000000,24000,1989,Keith Jarrett,Keith Jarrett
jarrettk-allthethingsyouare-peacockgdejohnettej-1989-c82aab89__00016,jarrettk-allthethingsyouare-peacockgdejohnettej-1989-c82aab89,All the Things You Are,0,Keith Jarrett / Keith Jarrett,3,3,data/processed/jtd_group_cv_16/audio_24k_mono/jarrettk-allthethingsyouare-peacockgdejohnettej-1989-c82aab89.wav,80.000000,10.000000,24000,1989,Keith Jarrett,Keith Jarrett
jarrettk-allthethingsyouare-peacockgdejohnettej-1989-c82aab89__00017,jarrettk-allthethingsyouare-peacockgdejohnettej-1989-c82aab89,All the Things You Are,0,Keith Jarrett / Keith Jarrett,3,3,data/processed/jtd_group_cv_16/audio_24k_mono/jarrettk-allthethingsyouare-peacockgdejohnettej-1989-c82aab89.wav,85.000000,10.000000,24000,1989,Keith Jarrett,Keith Jarrett
jarrettk-allthethingsyouare-peacockgdejohnettej-1989-c82aab89__00018,jarrettk-allthethingsyouare-peacockgdejohnettej-1989-c82aab89,All the Things You Are,0,Keith Jarrett / Keith Jarrett,3,3,data/processed/jtd_group_cv_16/audio_24k_mono/jarrettk-allthethingsyouare-peacockgdejohnettej-1989-c82aab89.wav,90.000000,10.000000,24000,1989,Keith Jarrett,Keith Jarrett
jarrettk-allthethingsyouare-peacockgdejohnettej-1989-c82aab89__00019,jarrettk-allthethingsyouare-peacockgdejohnettej-1989-c82aab89,All the Things You Are,0,Keith Jarrett / Keith Jarrett,3,3,data/processed/jtd_group_cv_16/audio_24k_mono/jarrettk-allthethingsyouare-peacockgdejohnettej-1989-c82aab89.wav,95.000000,10.000000,24000,1989,Keith Jarrett,Keith Jarrett
jarrettk-allthethingsyouare-peacockgdejohnettej-1989-c82aab89__00020,jarrettk-allthethingsyouare-peacockgdejohnettej-1989-c82aab89,All the Things You Are,0,Keith Jarrett / Keith Jarrett,3,3,data/processed/jtd_group_cv_16/audio_24k_mono/jarrettk-allthethingsyouare-peacockgdejohnettej-1989-c82aab89.wav,100.000000,10.000000,24000,1989,Keith Jarrett,Keith Jarrett
jarrettk-allthethingsyouare-peacockgdejohnettej-1989-c82aab89__00021,jarrettk-allthethingsyouare-peacockgdejohnettej-1989-c82aab89,All the Things You Are,0,Keith Jarrett / Keith Jarrett,3,3,data/processed/jtd_group_cv_16/audio_24k_mono/jarrettk-allthethingsyouare-peacockgdejohnettej-1989-c82aab89.wav,105.000000,10.000000,24000,1989,Keith Jarrett,Keith Jarrett
jarrettk-allthethingsyouare-peacockgdejohnettej-1989-c82aab89__00022,jarrettk-allthethingsyouare-peacockgdejohnettej-1989-c82aab89,All the Things You Are,0,Keith Jarrett / Keith Jarrett,3,3,data/processed/jtd_group_cv_16/audio_24k_mono/jarrettk-allthethingsyouare-peacockgdejohnettej-1989-c82aab89.wav,110.000000,10.000000,24000,1989,Keith Jarrett,Keith Jarrett
jarrettk-allthethingsyouare-peacockgdejohnettej-1989-c82aab89__00023,jarrettk-allthethingsyouare-peacockgdejohnettej-1989-c82aab89,All the Things You Are,0,Keith Jarrett / Keith Jarrett,3,3,data/processed/jtd_group_cv_16/audio_24k_mono/jarrettk-allthethingsyouare-peacockgdejohnettej-1989-c82aab89.wav,115.000000,10.000000,24000,1989,Keith Jarrett,Keith Jarrett
jarrettk-allthethingsyouare-peacockgdejohnettej-1989-c82aab89__00024,jarrettk-allthethingsyouare-peacockgdejohnettej-1989-c82aab89,All the Things You Are,0,Keith Jarrett / Keith Jarrett,3,3,data/processed/jtd_group_cv_16/audio_24k_mono/jarrettk-allthethingsyouare-peacockgdejohnettej-1989-c82aab89.wav,120.000000,10.000000,24000,1989,Keith Jarrett,Keith Jarrett
jarrettk-allthethingsyouare-peacockgdejohnettej-1989-c82aab89__00025,jarrettk-allthethingsyouare-peacockgdejohnettej-1989-c82aab89,All the Things You Are,0,Keith Jarrett / Keith Jarrett,3,3,data/processed/jtd_group_cv_16/audio_24k_mono/jarrettk-allthethingsyouare-peacockgdejohnettej-1989-c82aab89.wav,125.000000,10.000000,24000,1989,Keith Jarrett,Keith Jarrett
jarrettk-allthethingsyouare-peacockgdejohnettej-1989-c82aab89__00026,jarrettk-allthethingsyouare-peacockgdejohnettej-1989-c82aab89,All the Things You Are,0,Keith Jarrett / Keith Jarrett,3,3,data/processed/jtd_group_cv_16/audio_24k_mono/jarrettk-allthethingsyouare-peacockgdejohnettej-1989-c82aab89.wav,130.000000,10.000000,24000,1989,Keith Jarrett,Keith Jarrett
jarrettk-allthethingsyouare-peacockgdejohnettej-1989-c82aab89__00027,jarrettk-allthethingsyouare-peacockgdejohnettej-1989-c82aab89,All the Things You Are,0,Keith Jarrett / Keith Jarrett,3,3,data/processed/jtd_group_cv_16/audio_24k_mono/jarrettk-allthethingsyouare-peacockgdejohnettej-1989-c82aab89.wav,135.000000,10.000000,24000,1989,Keith Jarrett,Keith Jarrett
jarrettk-allthethingsyouare-peacockgdejohnettej-1989-c82aab89__00028,jarrettk-allthethingsyouare-peacockgdejohnettej-1989-c82aab89,All the Things You Are,0,Keith Jarrett / Keith Jarrett,3,3,data/processed/jtd_group_cv_16/audio_24k_mono/jarrettk-allthethingsyouare-peacockgdejohnettej-1989-c82aab89.wav,140.000000,10.000000,24000,1989,Keith Jarrett,Keith Jarrett
jarrettk-allthethingsyouare-peacockgdejohnettej-1989-c82aab89__00029,jarrettk-allthethingsyouare-peacockgdejohnettej-1989-c82aab89,All the Things You Are,0,Keith Jarrett / Keith Jarrett,3,3,data/processed/jtd_group_cv_16/audio_24k_mono/jarrettk-allthethingsyouare-peacockgdejohnettej-1989-c82aab89.wav,145.000000,10.000000,24000,1989,Keith Jarrett,Keith Jarrett
jarrettk-allthethingsyouare-peacockgdejohnettej-1989-c82aab89__00030,jarrettk-allthethingsyouare-peacockgdejohnettej-1989-c82aab89,All the Things You Are,0,Keith Jarrett / Keith Jarrett,3,3,data/processed/jtd_group_cv_16/audio_24k_mono/jarrettk-allthethingsyouare-peacockgdejohnettej-1989-c82aab89.wav,150.000000,10.000000,24000,1989,Keith Jarrett,Keith Jarrett
jarrettk-allthethingsyouare-peacockgdejohnettej-1989-c82aab89__00031,jarrettk-allthethingsyouare-peacockgdejohnettej-1989-c82aab89,All the Things You Are,0,Keith Jarrett / Keith Jarrett,3,3,data/processed/jtd_group_cv_16/audio_24k_mono/jarrettk-allthethingsyouare-peacockgdejohnettej-1989-c82aab89.wav,155.000000,10.000000,24000,1989,Keith Jarrett,Keith Jarrett
jarrettk-allthethingsyouare-peacockgdejohnettej-1989-c82aab89__00032,jarrettk-allthethingsyouare-peacockgdejohnettej-1989-c82aab89,All the Things You Are,0,Keith Jarrett / Keith Jarrett,3,3,data/processed/jtd_group_cv_16/audio_24k_mono/jarrettk-allthethingsyouare-peacockgdejohnettej-1989-c82aab89.wav,160.000000,10.000000,24000,1989,Keith Jarrett,Keith Jarrett
jarrettk-allthethingsyouare-peacockgdejohnettej-1989-c82aab89__00033,jarrettk-allthethingsyouare-peacockgdejohnettej-1989-c82aab89,All the Things You Are,0,Keith Jarrett / Keith Jarrett,3,3,data/processed/jtd_group_cv_16/audio_24k_mono/jarrettk-allthethingsyouare-peacockgdejohnettej-1989-c82aab89.wav,165.000000,10.000000,24000,1989,Keith Jarrett,Keith Jarrett
bleyp-allthethingsyouare-lundgaardjhartb-1985-258273cb__00000,bleyp-allthethingsyouare-lundgaardjhartb-1985-258273cb,All the Things You Are,0,Paul Bley / Paul Bley,2,2,data/processed/jtd_group_cv_16/audio_24k_mono/bleyp-allthethingsyouare-lundgaardjhartb-1985-258273cb.wav,0.000000,10.000000,24000,1985,Paul Bley,Paul Bley
bleyp-allthethingsyouare-lundgaardjhartb-1985-258273cb__00001,bleyp-allthethingsyouare-lundgaardjhartb-1985-258273cb,All the Things You Are,0,Paul Bley / Paul Bley,2,2,data/processed/jtd_group_cv_16/audio_24k_mono/bleyp-allthethingsyouare-lundgaardjhartb-1985-258273cb.wav,5.000000,10.000000,24000,1985,Paul Bley,Paul Bley
bleyp-allthethingsyouare-lundgaardjhartb-1985-258273cb__00002,bleyp-allthethingsyouare-lundgaardjhartb-1985-258273cb,All the Things You Are,0,Paul Bley / Paul Bley,2,2,data/processed/jtd_group_cv_16/audio_24k_mono/bleyp-allthethingsyouare-lundgaardjhartb-1985-258273cb.wav,10.000000,10.000000,24000,1985,Paul Bley,Paul Bley
bleyp-allthethingsyouare-lundgaardjhartb-1985-258273cb__00003,bleyp-allthethingsyouare-lundgaardjhartb-1985-258273cb,All the Things You Are,0,Paul Bley / Paul Bley,2,2,data/processed/jtd_group_cv_16/audio_24k_mono/bleyp-allthethingsyouare-lundgaardjhartb-1985-258273cb.wav,15.000000,10.000000,24000,1985,Paul Bley,Paul Bley
bleyp-allthethingsyouare-lundgaardjhartb-1985-258273cb__00004,bleyp-allthethingsyouare-lundgaardjhartb-1985-258273cb,All the Things You Are,0,Paul Bley / Paul Bley,2,2,data/processed/jtd_group_cv_16/audio_24k_mono/bleyp-allthethingsyouare-lundgaardjhartb-1985-258273cb.wav,20.000000,10.000000,24000,1985,Paul Bley,Paul Bley
bleyp-allthethingsyouare-lundgaardjhartb-1985-258273cb__00005,bleyp-allthethingsyouare-lundgaardjhartb-1985-258273cb,All the Things You Are,0,Paul Bley / Paul Bley,2,2,data/processed/jtd_group_cv_16/audio_24k_mono/bleyp-allthethingsyouare-lundgaardjhartb-1985-258273cb.wav,25.000000,10.000000,24000,1985,Paul Bley,Paul Bley
bleyp-allthethingsyouare-lundgaardjhartb-1985-258273cb__00006,bleyp-allthethingsyouare-lundgaardjhartb-1985-258273cb,All the Things You Are,0,Paul Bley / Paul Bley,2,2,data/processed/jtd_group_cv_16/audio_24k_mono/bleyp-allthethingsyouare-lundgaardjhartb-1985-258273cb.wav,30.000000,10.000000,24000,1985,Paul Bley,Paul Bley
bleyp-allthethingsyouare-lundgaardjhartb-1985-258273cb__00007,bleyp-allthethingsyouare-lundgaardjhartb-1985-258273cb,All the Things You Are,0,Paul Bley / Paul Bley,2,2,data/processed/jtd_group_cv_16/audio_24k_mono/bleyp-allthethingsyouare-lundgaardjhartb-1985-258273cb.wav,35.000000,10.000000,24000,1985,Paul Bley,Paul Bley
bleyp-allthethingsyouare-lundgaardjhartb-1985-258273cb__00008,bleyp-allthethingsyouare-lundgaardjhartb-1985-258273cb,All the Things You Are,0,Paul Bley / Paul Bley,2,2,data/processed/jtd_group_cv_16/audio_24k_mono/bleyp-allthethingsyouare-lundgaardjhartb-1985-258273cb.wav,40.000000,10.000000,24000,1985,Paul Bley,Paul Bley
bleyp-allthethingsyouare-lundgaardjhartb-1985-258273cb__00009,bleyp-allthethingsyouare-lundgaardjhartb-1985-258273cb,All the Things You Are,0,Paul Bley / Paul Bley,2,2,data/processed/jtd_group_cv_16/audio_24k_mono/bleyp-allthethingsyouare-lundgaardjhartb-1985-258273cb.wav,45.000000,10.000000,24000,1985,Paul Bley,Paul Bley
bleyp-allthethingsyouare-lundgaardjhartb-1985-258273cb__00010,bleyp-allthethingsyouare-lundgaardjhartb-1985-258273cb,All the Things You Are,0,Paul Bley / Paul Bley,2,2,data/processed/jtd_group_cv_16/audio_24k_mono/bleyp-allthethingsyouare-lundgaardjhartb-1985-258273cb.wav,50.000000,10.000000,24000,1985,Paul Bley,Paul Bley
bleyp-allthethingsyouare-lundgaardjhartb-1985-258273cb__00011,bleyp-allthethingsyouare-lundgaardjhartb-1985-258273cb,All the Things You Are,0,Paul Bley / Paul Bley,2,2,data/processed/jtd_group_cv_16/audio_24k_mono/bleyp-allthethingsyouare-lundgaardjhartb-1985-258273cb.wav,55.000000,10.000000,24000,1985,Paul Bley,Paul Bley
bleyp-allthethingsyouare-lundgaardjhartb-1985-258273cb__00012,bleyp-allthethingsyouare-lundgaardjhartb-1985-258273cb,All the Things You Are,0,Paul Bley / Paul Bley,2,2,data/processed/jtd_group_cv_16/audio_24k_mono/bleyp-allthethingsyouare-lundgaardjhartb-1985-258273cb.wav,60.000000,10.000000,24000,1985,Paul Bley,Paul Bley
bleyp-allthethingsyouare-lundgaardjhartb-1985-258273cb__00013,bleyp-allthethingsyouare-lundgaardjhartb-1985-258273cb,All the Things You Are,0,Paul Bley / Paul Bley,2,2,data/processed/jtd_group_cv_16/audio_24k_mono/bleyp-allthethingsyouare-lundgaardjhartb-1985-258273cb.wav,65.000000,10.000000,24000,1985,Paul Bley,Paul Bley
bleyp-allthethingsyouare-lundgaardjhartb-1985-258273cb__00014,bleyp-allthethingsyouare-lundgaardjhartb-1985-258273cb,All the Things You Are,0,Paul Bley / Paul Bley,2,2,data/processed/jtd_group_cv_16/audio_24k_mono/bleyp-allthethingsyouare-lundgaardjhartb-1985-258273cb.wav,70.000000,10.000000,24000,1985,Paul Bley,Paul Bley
evansb-autumnleaves-johnsonmlabarberaj-1980-902d3125__00000,evansb-autumnleaves-johnsonmlabarberaj-1980-902d3125,Autumn Leaves,1,Bill Evans / Bill Evans,1,1,data/processed/jtd_group_cv_16/audio_24k_mono/evansb-autumnleaves-johnsonmlabarberaj-1980-902d3125.wav,0.000000,10.000000,24000,1980,Bill Evans,Bill Evans
evansb-autumnleaves-johnsonmlabarberaj-1980-902d3125__00001,evansb-autumnleaves-johnsonmlabarberaj-1980-902d3125,Autumn Leaves,1,Bill Evans / Bill Evans,1,1,data/processed/jtd_group_cv_16/audio_24k_mono/evansb-autumnleaves-johnsonmlabarberaj-1980-902d3125.wav,5.000000,10.000000,24000,1980,Bill Evans,Bill Evans
evansb-autumnleaves-johnsonmlabarberaj-1980-902d3125__00002,evansb-autumnleaves-johnsonmlabarberaj-1980-902d3125,Autumn Leaves,1,Bill Evans / Bill Evans,1,1,data/processed/jtd_group_cv_16/audio_24k_mono/evansb-autumnleaves-johnsonmlabarberaj-1980-902d3125.wav,10.000000,10.000000,24000,1980,Bill Evans,Bill Evans
evansb-autumnleaves-johnsonmlabarberaj-1980-902d3125__00003,evansb-autumnleaves-johnsonmlabarberaj-1980-902d3125,Autumn Leaves,1,Bill Evans / Bill Evans,1,1,data/processed/jtd_group_cv_16/audio_24k_mono/evansb-autumnleaves-johnsonmlabarberaj-1980-902d3125.wav,15.000000,10.000000,24000,1980,Bill Evans,Bill Evans
evansb-autumnleaves-johnsonmlabarberaj-1980-902d3125__00004,evansb-autumnleaves-johnsonmlabarberaj-1980-902d3125,Autumn Leaves,1,Bill Evans / Bill Evans,1,1,data/processed/jtd_group_cv_16/audio_24k_mono/evansb-autumnleaves-johnsonmlabarberaj-1980-902d3125.wav,20.000000,10.000000,24000,1980,Bill Evans,Bill Evans
evansb-autumnleaves-johnsonmlabarberaj-1980-902d3125__00005,evansb-autumnleaves-johnsonmlabarberaj-1980-902d3125,Autumn Leaves,1,Bill Evans / Bill Evans,1,1,data/processed/jtd_group_cv_16/audio_24k_mono/evansb-autumnleaves-johnsonmlabarberaj-1980-902d3125.wav,25.000000,10.000000,24000,1980,Bill Evans,Bill Evans
evansb-autumnleaves-johnsonmlabarberaj-1980-902d3125__00006,evansb-autumnleaves-johnsonmlabarberaj-1980-902d3125,Autumn Leaves,1,Bill Evans / Bill Evans,1,1,data/processed/jtd_group_cv_16/audio_24k_mono/evansb-autumnleaves-johnsonmlabarberaj-1980-902d3125.wav,30.000000,10.000000,24000,1980,Bill Evans,Bill Evans
evansb-autumnleaves-johnsonmlabarberaj-1980-902d3125__00007,evansb-autumnleaves-johnsonmlabarberaj-1980-902d3125,Autumn Leaves,1,Bill Evans / Bill Evans,1,1,data/processed/jtd_group_cv_16/audio_24k_mono/evansb-autumnleaves-johnsonmlabarberaj-1980-902d3125.wav,35.000000,10.000000,24000,1980,Bill Evans,Bill Evans
coreac-autumnleaves-patituccijweckld-1989-9f758273__00000,coreac-autumnleaves-patituccijweckld-1989-9f758273,Autumn Leaves,1,Chick Corea / Chick Corea,2,2,data/processed/jtd_group_cv_16/audio_24k_mono/coreac-autumnleaves-patituccijweckld-1989-9f758273.wav,0.000000,10.000000,24000,1989,Chick Corea,Chick Corea
coreac-autumnleaves-patituccijweckld-1989-9f758273__00001,coreac-autumnleaves-patituccijweckld-1989-9f758273,Autumn Leaves,1,Chick Corea / Chick Corea,2,2,data/processed/jtd_group_cv_16/audio_24k_mono/coreac-autumnleaves-patituccijweckld-1989-9f758273.wav,5.000000,10.000000,24000,1989,Chick Corea,Chick Corea
coreac-autumnleaves-patituccijweckld-1989-9f758273__00002,coreac-autumnleaves-patituccijweckld-1989-9f758273,Autumn Leaves,1,Chick Corea / Chick Corea,2,2,data/processed/jtd_group_cv_16/audio_24k_mono/coreac-autumnleaves-patituccijweckld-1989-9f758273.wav,10.000000,10.000000,24000,1989,Chick Corea,Chick Corea
coreac-autumnleaves-patituccijweckld-1989-9f758273__00003,coreac-autumnleaves-patituccijweckld-1989-9f758273,Autumn Leaves,1,Chick Corea / Chick Corea,2,2,data/processed/jtd_group_cv_16/audio_24k_mono/coreac-autumnleaves-patituccijweckld-1989-9f758273.wav,15.000000,10.000000,24000,1989,Chick Corea,Chick Corea
coreac-autumnleaves-patituccijweckld-1989-9f758273__00004,coreac-autumnleaves-patituccijweckld-1989-9f758273,Autumn Leaves,1,Chick Corea / Chick Corea,2,2,data/processed/jtd_group_cv_16/audio_24k_mono/coreac-autumnleaves-patituccijweckld-1989-9f758273.wav,20.000000,10.000000,24000,1989,Chick Corea,Chick Corea
coreac-autumnleaves-patituccijweckld-1989-9f758273__00005,coreac-autumnleaves-patituccijweckld-1989-9f758273,Autumn Leaves,1,Chick Corea / Chick Corea,2,2,data/processed/jtd_group_cv_16/audio_24k_mono/coreac-autumnleaves-patituccijweckld-1989-9f758273.wav,25.000000,10.000000,24000,1989,Chick Corea,Chick Corea
coreac-autumnleaves-patituccijweckld-1989-9f758273__00006,coreac-autumnleaves-patituccijweckld-1989-9f758273,Autumn Leaves,1,Chick Corea / Chick Corea,2,2,data/processed/jtd_group_cv_16/audio_24k_mono/coreac-autumnleaves-patituccijweckld-1989-9f758273.wav,30.000000,10.000000,24000,1989,Chick Corea,Chick Corea
coreac-autumnleaves-patituccijweckld-1989-9f758273__00007,coreac-autumnleaves-patituccijweckld-1989-9f758273,Autumn Leaves,1,Chick Corea / Chick Corea,2,2,data/processed/jtd_group_cv_16/audio_24k_mono/coreac-autumnleaves-patituccijweckld-1989-9f758273.wav,35.000000,10.000000,24000,1989,Chick Corea,Chick Corea
coreac-autumnleaves-patituccijweckld-1989-9f758273__00008,coreac-autumnleaves-patituccijweckld-1989-9f758273,Autumn Leaves,1,Chick Corea / Chick Corea,2,2,data/processed/jtd_group_cv_16/audio_24k_mono/coreac-autumnleaves-patituccijweckld-1989-9f758273.wav,40.000000,10.000000,24000,1989,Chick Corea,Chick Corea
coreac-autumnleaves-patituccijweckld-1989-9f758273__00009,coreac-autumnleaves-patituccijweckld-1989-9f758273,Autumn Leaves,1,Chick Corea / Chick Corea,2,2,data/processed/jtd_group_cv_16/audio_24k_mono/coreac-autumnleaves-patituccijweckld-1989-9f758273.wav,45.000000,10.000000,24000,1989,Chick Corea,Chick Corea
coreac-autumnleaves-patituccijweckld-1989-9f758273__00010,coreac-autumnleaves-patituccijweckld-1989-9f758273,Autumn Leaves,1,Chick Corea / Chick Corea,2,2,data/processed/jtd_group_cv_16/audio_24k_mono/coreac-autumnleaves-patituccijweckld-1989-9f758273.wav,50.000000,10.000000,24000,1989,Chick Corea,Chick Corea
coreac-autumnleaves-patituccijweckld-1989-9f758273__00011,coreac-autumnleaves-patituccijweckld-1989-9f758273,Autumn Leaves,1,Chick Corea / Chick Corea,2,2,data/processed/jtd_group_cv_16/audio_24k_mono/coreac-autumnleaves-patituccijweckld-1989-9f758273.wav,55.000000,10.000000,24000,1989,Chick Corea,Chick Corea
coreac-autumnleaves-patituccijweckld-1989-9f758273__00012,coreac-autumnleaves-patituccijweckld-1989-9f758273,Autumn Leaves,1,Chick Corea / Chick Corea,2,2,data/processed/jtd_group_cv_16/audio_24k_mono/coreac-autumnleaves-patituccijweckld-1989-9f758273.wav,60.000000,10.000000,24000,1989,Chick Corea,Chick Corea
coreac-autumnleaves-patituccijweckld-1989-9f758273__00013,coreac-autumnleaves-patituccijweckld-1989-9f758273,Autumn Leaves,1,Chick Corea / Chick Corea,2,2,data/processed/jtd_group_cv_16/audio_24k_mono/coreac-autumnleaves-patituccijweckld-1989-9f758273.wav,65.000000,10.000000,24000,1989,Chick Corea,Chick Corea
coreac-autumnleaves-patituccijweckld-1989-9f758273__00014,coreac-autumnleaves-patituccijweckld-1989-9f758273,Autumn Leaves,1,Chick Corea / Chick Corea,2,2,data/processed/jtd_group_cv_16/audio_24k_mono/coreac-autumnleaves-patituccijweckld-1989-9f758273.wav,70.000000,10.000000,24000,1989,Chick Corea,Chick Corea
coreac-autumnleaves-patituccijweckld-1989-9f758273__00015,coreac-autumnleaves-patituccijweckld-1989-9f758273,Autumn Leaves,1,Chick Corea / Chick Corea,2,2,data/processed/jtd_group_cv_16/audio_24k_mono/coreac-autumnleaves-patituccijweckld-1989-9f758273.wav,75.000000,10.000000,24000,1989,Chick Corea,Chick Corea
coreac-autumnleaves-patituccijweckld-1989-9f758273__00016,coreac-autumnleaves-patituccijweckld-1989-9f758273,Autumn Leaves,1,Chick Corea / Chick Corea,2,2,data/processed/jtd_group_cv_16/audio_24k_mono/coreac-autumnleaves-patituccijweckld-1989-9f758273.wav,80.000000,10.000000,24000,1989,Chick Corea,Chick Corea
coreac-autumnleaves-patituccijweckld-1989-9f758273__00017,coreac-autumnleaves-patituccijweckld-1989-9f758273,Autumn Leaves,1,Chick Corea / Chick Corea,2,2,data/processed/jtd_group_cv_16/audio_24k_mono/coreac-autumnleaves-patituccijweckld-1989-9f758273.wav,85.000000,10.000000,24000,1989,Chick Corea,Chick Corea
coreac-autumnleaves-patituccijweckld-1989-9f758273__00018,coreac-autumnleaves-patituccijweckld-1989-9f758273,Autumn Leaves,1,Chick Corea / Chick Corea,2,2,data/processed/jtd_group_cv_16/audio_24k_mono/coreac-autumnleaves-patituccijweckld-1989-9f758273.wav,90.000000,10.000000,24000,1989,Chick Corea,Chick Corea
coreac-autumnleaves-patituccijweckld-1989-9f758273__00019,coreac-autumnleaves-patituccijweckld-1989-9f758273,Autumn Leaves,1,Chick Corea / Chick Corea,2,2,data/processed/jtd_group_cv_16/audio_24k_mono/coreac-autumnleaves-patituccijweckld-1989-9f758273.wav,95.000000,10.000000,24000,1989,Chick Corea,Chick Corea
coreac-autumnleaves-patituccijweckld-1989-9f758273__00020,coreac-autumnleaves-patituccijweckld-1989-9f758273,Autumn Leaves,1,Chick Corea / Chick Corea,2,2,data/processed/jtd_group_cv_16/audio_24k_mono/coreac-autumnleaves-patituccijweckld-1989-9f758273.wav,100.000000,10.000000,24000,1989,Chick Corea,Chick Corea
coreac-autumnleaves-patituccijweckld-1989-9f758273__00021,coreac-autumnleaves-patituccijweckld-1989-9f758273,Autumn Leaves,1,Chick Corea / Chick Corea,2,2,data/processed/jtd_group_cv_16/audio_24k_mono/coreac-autumnleaves-patituccijweckld-1989-9f758273.wav,105.000000,10.000000,24000,1989,Chick Corea,Chick Corea
coreac-autumnleaves-patituccijweckld-1989-9f758273__00022,coreac-autumnleaves-patituccijweckld-1989-9f758273,Autumn Leaves,1,Chick Corea / Chick Corea,2,2,data/processed/jtd_group_cv_16/audio_24k_mono/coreac-autumnleaves-patituccijweckld-1989-9f758273.wav,110.000000,10.000000,24000,1989,Chick Corea,Chick Corea
hawesh-autumnleaves-woodejclarkek-1958-ef338e87__00000,hawesh-autumnleaves-woodejclarkek-1958-ef338e87,Autumn Leaves,1,Hampton Hawes / Hampton Hawes,4,4,data/processed/jtd_group_cv_16/audio_24k_mono/hawesh-autumnleaves-woodejclarkek-1958-ef338e87.wav,0.000000,10.000000,24000,1958,Hampton Hawes,Hampton Hawes
hawesh-autumnleaves-woodejclarkek-1958-ef338e87__00001,hawesh-autumnleaves-woodejclarkek-1958-ef338e87,Autumn Leaves,1,Hampton Hawes / Hampton Hawes,4,4,data/processed/jtd_group_cv_16/audio_24k_mono/hawesh-autumnleaves-woodejclarkek-1958-ef338e87.wav,5.000000,10.000000,24000,1958,Hampton Hawes,Hampton Hawes
hawesh-autumnleaves-woodejclarkek-1958-ef338e87__00002,hawesh-autumnleaves-woodejclarkek-1958-ef338e87,Autumn Leaves,1,Hampton Hawes / Hampton Hawes,4,4,data/processed/jtd_group_cv_16/audio_24k_mono/hawesh-autumnleaves-woodejclarkek-1958-ef338e87.wav,10.000000,10.000000,24000,1958,Hampton Hawes,Hampton Hawes
hawesh-autumnleaves-woodejclarkek-1958-ef338e87__00003,hawesh-autumnleaves-woodejclarkek-1958-ef338e87,Autumn Leaves,1,Hampton Hawes / Hampton Hawes,4,4,data/processed/jtd_group_cv_16/audio_24k_mono/hawesh-autumnleaves-woodejclarkek-1958-ef338e87.wav,15.000000,10.000000,24000,1958,Hampton Hawes,Hampton Hawes
hawesh-autumnleaves-woodejclarkek-1958-ef338e87__00004,hawesh-autumnleaves-woodejclarkek-1958-ef338e87,Autumn Leaves,1,Hampton Hawes / Hampton Hawes,4,4,data/processed/jtd_group_cv_16/audio_24k_mono/hawesh-autumnleaves-woodejclarkek-1958-ef338e87.wav,20.000000,10.000000,24000,1958,Hampton Hawes,Hampton Hawes
hawesh-autumnleaves-woodejclarkek-1958-ef338e87__00005,hawesh-autumnleaves-woodejclarkek-1958-ef338e87,Autumn Leaves,1,Hampton Hawes / Hampton Hawes,4,4,data/processed/jtd_group_cv_16/audio_24k_mono/hawesh-autumnleaves-woodejclarkek-1958-ef338e87.wav,25.000000,10.000000,24000,1958,Hampton Hawes,Hampton Hawes
hawesh-autumnleaves-woodejclarkek-1958-ef338e87__00006,hawesh-autumnleaves-woodejclarkek-1958-ef338e87,Autumn Leaves,1,Hampton Hawes / Hampton Hawes,4,4,data/processed/jtd_group_cv_16/audio_24k_mono/hawesh-autumnleaves-woodejclarkek-1958-ef338e87.wav,30.000000,10.000000,24000,1958,Hampton Hawes,Hampton Hawes
hawesh-autumnleaves-woodejclarkek-1958-ef338e87__00007,hawesh-autumnleaves-woodejclarkek-1958-ef338e87,Autumn Leaves,1,Hampton Hawes / Hampton Hawes,4,4,data/processed/jtd_group_cv_16/audio_24k_mono/hawesh-autumnleaves-woodejclarkek-1958-ef338e87.wav,35.000000,10.000000,24000,1958,Hampton Hawes,Hampton Hawes
hawesh-autumnleaves-woodejclarkek-1958-ef338e87__00008,hawesh-autumnleaves-woodejclarkek-1958-ef338e87,Autumn Leaves,1,Hampton Hawes / Hampton Hawes,4,4,data/processed/jtd_group_cv_16/audio_24k_mono/hawesh-autumnleaves-woodejclarkek-1958-ef338e87.wav,40.000000,10.000000,24000,1958,Hampton Hawes,Hampton Hawes
hawesh-autumnleaves-woodejclarkek-1958-ef338e87__00009,hawesh-autumnleaves-woodejclarkek-1958-ef338e87,Autumn Leaves,1,Hampton Hawes / Hampton Hawes,4,4,data/processed/jtd_group_cv_16/audio_24k_mono/hawesh-autumnleaves-woodejclarkek-1958-ef338e87.wav,45.000000,10.000000,24000,1958,Hampton Hawes,Hampton Hawes
hawesh-autumnleaves-woodejclarkek-1958-ef338e87__00010,hawesh-autumnleaves-woodejclarkek-1958-ef338e87,Autumn Leaves,1,Hampton Hawes / Hampton Hawes,4,4,data/processed/jtd_group_cv_16/audio_24k_mono/hawesh-autumnleaves-woodejclarkek-1958-ef338e87.wav,50.000000,10.000000,24000,1958,Hampton Hawes,Hampton Hawes
hawesh-autumnleaves-woodejclarkek-1958-ef338e87__00011,hawesh-autumnleaves-woodejclarkek-1958-ef338e87,Autumn Leaves,1,Hampton Hawes / Hampton Hawes,4,4,data/processed/jtd_group_cv_16/audio_24k_mono/hawesh-autumnleaves-woodejclarkek-1958-ef338e87.wav,55.000000,10.000000,24000,1958,Hampton Hawes,Hampton Hawes
hawesh-autumnleaves-woodejclarkek-1958-ef338e87__00012,hawesh-autumnleaves-woodejclarkek-1958-ef338e87,Autumn Leaves,1,Hampton Hawes / Hampton Hawes,4,4,data/processed/jtd_group_cv_16/audio_24k_mono/hawesh-autumnleaves-woodejclarkek-1958-ef338e87.wav,60.000000,10.000000,24000,1958,Hampton Hawes,Hampton Hawes
hawesh-autumnleaves-woodejclarkek-1958-ef338e87__00013,hawesh-autumnleaves-woodejclarkek-1958-ef338e87,Autumn Leaves,1,Hampton Hawes / Hampton Hawes,4,4,data/processed/jtd_group_cv_16/audio_24k_mono/hawesh-autumnleaves-woodejclarkek-1958-ef338e87.wav,65.000000,10.000000,24000,1958,Hampton Hawes,Hampton Hawes
hawesh-autumnleaves-woodejclarkek-1958-ef338e87__00014,hawesh-autumnleaves-woodejclarkek-1958-ef338e87,Autumn Leaves,1,Hampton Hawes / Hampton Hawes,4,4,data/processed/jtd_group_cv_16/audio_24k_mono/hawesh-autumnleaves-woodejclarkek-1958-ef338e87.wav,70.000000,10.000000,24000,1958,Hampton Hawes,Hampton Hawes
hawesh-autumnleaves-woodejclarkek-1958-ef338e87__00015,hawesh-autumnleaves-woodejclarkek-1958-ef338e87,Autumn Leaves,1,Hampton Hawes / Hampton Hawes,4,4,data/processed/jtd_group_cv_16/audio_24k_mono/hawesh-autumnleaves-woodejclarkek-1958-ef338e87.wav,75.000000,10.000000,24000,1958,Hampton Hawes,Hampton Hawes
hawesh-autumnleaves-woodejclarkek-1958-ef338e87__00016,hawesh-autumnleaves-woodejclarkek-1958-ef338e87,Autumn Leaves,1,Hampton Hawes / Hampton Hawes,4,4,data/processed/jtd_group_cv_16/audio_24k_mono/hawesh-autumnleaves-woodejclarkek-1958-ef338e87.wav,80.000000,10.000000,24000,1958,Hampton Hawes,Hampton Hawes
hawesh-autumnleaves-woodejclarkek-1958-ef338e87__00017,hawesh-autumnleaves-woodejclarkek-1958-ef338e87,Autumn Leaves,1,Hampton Hawes / Hampton Hawes,4,4,data/processed/jtd_group_cv_16/audio_24k_mono/hawesh-autumnleaves-woodejclarkek-1958-ef338e87.wav,85.000000,10.000000,24000,1958,Hampton Hawes,Hampton Hawes
hawesh-autumnleaves-woodejclarkek-1958-ef338e87__00018,hawesh-autumnleaves-woodejclarkek-1958-ef338e87,Autumn Leaves,1,Hampton Hawes / Hampton Hawes,4,4,data/processed/jtd_group_cv_16/audio_24k_mono/hawesh-autumnleaves-woodejclarkek-1958-ef338e87.wav,90.000000,10.000000,24000,1958,Hampton Hawes,Hampton Hawes
hawesh-autumnleaves-woodejclarkek-1958-ef338e87__00019,hawesh-autumnleaves-woodejclarkek-1958-ef338e87,Autumn Leaves,1,Hampton Hawes / Hampton Hawes,4,4,data/processed/jtd_group_cv_16/audio_24k_mono/hawesh-autumnleaves-woodejclarkek-1958-ef338e87.wav,95.000000,10.000000,24000,1958,Hampton Hawes,Hampton Hawes
hawesh-autumnleaves-woodejclarkek-1958-ef338e87__00020,hawesh-autumnleaves-woodejclarkek-1958-ef338e87,Autumn Leaves,1,Hampton Hawes / Hampton Hawes,4,4,data/processed/jtd_group_cv_16/audio_24k_mono/hawesh-autumnleaves-woodejclarkek-1958-ef338e87.wav,100.000000,10.000000,24000,1958,Hampton Hawes,Hampton Hawes
hawesh-autumnleaves-woodejclarkek-1958-ef338e87__00021,hawesh-autumnleaves-woodejclarkek-1958-ef338e87,Autumn Leaves,1,Hampton Hawes / Hampton Hawes,4,4,data/processed/jtd_group_cv_16/audio_24k_mono/hawesh-autumnleaves-woodejclarkek-1958-ef338e87.wav,105.000000,10.000000,24000,1958,Hampton Hawes,Hampton Hawes
hawesh-autumnleaves-woodejclarkek-1958-ef338e87__00022,hawesh-autumnleaves-woodejclarkek-1958-ef338e87,Autumn Leaves,1,Hampton Hawes / Hampton Hawes,4,4,data/processed/jtd_group_cv_16/audio_24k_mono/hawesh-autumnleaves-woodejclarkek-1958-ef338e87.wav,110.000000,10.000000,24000,1958,Hampton Hawes,Hampton Hawes
hawesh-autumnleaves-woodejclarkek-1958-ef338e87__00023,hawesh-autumnleaves-woodejclarkek-1958-ef338e87,Autumn Leaves,1,Hampton Hawes / Hampton Hawes,4,4,data/processed/jtd_group_cv_16/audio_24k_mono/hawesh-autumnleaves-woodejclarkek-1958-ef338e87.wav,115.000000,10.000000,24000,1958,Hampton Hawes,Hampton Hawes
hawesh-autumnleaves-woodejclarkek-1958-ef338e87__00024,hawesh-autumnleaves-woodejclarkek-1958-ef338e87,Autumn Leaves,1,Hampton Hawes / Hampton Hawes,4,4,data/processed/jtd_group_cv_16/audio_24k_mono/hawesh-autumnleaves-woodejclarkek-1958-ef338e87.wav,120.000000,10.000000,24000,1958,Hampton Hawes,Hampton Hawes
hawesh-autumnleaves-woodejclarkek-1958-ef338e87__00025,hawesh-autumnleaves-woodejclarkek-1958-ef338e87,Autumn Leaves,1,Hampton Hawes / Hampton Hawes,4,4,data/processed/jtd_group_cv_16/audio_24k_mono/hawesh-autumnleaves-woodejclarkek-1958-ef338e87.wav,125.000000,10.000000,24000,1958,Hampton Hawes,Hampton Hawes
hawesh-autumnleaves-woodejclarkek-1958-ef338e87__00026,hawesh-autumnleaves-woodejclarkek-1958-ef338e87,Autumn Leaves,1,Hampton Hawes / Hampton Hawes,4,4,data/processed/jtd_group_cv_16/audio_24k_mono/hawesh-autumnleaves-woodejclarkek-1958-ef338e87.wav,130.000000,10.000000,24000,1958,Hampton Hawes,Hampton Hawes
hawesh-autumnleaves-woodejclarkek-1958-ef338e87__00027,hawesh-autumnleaves-woodejclarkek-1958-ef338e87,Autumn Leaves,1,Hampton Hawes / Hampton Hawes,4,4,data/processed/jtd_group_cv_16/audio_24k_mono/hawesh-autumnleaves-woodejclarkek-1958-ef338e87.wav,135.000000,10.000000,24000,1958,Hampton Hawes,Hampton Hawes
hicksj-autumnleaves-drummondrmuhammadi-1990-17727f5d__00000,hicksj-autumnleaves-drummondrmuhammadi-1990-17727f5d,Autumn Leaves,1,John Hicks / John Hicks,6,6,data/processed/jtd_group_cv_16/audio_24k_mono/hicksj-autumnleaves-drummondrmuhammadi-1990-17727f5d.wav,0.000000,10.000000,24000,1990,John Hicks,John Hicks
hicksj-autumnleaves-drummondrmuhammadi-1990-17727f5d__00001,hicksj-autumnleaves-drummondrmuhammadi-1990-17727f5d,Autumn Leaves,1,John Hicks / John Hicks,6,6,data/processed/jtd_group_cv_16/audio_24k_mono/hicksj-autumnleaves-drummondrmuhammadi-1990-17727f5d.wav,5.000000,10.000000,24000,1990,John Hicks,John Hicks
hicksj-autumnleaves-drummondrmuhammadi-1990-17727f5d__00002,hicksj-autumnleaves-drummondrmuhammadi-1990-17727f5d,Autumn Leaves,1,John Hicks / John Hicks,6,6,data/processed/jtd_group_cv_16/audio_24k_mono/hicksj-autumnleaves-drummondrmuhammadi-1990-17727f5d.wav,10.000000,10.000000,24000,1990,John Hicks,John Hicks
hicksj-autumnleaves-drummondrmuhammadi-1990-17727f5d__00003,hicksj-autumnleaves-drummondrmuhammadi-1990-17727f5d,Autumn Leaves,1,John Hicks / John Hicks,6,6,data/processed/jtd_group_cv_16/audio_24k_mono/hicksj-autumnleaves-drummondrmuhammadi-1990-17727f5d.wav,15.000000,10.000000,24000,1990,John Hicks,John Hicks
hicksj-autumnleaves-drummondrmuhammadi-1990-17727f5d__00004,hicksj-autumnleaves-drummondrmuhammadi-1990-17727f5d,Autumn Leaves,1,John Hicks / John Hicks,6,6,data/processed/jtd_group_cv_16/audio_24k_mono/hicksj-autumnleaves-drummondrmuhammadi-1990-17727f5d.wav,20.000000,10.000000,24000,1990,John Hicks,John Hicks
hicksj-autumnleaves-drummondrmuhammadi-1990-17727f5d__00005,hicksj-autumnleaves-drummondrmuhammadi-1990-17727f5d,Autumn Leaves,1,John Hicks / John Hicks,6,6,data/processed/jtd_group_cv_16/audio_24k_mono/hicksj-autumnleaves-drummondrmuhammadi-1990-17727f5d.wav,25.000000,10.000000,24000,1990,John Hicks,John Hicks
hicksj-autumnleaves-drummondrmuhammadi-1990-17727f5d__00006,hicksj-autumnleaves-drummondrmuhammadi-1990-17727f5d,Autumn Leaves,1,John Hicks / John Hicks,6,6,data/processed/jtd_group_cv_16/audio_24k_mono/hicksj-autumnleaves-drummondrmuhammadi-1990-17727f5d.wav,30.000000,10.000000,24000,1990,John Hicks,John Hicks
hicksj-autumnleaves-drummondrmuhammadi-1990-17727f5d__00007,hicksj-autumnleaves-drummondrmuhammadi-1990-17727f5d,Autumn Leaves,1,John Hicks / John Hicks,6,6,data/processed/jtd_group_cv_16/audio_24k_mono/hicksj-autumnleaves-drummondrmuhammadi-1990-17727f5d.wav,35.000000,10.000000,24000,1990,John Hicks,John Hicks
hicksj-autumnleaves-drummondrmuhammadi-1990-17727f5d__00008,hicksj-autumnleaves-drummondrmuhammadi-1990-17727f5d,Autumn Leaves,1,John Hicks / John Hicks,6,6,data/processed/jtd_group_cv_16/audio_24k_mono/hicksj-autumnleaves-drummondrmuhammadi-1990-17727f5d.wav,40.000000,10.000000,24000,1990,John Hicks,John Hicks
hicksj-autumnleaves-drummondrmuhammadi-1990-17727f5d__00009,hicksj-autumnleaves-drummondrmuhammadi-1990-17727f5d,Autumn Leaves,1,John Hicks / John Hicks,6,6,data/processed/jtd_group_cv_16/audio_24k_mono/hicksj-autumnleaves-drummondrmuhammadi-1990-17727f5d.wav,45.000000,10.000000,24000,1990,John Hicks,John Hicks
hicksj-autumnleaves-drummondrmuhammadi-1990-17727f5d__00010,hicksj-autumnleaves-drummondrmuhammadi-1990-17727f5d,Autumn Leaves,1,John Hicks / John Hicks,6,6,data/processed/jtd_group_cv_16/audio_24k_mono/hicksj-autumnleaves-drummondrmuhammadi-1990-17727f5d.wav,50.000000,10.000000,24000,1990,John Hicks,John Hicks
hicksj-autumnleaves-drummondrmuhammadi-1990-17727f5d__00011,hicksj-autumnleaves-drummondrmuhammadi-1990-17727f5d,Autumn Leaves,1,John Hicks / John Hicks,6,6,data/processed/jtd_group_cv_16/audio_24k_mono/hicksj-autumnleaves-drummondrmuhammadi-1990-17727f5d.wav,55.000000,10.000000,24000,1990,John Hicks,John Hicks
hicksj-autumnleaves-drummondrmuhammadi-1990-17727f5d__00012,hicksj-autumnleaves-drummondrmuhammadi-1990-17727f5d,Autumn Leaves,1,John Hicks / John Hicks,6,6,data/processed/jtd_group_cv_16/audio_24k_mono/hicksj-autumnleaves-drummondrmuhammadi-1990-17727f5d.wav,60.000000,10.000000,24000,1990,John Hicks,John Hicks
hicksj-autumnleaves-drummondrmuhammadi-1990-17727f5d__00013,hicksj-autumnleaves-drummondrmuhammadi-1990-17727f5d,Autumn Leaves,1,John Hicks / John Hicks,6,6,data/processed/jtd_group_cv_16/audio_24k_mono/hicksj-autumnleaves-drummondrmuhammadi-1990-17727f5d.wav,65.000000,10.000000,24000,1990,John Hicks,John Hicks
hicksj-autumnleaves-drummondrmuhammadi-1990-17727f5d__00014,hicksj-autumnleaves-drummondrmuhammadi-1990-17727f5d,Autumn Leaves,1,John Hicks / John Hicks,6,6,data/processed/jtd_group_cv_16/audio_24k_mono/hicksj-autumnleaves-drummondrmuhammadi-1990-17727f5d.wav,70.000000,10.000000,24000,1990,John Hicks,John Hicks
hicksj-autumnleaves-drummondrmuhammadi-1990-17727f5d__00015,hicksj-autumnleaves-drummondrmuhammadi-1990-17727f5d,Autumn Leaves,1,John Hicks / John Hicks,6,6,data/processed/jtd_group_cv_16/audio_24k_mono/hicksj-autumnleaves-drummondrmuhammadi-1990-17727f5d.wav,75.000000,10.000000,24000,1990,John Hicks,John Hicks
hicksj-autumnleaves-drummondrmuhammadi-1990-17727f5d__00016,hicksj-autumnleaves-drummondrmuhammadi-1990-17727f5d,Autumn Leaves,1,John Hicks / John Hicks,6,6,data/processed/jtd_group_cv_16/audio_24k_mono/hicksj-autumnleaves-drummondrmuhammadi-1990-17727f5d.wav,80.000000,10.000000,24000,1990,John Hicks,John Hicks
hicksj-autumnleaves-drummondrmuhammadi-1990-17727f5d__00017,hicksj-autumnleaves-drummondrmuhammadi-1990-17727f5d,Autumn Leaves,1,John Hicks / John Hicks,6,6,data/processed/jtd_group_cv_16/audio_24k_mono/hicksj-autumnleaves-drummondrmuhammadi-1990-17727f5d.wav,85.000000,10.000000,24000,1990,John Hicks,John Hicks
hicksj-autumnleaves-drummondrmuhammadi-1990-17727f5d__00018,hicksj-autumnleaves-drummondrmuhammadi-1990-17727f5d,Autumn Leaves,1,John Hicks / John Hicks,6,6,data/processed/jtd_group_cv_16/audio_24k_mono/hicksj-autumnleaves-drummondrmuhammadi-1990-17727f5d.wav,90.000000,10.000000,24000,1990,John Hicks,John Hicks
hicksj-autumnleaves-drummondrmuhammadi-1990-17727f5d__00019,hicksj-autumnleaves-drummondrmuhammadi-1990-17727f5d,Autumn Leaves,1,John Hicks / John Hicks,6,6,data/processed/jtd_group_cv_16/audio_24k_mono/hicksj-autumnleaves-drummondrmuhammadi-1990-17727f5d.wav,95.000000,10.000000,24000,1990,John Hicks,John Hicks
hicksj-autumnleaves-drummondrmuhammadi-1990-17727f5d__00020,hicksj-autumnleaves-drummondrmuhammadi-1990-17727f5d,Autumn Leaves,1,John Hicks / John Hicks,6,6,data/processed/jtd_group_cv_16/audio_24k_mono/hicksj-autumnleaves-drummondrmuhammadi-1990-17727f5d.wav,100.000000,10.000000,24000,1990,John Hicks,John Hicks
hicksj-autumnleaves-drummondrmuhammadi-1990-17727f5d__00021,hicksj-autumnleaves-drummondrmuhammadi-1990-17727f5d,Autumn Leaves,1,John Hicks / John Hicks,6,6,data/processed/jtd_group_cv_16/audio_24k_mono/hicksj-autumnleaves-drummondrmuhammadi-1990-17727f5d.wav,105.000000,10.000000,24000,1990,John Hicks,John Hicks
hicksj-autumnleaves-drummondrmuhammadi-1990-17727f5d__00022,hicksj-autumnleaves-drummondrmuhammadi-1990-17727f5d,Autumn Leaves,1,John Hicks / John Hicks,6,6,data/processed/jtd_group_cv_16/audio_24k_mono/hicksj-autumnleaves-drummondrmuhammadi-1990-17727f5d.wav,110.000000,10.000000,24000,1990,John Hicks,John Hicks
hicksj-autumnleaves-drummondrmuhammadi-1990-17727f5d__00023,hicksj-autumnleaves-drummondrmuhammadi-1990-17727f5d,Autumn Leaves,1,John Hicks / John Hicks,6,6,data/processed/jtd_group_cv_16/audio_24k_mono/hicksj-autumnleaves-drummondrmuhammadi-1990-17727f5d.wav,115.000000,10.000000,24000,1990,John Hicks,John Hicks
hicksj-autumnleaves-drummondrmuhammadi-1990-17727f5d__00024,hicksj-autumnleaves-drummondrmuhammadi-1990-17727f5d,Autumn Leaves,1,John Hicks / John Hicks,6,6,data/processed/jtd_group_cv_16/audio_24k_mono/hicksj-autumnleaves-drummondrmuhammadi-1990-17727f5d.wav,120.000000,10.000000,24000,1990,John Hicks,John Hicks
hicksj-autumnleaves-drummondrmuhammadi-1990-17727f5d__00025,hicksj-autumnleaves-drummondrmuhammadi-1990-17727f5d,Autumn Leaves,1,John Hicks / John Hicks,6,6,data/processed/jtd_group_cv_16/audio_24k_mono/hicksj-autumnleaves-drummondrmuhammadi-1990-17727f5d.wav,125.000000,10.000000,24000,1990,John Hicks,John Hicks
hicksj-autumnleaves-drummondrmuhammadi-1990-17727f5d__00026,hicksj-autumnleaves-drummondrmuhammadi-1990-17727f5d,Autumn Leaves,1,John Hicks / John Hicks,6,6,data/processed/jtd_group_cv_16/audio_24k_mono/hicksj-autumnleaves-drummondrmuhammadi-1990-17727f5d.wav,130.000000,10.000000,24000,1990,John Hicks,John Hicks
hicksj-autumnleaves-drummondrmuhammadi-1990-17727f5d__00027,hicksj-autumnleaves-drummondrmuhammadi-1990-17727f5d,Autumn Leaves,1,John Hicks / John Hicks,6,6,data/processed/jtd_group_cv_16/audio_24k_mono/hicksj-autumnleaves-drummondrmuhammadi-1990-17727f5d.wav,135.000000,10.000000,24000,1990,John Hicks,John Hicks
hicksj-autumnleaves-drummondrmuhammadi-1990-17727f5d__00028,hicksj-autumnleaves-drummondrmuhammadi-1990-17727f5d,Autumn Leaves,1,John Hicks / John Hicks,6,6,data/processed/jtd_group_cv_16/audio_24k_mono/hicksj-autumnleaves-drummondrmuhammadi-1990-17727f5d.wav,140.000000,10.000000,24000,1990,John Hicks,John Hicks
hicksj-autumnleaves-drummondrmuhammadi-1990-17727f5d__00029,hicksj-autumnleaves-drummondrmuhammadi-1990-17727f5d,Autumn Leaves,1,John Hicks / John Hicks,6,6,data/processed/jtd_group_cv_16/audio_24k_mono/hicksj-autumnleaves-drummondrmuhammadi-1990-17727f5d.wav,145.000000,10.000000,24000,1990,John Hicks,John Hicks
hicksj-autumnleaves-drummondrmuhammadi-1990-17727f5d__00030,hicksj-autumnleaves-drummondrmuhammadi-1990-17727f5d,Autumn Leaves,1,John Hicks / John Hicks,6,6,data/processed/jtd_group_cv_16/audio_24k_mono/hicksj-autumnleaves-drummondrmuhammadi-1990-17727f5d.wav,150.000000,10.000000,24000,1990,John Hicks,John Hicks
hicksj-autumnleaves-drummondrmuhammadi-1990-17727f5d__00031,hicksj-autumnleaves-drummondrmuhammadi-1990-17727f5d,Autumn Leaves,1,John Hicks / John Hicks,6,6,data/processed/jtd_group_cv_16/audio_24k_mono/hicksj-autumnleaves-drummondrmuhammadi-1990-17727f5d.wav,155.000000,10.000000,24000,1990,John Hicks,John Hicks
hicksj-autumnleaves-drummondrmuhammadi-1990-17727f5d__00032,hicksj-autumnleaves-drummondrmuhammadi-1990-17727f5d,Autumn Leaves,1,John Hicks / John Hicks,6,6,data/processed/jtd_group_cv_16/audio_24k_mono/hicksj-autumnleaves-drummondrmuhammadi-1990-17727f5d.wav,160.000000,10.000000,24000,1990,John Hicks,John Hicks
hicksj-autumnleaves-drummondrmuhammadi-1990-17727f5d__00033,hicksj-autumnleaves-drummondrmuhammadi-1990-17727f5d,Autumn Leaves,1,John Hicks / John Hicks,6,6,data/processed/jtd_group_cv_16/audio_24k_mono/hicksj-autumnleaves-drummondrmuhammadi-1990-17727f5d.wav,165.000000,10.000000,24000,1990,John Hicks,John Hicks
hicksj-autumnleaves-drummondrmuhammadi-1990-17727f5d__00034,hicksj-autumnleaves-drummondrmuhammadi-1990-17727f5d,Autumn Leaves,1,John Hicks / John Hicks,6,6,data/processed/jtd_group_cv_16/audio_24k_mono/hicksj-autumnleaves-drummondrmuhammadi-1990-17727f5d.wav,170.000000,10.000000,24000,1990,John Hicks,John Hicks
hicksj-autumnleaves-drummondrmuhammadi-1990-17727f5d__00035,hicksj-autumnleaves-drummondrmuhammadi-1990-17727f5d,Autumn Leaves,1,John Hicks / John Hicks,6,6,data/processed/jtd_group_cv_16/audio_24k_mono/hicksj-autumnleaves-drummondrmuhammadi-1990-17727f5d.wav,175.000000,10.000000,24000,1990,John Hicks,John Hicks
hicksj-autumnleaves-drummondrmuhammadi-1990-17727f5d__00036,hicksj-autumnleaves-drummondrmuhammadi-1990-17727f5d,Autumn Leaves,1,John Hicks / John Hicks,6,6,data/processed/jtd_group_cv_16/audio_24k_mono/hicksj-autumnleaves-drummondrmuhammadi-1990-17727f5d.wav,180.000000,10.000000,24000,1990,John Hicks,John Hicks
jarrettk-autumnleaves-peacockgdejohnettej-1998-1f0361fa__00000,jarrettk-autumnleaves-peacockgdejohnettej-1998-1f0361fa,Autumn Leaves,1,Keith Jarrett / Keith Jarrett,3,3,data/processed/jtd_group_cv_16/audio_24k_mono/jarrettk-autumnleaves-peacockgdejohnettej-1998-1f0361fa.wav,0.000000,10.000000,24000,1998,Keith Jarrett,Keith Jarrett
jarrettk-autumnleaves-peacockgdejohnettej-1998-1f0361fa__00001,jarrettk-autumnleaves-peacockgdejohnettej-1998-1f0361fa,Autumn Leaves,1,Keith Jarrett / Keith Jarrett,3,3,data/processed/jtd_group_cv_16/audio_24k_mono/jarrettk-autumnleaves-peacockgdejohnettej-1998-1f0361fa.wav,5.000000,10.000000,24000,1998,Keith Jarrett,Keith Jarrett
jarrettk-autumnleaves-peacockgdejohnettej-1998-1f0361fa__00002,jarrettk-autumnleaves-peacockgdejohnettej-1998-1f0361fa,Autumn Leaves,1,Keith Jarrett / Keith Jarrett,3,3,data/processed/jtd_group_cv_16/audio_24k_mono/jarrettk-autumnleaves-peacockgdejohnettej-1998-1f0361fa.wav,10.000000,10.000000,24000,1998,Keith Jarrett,Keith Jarrett
jarrettk-autumnleaves-peacockgdejohnettej-1998-1f0361fa__00003,jarrettk-autumnleaves-peacockgdejohnettej-1998-1f0361fa,Autumn Leaves,1,Keith Jarrett / Keith Jarrett,3,3,data/processed/jtd_group_cv_16/audio_24k_mono/jarrettk-autumnleaves-peacockgdejohnettej-1998-1f0361fa.wav,15.000000,10.000000,24000,1998,Keith Jarrett,Keith Jarrett
jarrettk-autumnleaves-peacockgdejohnettej-1998-1f0361fa__00004,jarrettk-autumnleaves-peacockgdejohnettej-1998-1f0361fa,Autumn Leaves,1,Keith Jarrett / Keith Jarrett,3,3,data/processed/jtd_group_cv_16/audio_24k_mono/jarrettk-autumnleaves-peacockgdejohnettej-1998-1f0361fa.wav,20.000000,10.000000,24000,1998,Keith Jarrett,Keith Jarrett
jarrettk-autumnleaves-peacockgdejohnettej-1998-1f0361fa__00005,jarrettk-autumnleaves-peacockgdejohnettej-1998-1f0361fa,Autumn Leaves,1,Keith Jarrett / Keith Jarrett,3,3,data/processed/jtd_group_cv_16/audio_24k_mono/jarrettk-autumnleaves-peacockgdejohnettej-1998-1f0361fa.wav,25.000000,10.000000,24000,1998,Keith Jarrett,Keith Jarrett
jarrettk-autumnleaves-peacockgdejohnettej-1998-1f0361fa__00006,jarrettk-autumnleaves-peacockgdejohnettej-1998-1f0361fa,Autumn Leaves,1,Keith Jarrett / Keith Jarrett,3,3,data/processed/jtd_group_cv_16/audio_24k_mono/jarrettk-autumnleaves-peacockgdejohnettej-1998-1f0361fa.wav,30.000000,10.000000,24000,1998,Keith Jarrett,Keith Jarrett
jarrettk-autumnleaves-peacockgdejohnettej-1998-1f0361fa__00007,jarrettk-autumnleaves-peacockgdejohnettej-1998-1f0361fa,Autumn Leaves,1,Keith Jarrett / Keith Jarrett,3,3,data/processed/jtd_group_cv_16/audio_24k_mono/jarrettk-autumnleaves-peacockgdejohnettej-1998-1f0361fa.wav,35.000000,10.000000,24000,1998,Keith Jarrett,Keith Jarrett
jarrettk-autumnleaves-peacockgdejohnettej-1998-1f0361fa__00008,jarrettk-autumnleaves-peacockgdejohnettej-1998-1f0361fa,Autumn Leaves,1,Keith Jarrett / Keith Jarrett,3,3,data/processed/jtd_group_cv_16/audio_24k_mono/jarrettk-autumnleaves-peacockgdejohnettej-1998-1f0361fa.wav,40.000000,10.000000,24000,1998,Keith Jarrett,Keith Jarrett
jarrettk-autumnleaves-peacockgdejohnettej-1998-1f0361fa__00009,jarrettk-autumnleaves-peacockgdejohnettej-1998-1f0361fa,Autumn Leaves,1,Keith Jarrett / Keith Jarrett,3,3,data/processed/jtd_group_cv_16/audio_24k_mono/jarrettk-autumnleaves-peacockgdejohnettej-1998-1f0361fa.wav,45.000000,10.000000,24000,1998,Keith Jarrett,Keith Jarrett
jarrettk-autumnleaves-peacockgdejohnettej-1998-1f0361fa__00010,jarrettk-autumnleaves-peacockgdejohnettej-1998-1f0361fa,Autumn Leaves,1,Keith Jarrett / Keith Jarrett,3,3,data/processed/jtd_group_cv_16/audio_24k_mono/jarrettk-autumnleaves-peacockgdejohnettej-1998-1f0361fa.wav,50.000000,10.000000,24000,1998,Keith Jarrett,Keith Jarrett
jarrettk-autumnleaves-peacockgdejohnettej-1998-1f0361fa__00011,jarrettk-autumnleaves-peacockgdejohnettej-1998-1f0361fa,Autumn Leaves,1,Keith Jarrett / Keith Jarrett,3,3,data/processed/jtd_group_cv_16/audio_24k_mono/jarrettk-autumnleaves-peacockgdejohnettej-1998-1f0361fa.wav,55.000000,10.000000,24000,1998,Keith Jarrett,Keith Jarrett
jarrettk-autumnleaves-peacockgdejohnettej-1998-1f0361fa__00012,jarrettk-autumnleaves-peacockgdejohnettej-1998-1f0361fa,Autumn Leaves,1,Keith Jarrett / Keith Jarrett,3,3,data/processed/jtd_group_cv_16/audio_24k_mono/jarrettk-autumnleaves-peacockgdejohnettej-1998-1f0361fa.wav,60.000000,10.000000,24000,1998,Keith Jarrett,Keith Jarrett
jarrettk-autumnleaves-peacockgdejohnettej-1998-1f0361fa__00013,jarrettk-autumnleaves-peacockgdejohnettej-1998-1f0361fa,Autumn Leaves,1,Keith Jarrett / Keith Jarrett,3,3,data/processed/jtd_group_cv_16/audio_24k_mono/jarrettk-autumnleaves-peacockgdejohnettej-1998-1f0361fa.wav,65.000000,10.000000,24000,1998,Keith Jarrett,Keith Jarrett
jarrettk-autumnleaves-peacockgdejohnettej-1998-1f0361fa__00014,jarrettk-autumnleaves-peacockgdejohnettej-1998-1f0361fa,Autumn Leaves,1,Keith Jarrett / Keith Jarrett,3,3,data/processed/jtd_group_cv_16/audio_24k_mono/jarrettk-autumnleaves-peacockgdejohnettej-1998-1f0361fa.wav,70.000000,10.000000,24000,1998,Keith Jarrett,Keith Jarrett
jarrettk-autumnleaves-peacockgdejohnettej-1998-1f0361fa__00015,jarrettk-autumnleaves-peacockgdejohnettej-1998-1f0361fa,Autumn Leaves,1,Keith Jarrett / Keith Jarrett,3,3,data/processed/jtd_group_cv_16/audio_24k_mono/jarrettk-autumnleaves-peacockgdejohnettej-1998-1f0361fa.wav,75.000000,10.000000,24000,1998,Keith Jarrett,Keith Jarrett
jarrettk-autumnleaves-peacockgdejohnettej-1998-1f0361fa__00016,jarrettk-autumnleaves-peacockgdejohnettej-1998-1f0361fa,Autumn Leaves,1,Keith Jarrett / Keith Jarrett,3,3,data/processed/jtd_group_cv_16/audio_24k_mono/jarrettk-autumnleaves-peacockgdejohnettej-1998-1f0361fa.wav,80.000000,10.000000,24000,1998,Keith Jarrett,Keith Jarrett
jarrettk-autumnleaves-peacockgdejohnettej-1998-1f0361fa__00017,jarrettk-autumnleaves-peacockgdejohnettej-1998-1f0361fa,Autumn Leaves,1,Keith Jarrett / Keith Jarrett,3,3,data/processed/jtd_group_cv_16/audio_24k_mono/jarrettk-autumnleaves-peacockgdejohnettej-1998-1f0361fa.wav,85.000000,10.000000,24000,1998,Keith Jarrett,Keith Jarrett
jarrettk-autumnleaves-peacockgdejohnettej-1998-1f0361fa__00018,jarrettk-autumnleaves-peacockgdejohnettej-1998-1f0361fa,Autumn Leaves,1,Keith Jarrett / Keith Jarrett,3,3,data/processed/jtd_group_cv_16/audio_24k_mono/jarrettk-autumnleaves-peacockgdejohnettej-1998-1f0361fa.wav,90.000000,10.000000,24000,1998,Keith Jarrett,Keith Jarrett
jarrettk-autumnleaves-peacockgdejohnettej-1998-1f0361fa__00019,jarrettk-autumnleaves-peacockgdejohnettej-1998-1f0361fa,Autumn Leaves,1,Keith Jarrett / Keith Jarrett,3,3,data/processed/jtd_group_cv_16/audio_24k_mono/jarrettk-autumnleaves-peacockgdejohnettej-1998-1f0361fa.wav,95.000000,10.000000,24000,1998,Keith Jarrett,Keith Jarrett
jarrettk-autumnleaves-peacockgdejohnettej-1998-1f0361fa__00020,jarrettk-autumnleaves-peacockgdejohnettej-1998-1f0361fa,Autumn Leaves,1,Keith Jarrett / Keith Jarrett,3,3,data/processed/jtd_group_cv_16/audio_24k_mono/jarrettk-autumnleaves-peacockgdejohnettej-1998-1f0361fa.wav,100.000000,10.000000,24000,1998,Keith Jarrett,Keith Jarrett
jarrettk-autumnleaves-peacockgdejohnettej-1998-1f0361fa__00021,jarrettk-autumnleaves-peacockgdejohnettej-1998-1f0361fa,Autumn Leaves,1,Keith Jarrett / Keith Jarrett,3,3,data/processed/jtd_group_cv_16/audio_24k_mono/jarrettk-autumnleaves-peacockgdejohnettej-1998-1f0361fa.wav,105.000000,10.000000,24000,1998,Keith Jarrett,Keith Jarrett
jarrettk-autumnleaves-peacockgdejohnettej-1998-1f0361fa__00022,jarrettk-autumnleaves-peacockgdejohnettej-1998-1f0361fa,Autumn Leaves,1,Keith Jarrett / Keith Jarrett,3,3,data/processed/jtd_group_cv_16/audio_24k_mono/jarrettk-autumnleaves-peacockgdejohnettej-1998-1f0361fa.wav,110.000000,10.000000,24000,1998,Keith Jarrett,Keith Jarrett
jarrettk-autumnleaves-peacockgdejohnettej-1998-1f0361fa__00023,jarrettk-autumnleaves-peacockgdejohnettej-1998-1f0361fa,Autumn Leaves,1,Keith Jarrett / Keith Jarrett,3,3,data/processed/jtd_group_cv_16/audio_24k_mono/jarrettk-autumnleaves-peacockgdejohnettej-1998-1f0361fa.wav,115.000000,10.000000,24000,1998,Keith Jarrett,Keith Jarrett
jarrettk-autumnleaves-peacockgdejohnettej-1998-1f0361fa__00024,jarrettk-autumnleaves-peacockgdejohnettej-1998-1f0361fa,Autumn Leaves,1,Keith Jarrett / Keith Jarrett,3,3,data/processed/jtd_group_cv_16/audio_24k_mono/jarrettk-autumnleaves-peacockgdejohnettej-1998-1f0361fa.wav,120.000000,10.000000,24000,1998,Keith Jarrett,Keith Jarrett
jarrettk-autumnleaves-peacockgdejohnettej-1998-1f0361fa__00025,jarrettk-autumnleaves-peacockgdejohnettej-1998-1f0361fa,Autumn Leaves,1,Keith Jarrett / Keith Jarrett,3,3,data/processed/jtd_group_cv_16/audio_24k_mono/jarrettk-autumnleaves-peacockgdejohnettej-1998-1f0361fa.wav,125.000000,10.000000,24000,1998,Keith Jarrett,Keith Jarrett
jarrettk-autumnleaves-peacockgdejohnettej-1998-1f0361fa__00026,jarrettk-autumnleaves-peacockgdejohnettej-1998-1f0361fa,Autumn Leaves,1,Keith Jarrett / Keith Jarrett,3,3,data/processed/jtd_group_cv_16/audio_24k_mono/jarrettk-autumnleaves-peacockgdejohnettej-1998-1f0361fa.wav,130.000000,10.000000,24000,1998,Keith Jarrett,Keith Jarrett
jarrettk-autumnleaves-peacockgdejohnettej-1998-1f0361fa__00027,jarrettk-autumnleaves-peacockgdejohnettej-1998-1f0361fa,Autumn Leaves,1,Keith Jarrett / Keith Jarrett,3,3,data/processed/jtd_group_cv_16/audio_24k_mono/jarrettk-autumnleaves-peacockgdejohnettej-1998-1f0361fa.wav,135.000000,10.000000,24000,1998,Keith Jarrett,Keith Jarrett
jarrettk-autumnleaves-peacockgdejohnettej-1998-1f0361fa__00028,jarrettk-autumnleaves-peacockgdejohnettej-1998-1f0361fa,Autumn Leaves,1,Keith Jarrett / Keith Jarrett,3,3,data/processed/jtd_group_cv_16/audio_24k_mono/jarrettk-autumnleaves-peacockgdejohnettej-1998-1f0361fa.wav,140.000000,10.000000,24000,1998,Keith Jarrett,Keith Jarrett
jarrettk-autumnleaves-peacockgdejohnettej-1998-1f0361fa__00029,jarrettk-autumnleaves-peacockgdejohnettej-1998-1f0361fa,Autumn Leaves,1,Keith Jarrett / Keith Jarrett,3,3,data/processed/jtd_group_cv_16/audio_24k_mono/jarrettk-autumnleaves-peacockgdejohnettej-1998-1f0361fa.wav,145.000000,10.000000,24000,1998,Keith Jarrett,Keith Jarrett
jarrettk-autumnleaves-peacockgdejohnettej-1998-1f0361fa__00030,jarrettk-autumnleaves-peacockgdejohnettej-1998-1f0361fa,Autumn Leaves,1,Keith Jarrett / Keith Jarrett,3,3,data/processed/jtd_group_cv_16/audio_24k_mono/jarrettk-autumnleaves-peacockgdejohnettej-1998-1f0361fa.wav,150.000000,10.000000,24000,1998,Keith Jarrett,Keith Jarrett
jarrettk-autumnleaves-peacockgdejohnettej-1998-1f0361fa__00031,jarrettk-autumnleaves-peacockgdejohnettej-1998-1f0361fa,Autumn Leaves,1,Keith Jarrett / Keith Jarrett,3,3,data/processed/jtd_group_cv_16/audio_24k_mono/jarrettk-autumnleaves-peacockgdejohnettej-1998-1f0361fa.wav,155.000000,10.000000,24000,1998,Keith Jarrett,Keith Jarrett
jarrettk-autumnleaves-peacockgdejohnettej-1998-1f0361fa__00032,jarrettk-autumnleaves-peacockgdejohnettej-1998-1f0361fa,Autumn Leaves,1,Keith Jarrett / Keith Jarrett,3,3,data/processed/jtd_group_cv_16/audio_24k_mono/jarrettk-autumnleaves-peacockgdejohnettej-1998-1f0361fa.wav,160.000000,10.000000,24000,1998,Keith Jarrett,Keith Jarrett
jarrettk-autumnleaves-peacockgdejohnettej-1998-1f0361fa__00033,jarrettk-autumnleaves-peacockgdejohnettej-1998-1f0361fa,Autumn Leaves,1,Keith Jarrett / Keith Jarrett,3,3,data/processed/jtd_group_cv_16/audio_24k_mono/jarrettk-autumnleaves-peacockgdejohnettej-1998-1f0361fa.wav,165.000000,10.000000,24000,1998,Keith Jarrett,Keith Jarrett
jarrettk-autumnleaves-peacockgdejohnettej-1998-1f0361fa__00034,jarrettk-autumnleaves-peacockgdejohnettej-1998-1f0361fa,Autumn Leaves,1,Keith Jarrett / Keith Jarrett,3,3,data/processed/jtd_group_cv_16/audio_24k_mono/jarrettk-autumnleaves-peacockgdejohnettej-1998-1f0361fa.wav,170.000000,10.000000,24000,1998,Keith Jarrett,Keith Jarrett
jarrettk-autumnleaves-peacockgdejohnettej-1998-1f0361fa__00035,jarrettk-autumnleaves-peacockgdejohnettej-1998-1f0361fa,Autumn Leaves,1,Keith Jarrett / Keith Jarrett,3,3,data/processed/jtd_group_cv_16/audio_24k_mono/jarrettk-autumnleaves-peacockgdejohnettej-1998-1f0361fa.wav,175.000000,10.000000,24000,1998,Keith Jarrett,Keith Jarrett
jarrettk-autumnleaves-peacockgdejohnettej-1998-1f0361fa__00036,jarrettk-autumnleaves-peacockgdejohnettej-1998-1f0361fa,Autumn Leaves,1,Keith Jarrett / Keith Jarrett,3,3,data/processed/jtd_group_cv_16/audio_24k_mono/jarrettk-autumnleaves-peacockgdejohnettej-1998-1f0361fa.wav,180.000000,10.000000,24000,1998,Keith Jarrett,Keith Jarrett
jarrettk-autumnleaves-peacockgdejohnettej-1998-1f0361fa__00037,jarrettk-autumnleaves-peacockgdejohnettej-1998-1f0361fa,Autumn Leaves,1,Keith Jarrett / Keith Jarrett,3,3,data/processed/jtd_group_cv_16/audio_24k_mono/jarrettk-autumnleaves-peacockgdejohnettej-1998-1f0361fa.wav,185.000000,10.000000,24000,1998,Keith Jarrett,Keith Jarrett
jarrettk-autumnleaves-peacockgdejohnettej-1998-1f0361fa__00038,jarrettk-autumnleaves-peacockgdejohnettej-1998-1f0361fa,Autumn Leaves,1,Keith Jarrett / Keith Jarrett,3,3,data/processed/jtd_group_cv_16/audio_24k_mono/jarrettk-autumnleaves-peacockgdejohnettej-1998-1f0361fa.wav,190.000000,10.000000,24000,1998,Keith Jarrett,Keith Jarrett
jarrettk-autumnleaves-peacockgdejohnettej-1998-1f0361fa__00039,jarrettk-autumnleaves-peacockgdejohnettej-1998-1f0361fa,Autumn Leaves,1,Keith Jarrett / Keith Jarrett,3,3,data/processed/jtd_group_cv_16/audio_24k_mono/jarrettk-autumnleaves-peacockgdejohnettej-1998-1f0361fa.wav,195.000000,10.000000,24000,1998,Keith Jarrett,Keith Jarrett
jarrettk-autumnleaves-peacockgdejohnettej-1998-1f0361fa__00040,jarrettk-autumnleaves-peacockgdejohnettej-1998-1f0361fa,Autumn Leaves,1,Keith Jarrett / Keith Jarrett,3,3,data/processed/jtd_group_cv_16/audio_24k_mono/jarrettk-autumnleaves-peacockgdejohnettej-1998-1f0361fa.wav,200.000000,10.000000,24000,1998,Keith Jarrett,Keith Jarrett
jarrettk-autumnleaves-peacockgdejohnettej-1998-1f0361fa__00041,jarrettk-autumnleaves-peacockgdejohnettej-1998-1f0361fa,Autumn Leaves,1,Keith Jarrett / Keith Jarrett,3,3,data/processed/jtd_group_cv_16/audio_24k_mono/jarrettk-autumnleaves-peacockgdejohnettej-1998-1f0361fa.wav,205.000000,10.000000,24000,1998,Keith Jarrett,Keith Jarrett
jarrettk-autumnleaves-peacockgdejohnettej-1998-1f0361fa__00042,jarrettk-autumnleaves-peacockgdejohnettej-1998-1f0361fa,Autumn Leaves,1,Keith Jarrett / Keith Jarrett,3,3,data/processed/jtd_group_cv_16/audio_24k_mono/jarrettk-autumnleaves-peacockgdejohnettej-1998-1f0361fa.wav,210.000000,10.000000,24000,1998,Keith Jarrett,Keith Jarrett
jarrettk-autumnleaves-peacockgdejohnettej-1998-1f0361fa__00043,jarrettk-autumnleaves-peacockgdejohnettej-1998-1f0361fa,Autumn Leaves,1,Keith Jarrett / Keith Jarrett,3,3,data/processed/jtd_group_cv_16/audio_24k_mono/jarrettk-autumnleaves-peacockgdejohnettej-1998-1f0361fa.wav,215.000000,10.000000,24000,1998,Keith Jarrett,Keith Jarrett
jarrettk-autumnleaves-peacockgdejohnettej-1998-1f0361fa__00044,jarrettk-autumnleaves-peacockgdejohnettej-1998-1f0361fa,Autumn Leaves,1,Keith Jarrett / Keith Jarrett,3,3,data/processed/jtd_group_cv_16/audio_24k_mono/jarrettk-autumnleaves-peacockgdejohnettej-1998-1f0361fa.wav,220.000000,10.000000,24000,1998,Keith Jarrett,Keith Jarrett
jarrettk-autumnleaves-peacockgdejohnettej-1998-1f0361fa__00045,jarrettk-autumnleaves-peacockgdejohnettej-1998-1f0361fa,Autumn Leaves,1,Keith Jarrett / Keith Jarrett,3,3,data/processed/jtd_group_cv_16/audio_24k_mono/jarrettk-autumnleaves-peacockgdejohnettej-1998-1f0361fa.wav,225.000000,10.000000,24000,1998,Keith Jarrett,Keith Jarrett
jarrettk-autumnleaves-peacockgdejohnettej-1998-1f0361fa__00046,jarrettk-autumnleaves-peacockgdejohnettej-1998-1f0361fa,Autumn Leaves,1,Keith Jarrett / Keith Jarrett,3,3,data/processed/jtd_group_cv_16/audio_24k_mono/jarrettk-autumnleaves-peacockgdejohnettej-1998-1f0361fa.wav,230.000000,10.000000,24000,1998,Keith Jarrett,Keith Jarrett
jarrettk-autumnleaves-peacockgdejohnettej-1998-1f0361fa__00047,jarrettk-autumnleaves-peacockgdejohnettej-1998-1f0361fa,Autumn Leaves,1,Keith Jarrett / Keith Jarrett,3,3,data/processed/jtd_group_cv_16/audio_24k_mono/jarrettk-autumnleaves-peacockgdejohnettej-1998-1f0361fa.wav,235.000000,10.000000,24000,1998,Keith Jarrett,Keith Jarrett
jarrettk-autumnleaves-peacockgdejohnettej-1998-1f0361fa__00048,jarrettk-autumnleaves-peacockgdejohnettej-1998-1f0361fa,Autumn Leaves,1,Keith Jarrett / Keith Jarrett,3,3,data/processed/jtd_group_cv_16/audio_24k_mono/jarrettk-autumnleaves-peacockgdejohnettej-1998-1f0361fa.wav,240.000000,10.000000,24000,1998,Keith Jarrett,Keith Jarrett
jarrettk-autumnleaves-peacockgdejohnettej-1998-1f0361fa__00049,jarrettk-autumnleaves-peacockgdejohnettej-1998-1f0361fa,Autumn Leaves,1,Keith Jarrett / Keith Jarrett,3,3,data/processed/jtd_group_cv_16/audio_24k_mono/jarrettk-autumnleaves-peacockgdejohnettej-1998-1f0361fa.wav,245.000000,10.000000,24000,1998,Keith Jarrett,Keith Jarrett
jarrettk-autumnleaves-peacockgdejohnettej-1998-1f0361fa__00050,jarrettk-autumnleaves-peacockgdejohnettej-1998-1f0361fa,Autumn Leaves,1,Keith Jarrett / Keith Jarrett,3,3,data/processed/jtd_group_cv_16/audio_24k_mono/jarrettk-autumnleaves-peacockgdejohnettej-1998-1f0361fa.wav,250.000000,10.000000,24000,1998,Keith Jarrett,Keith Jarrett
jarrettk-autumnleaves-peacockgdejohnettej-1998-1f0361fa__00051,jarrettk-autumnleaves-peacockgdejohnettej-1998-1f0361fa,Autumn Leaves,1,Keith Jarrett / Keith Jarrett,3,3,data/processed/jtd_group_cv_16/audio_24k_mono/jarrettk-autumnleaves-peacockgdejohnettej-1998-1f0361fa.wav,255.000000,10.000000,24000,1998,Keith Jarrett,Keith Jarrett
jarrettk-autumnleaves-peacockgdejohnettej-1998-1f0361fa__00052,jarrettk-autumnleaves-peacockgdejohnettej-1998-1f0361fa,Autumn Leaves,1,Keith Jarrett / Keith Jarrett,3,3,data/processed/jtd_group_cv_16/audio_24k_mono/jarrettk-autumnleaves-peacockgdejohnettej-1998-1f0361fa.wav,260.000000,10.000000,24000,1998,Keith Jarrett,Keith Jarrett
jarrettk-autumnleaves-peacockgdejohnettej-1998-1f0361fa__00053,jarrettk-autumnleaves-peacockgdejohnettej-1998-1f0361fa,Autumn Leaves,1,Keith Jarrett / Keith Jarrett,3,3,data/processed/jtd_group_cv_16/audio_24k_mono/jarrettk-autumnleaves-peacockgdejohnettej-1998-1f0361fa.wav,265.000000,10.000000,24000,1998,Keith Jarrett,Keith Jarrett
jarrettk-autumnleaves-peacockgdejohnettej-1998-1f0361fa__00054,jarrettk-autumnleaves-peacockgdejohnettej-1998-1f0361fa,Autumn Leaves,1,Keith Jarrett / Keith Jarrett,3,3,data/processed/jtd_group_cv_16/audio_24k_mono/jarrettk-autumnleaves-peacockgdejohnettej-1998-1f0361fa.wav,270.000000,10.000000,24000,1998,Keith Jarrett,Keith Jarrett
jarrettk-autumnleaves-peacockgdejohnettej-1998-1f0361fa__00055,jarrettk-autumnleaves-peacockgdejohnettej-1998-1f0361fa,Autumn Leaves,1,Keith Jarrett / Keith Jarrett,3,3,data/processed/jtd_group_cv_16/audio_24k_mono/jarrettk-autumnleaves-peacockgdejohnettej-1998-1f0361fa.wav,275.000000,10.000000,24000,1998,Keith Jarrett,Keith Jarrett
drewk-autumnleaves-rstednqueena-1988-23c5fddd__00000,drewk-autumnleaves-rstednqueena-1988-23c5fddd,Autumn Leaves,1,Kenny Drew / Kenny Drew,7,7,data/processed/jtd_group_cv_16/audio_24k_mono/drewk-autumnleaves-rstednqueena-1988-23c5fddd.wav,0.000000,10.000000,24000,1988,Kenny Drew,Kenny Drew
drewk-autumnleaves-rstednqueena-1988-23c5fddd__00001,drewk-autumnleaves-rstednqueena-1988-23c5fddd,Autumn Leaves,1,Kenny Drew / Kenny Drew,7,7,data/processed/jtd_group_cv_16/audio_24k_mono/drewk-autumnleaves-rstednqueena-1988-23c5fddd.wav,5.000000,10.000000,24000,1988,Kenny Drew,Kenny Drew
drewk-autumnleaves-rstednqueena-1988-23c5fddd__00002,drewk-autumnleaves-rstednqueena-1988-23c5fddd,Autumn Leaves,1,Kenny Drew / Kenny Drew,7,7,data/processed/jtd_group_cv_16/audio_24k_mono/drewk-autumnleaves-rstednqueena-1988-23c5fddd.wav,10.000000,10.000000,24000,1988,Kenny Drew,Kenny Drew
drewk-autumnleaves-rstednqueena-1988-23c5fddd__00003,drewk-autumnleaves-rstednqueena-1988-23c5fddd,Autumn Leaves,1,Kenny Drew / Kenny Drew,7,7,data/processed/jtd_group_cv_16/audio_24k_mono/drewk-autumnleaves-rstednqueena-1988-23c5fddd.wav,15.000000,10.000000,24000,1988,Kenny Drew,Kenny Drew
drewk-autumnleaves-rstednqueena-1988-23c5fddd__00004,drewk-autumnleaves-rstednqueena-1988-23c5fddd,Autumn Leaves,1,Kenny Drew / Kenny Drew,7,7,data/processed/jtd_group_cv_16/audio_24k_mono/drewk-autumnleaves-rstednqueena-1988-23c5fddd.wav,20.000000,10.000000,24000,1988,Kenny Drew,Kenny Drew
drewk-autumnleaves-rstednqueena-1988-23c5fddd__00005,drewk-autumnleaves-rstednqueena-1988-23c5fddd,Autumn Leaves,1,Kenny Drew / Kenny Drew,7,7,data/processed/jtd_group_cv_16/audio_24k_mono/drewk-autumnleaves-rstednqueena-1988-23c5fddd.wav,25.000000,10.000000,24000,1988,Kenny Drew,Kenny Drew
drewk-autumnleaves-rstednqueena-1988-23c5fddd__00006,drewk-autumnleaves-rstednqueena-1988-23c5fddd,Autumn Leaves,1,Kenny Drew / Kenny Drew,7,7,data/processed/jtd_group_cv_16/audio_24k_mono/drewk-autumnleaves-rstednqueena-1988-23c5fddd.wav,30.000000,10.000000,24000,1988,Kenny Drew,Kenny Drew
drewk-autumnleaves-rstednqueena-1988-23c5fddd__00007,drewk-autumnleaves-rstednqueena-1988-23c5fddd,Autumn Leaves,1,Kenny Drew / Kenny Drew,7,7,data/processed/jtd_group_cv_16/audio_24k_mono/drewk-autumnleaves-rstednqueena-1988-23c5fddd.wav,35.000000,10.000000,24000,1988,Kenny Drew,Kenny Drew
drewk-autumnleaves-rstednqueena-1988-23c5fddd__00008,drewk-autumnleaves-rstednqueena-1988-23c5fddd,Autumn Leaves,1,Kenny Drew / Kenny Drew,7,7,data/processed/jtd_group_cv_16/audio_24k_mono/drewk-autumnleaves-rstednqueena-1988-23c5fddd.wav,40.000000,10.000000,24000,1988,Kenny Drew,Kenny Drew
drewk-autumnleaves-rstednqueena-1988-23c5fddd__00009,drewk-autumnleaves-rstednqueena-1988-23c5fddd,Autumn Leaves,1,Kenny Drew / Kenny Drew,7,7,data/processed/jtd_group_cv_16/audio_24k_mono/drewk-autumnleaves-rstednqueena-1988-23c5fddd.wav,45.000000,10.000000,24000,1988,Kenny Drew,Kenny Drew
drewk-autumnleaves-rstednqueena-1988-23c5fddd__00010,drewk-autumnleaves-rstednqueena-1988-23c5fddd,Autumn Leaves,1,Kenny Drew / Kenny Drew,7,7,data/processed/jtd_group_cv_16/audio_24k_mono/drewk-autumnleaves-rstednqueena-1988-23c5fddd.wav,50.000000,10.000000,24000,1988,Kenny Drew,Kenny Drew
drewk-autumnleaves-rstednqueena-1988-23c5fddd__00011,drewk-autumnleaves-rstednqueena-1988-23c5fddd,Autumn Leaves,1,Kenny Drew / Kenny Drew,7,7,data/processed/jtd_group_cv_16/audio_24k_mono/drewk-autumnleaves-rstednqueena-1988-23c5fddd.wav,55.000000,10.000000,24000,1988,Kenny Drew,Kenny Drew
drewk-autumnleaves-rstednqueena-1988-23c5fddd__00012,drewk-autumnleaves-rstednqueena-1988-23c5fddd,Autumn Leaves,1,Kenny Drew / Kenny Drew,7,7,data/processed/jtd_group_cv_16/audio_24k_mono/drewk-autumnleaves-rstednqueena-1988-23c5fddd.wav,60.000000,10.000000,24000,1988,Kenny Drew,Kenny Drew
drewk-autumnleaves-rstednqueena-1988-23c5fddd__00013,drewk-autumnleaves-rstednqueena-1988-23c5fddd,Autumn Leaves,1,Kenny Drew / Kenny Drew,7,7,data/processed/jtd_group_cv_16/audio_24k_mono/drewk-autumnleaves-rstednqueena-1988-23c5fddd.wav,65.000000,10.000000,24000,1988,Kenny Drew,Kenny Drew
drewk-autumnleaves-rstednqueena-1988-23c5fddd__00014,drewk-autumnleaves-rstednqueena-1988-23c5fddd,Autumn Leaves,1,Kenny Drew / Kenny Drew,7,7,data/processed/jtd_group_cv_16/audio_24k_mono/drewk-autumnleaves-rstednqueena-1988-23c5fddd.wav,70.000000,10.000000,24000,1988,Kenny Drew,Kenny Drew
drewk-autumnleaves-rstednqueena-1988-23c5fddd__00015,drewk-autumnleaves-rstednqueena-1988-23c5fddd,Autumn Leaves,1,Kenny Drew / Kenny Drew,7,7,data/processed/jtd_group_cv_16/audio_24k_mono/drewk-autumnleaves-rstednqueena-1988-23c5fddd.wav,75.000000,10.000000,24000,1988,Kenny Drew,Kenny Drew
drewk-autumnleaves-rstednqueena-1988-23c5fddd__00016,drewk-autumnleaves-rstednqueena-1988-23c5fddd,Autumn Leaves,1,Kenny Drew / Kenny Drew,7,7,data/processed/jtd_group_cv_16/audio_24k_mono/drewk-autumnleaves-rstednqueena-1988-23c5fddd.wav,80.000000,10.000000,24000,1988,Kenny Drew,Kenny Drew
drewk-autumnleaves-rstednqueena-1988-23c5fddd__00017,drewk-autumnleaves-rstednqueena-1988-23c5fddd,Autumn Leaves,1,Kenny Drew / Kenny Drew,7,7,data/processed/jtd_group_cv_16/audio_24k_mono/drewk-autumnleaves-rstednqueena-1988-23c5fddd.wav,85.000000,10.000000,24000,1988,Kenny Drew,Kenny Drew
drewk-autumnleaves-rstednqueena-1988-23c5fddd__00018,drewk-autumnleaves-rstednqueena-1988-23c5fddd,Autumn Leaves,1,Kenny Drew / Kenny Drew,7,7,data/processed/jtd_group_cv_16/audio_24k_mono/drewk-autumnleaves-rstednqueena-1988-23c5fddd.wav,90.000000,10.000000,24000,1988,Kenny Drew,Kenny Drew
drewk-autumnleaves-rstednqueena-1988-23c5fddd__00019,drewk-autumnleaves-rstednqueena-1988-23c5fddd,Autumn Leaves,1,Kenny Drew / Kenny Drew,7,7,data/processed/jtd_group_cv_16/audio_24k_mono/drewk-autumnleaves-rstednqueena-1988-23c5fddd.wav,95.000000,10.000000,24000,1988,Kenny Drew,Kenny Drew
drewk-autumnleaves-rstednqueena-1988-23c5fddd__00020,drewk-autumnleaves-rstednqueena-1988-23c5fddd,Autumn Leaves,1,Kenny Drew / Kenny Drew,7,7,data/processed/jtd_group_cv_16/audio_24k_mono/drewk-autumnleaves-rstednqueena-1988-23c5fddd.wav,100.000000,10.000000,24000,1988,Kenny Drew,Kenny Drew
drewk-autumnleaves-rstednqueena-1988-23c5fddd__00021,drewk-autumnleaves-rstednqueena-1988-23c5fddd,Autumn Leaves,1,Kenny Drew / Kenny Drew,7,7,data/processed/jtd_group_cv_16/audio_24k_mono/drewk-autumnleaves-rstednqueena-1988-23c5fddd.wav,105.000000,10.000000,24000,1988,Kenny Drew,Kenny Drew
drewk-autumnleaves-rstednqueena-1988-23c5fddd__00022,drewk-autumnleaves-rstednqueena-1988-23c5fddd,Autumn Leaves,1,Kenny Drew / Kenny Drew,7,7,data/processed/jtd_group_cv_16/audio_24k_mono/drewk-autumnleaves-rstednqueena-1988-23c5fddd.wav,110.000000,10.000000,24000,1988,Kenny Drew,Kenny Drew
drewk-autumnleaves-rstednqueena-1988-23c5fddd__00023,drewk-autumnleaves-rstednqueena-1988-23c5fddd,Autumn Leaves,1,Kenny Drew / Kenny Drew,7,7,data/processed/jtd_group_cv_16/audio_24k_mono/drewk-autumnleaves-rstednqueena-1988-23c5fddd.wav,115.000000,10.000000,24000,1988,Kenny Drew,Kenny Drew
petersono-autumnleaves-brownrthigpene-1965-204c37f6__00000,petersono-autumnleaves-brownrthigpene-1965-204c37f6,Autumn Leaves,1,Oscar Peterson / Oscar Peterson,0,0,data/processed/jtd_group_cv_16/audio_24k_mono/petersono-autumnleaves-brownrthigpene-1965-204c37f6.wav,0.000000,10.000000,24000,1965,Oscar Peterson,Oscar Peterson
petersono-autumnleaves-brownrthigpene-1965-204c37f6__00001,petersono-autumnleaves-brownrthigpene-1965-204c37f6,Autumn Leaves,1,Oscar Peterson / Oscar Peterson,0,0,data/processed/jtd_group_cv_16/audio_24k_mono/petersono-autumnleaves-brownrthigpene-1965-204c37f6.wav,5.000000,10.000000,24000,1965,Oscar Peterson,Oscar Peterson
petersono-autumnleaves-brownrthigpene-1965-204c37f6__00002,petersono-autumnleaves-brownrthigpene-1965-204c37f6,Autumn Leaves,1,Oscar Peterson / Oscar Peterson,0,0,data/processed/jtd_group_cv_16/audio_24k_mono/petersono-autumnleaves-brownrthigpene-1965-204c37f6.wav,10.000000,10.000000,24000,1965,Oscar Peterson,Oscar Peterson
petersono-autumnleaves-brownrthigpene-1965-204c37f6__00003,petersono-autumnleaves-brownrthigpene-1965-204c37f6,Autumn Leaves,1,Oscar Peterson / Oscar Peterson,0,0,data/processed/jtd_group_cv_16/audio_24k_mono/petersono-autumnleaves-brownrthigpene-1965-204c37f6.wav,15.000000,10.000000,24000,1965,Oscar Peterson,Oscar Peterson
petersono-autumnleaves-brownrthigpene-1965-204c37f6__00004,petersono-autumnleaves-brownrthigpene-1965-204c37f6,Autumn Leaves,1,Oscar Peterson / Oscar Peterson,0,0,data/processed/jtd_group_cv_16/audio_24k_mono/petersono-autumnleaves-brownrthigpene-1965-204c37f6.wav,20.000000,10.000000,24000,1965,Oscar Peterson,Oscar Peterson
petersono-autumnleaves-brownrthigpene-1965-204c37f6__00005,petersono-autumnleaves-brownrthigpene-1965-204c37f6,Autumn Leaves,1,Oscar Peterson / Oscar Peterson,0,0,data/processed/jtd_group_cv_16/audio_24k_mono/petersono-autumnleaves-brownrthigpene-1965-204c37f6.wav,25.000000,10.000000,24000,1965,Oscar Peterson,Oscar Peterson
petersono-autumnleaves-brownrthigpene-1965-204c37f6__00006,petersono-autumnleaves-brownrthigpene-1965-204c37f6,Autumn Leaves,1,Oscar Peterson / Oscar Peterson,0,0,data/processed/jtd_group_cv_16/audio_24k_mono/petersono-autumnleaves-brownrthigpene-1965-204c37f6.wav,30.000000,10.000000,24000,1965,Oscar Peterson,Oscar Peterson
petersono-autumnleaves-brownrthigpene-1965-204c37f6__00007,petersono-autumnleaves-brownrthigpene-1965-204c37f6,Autumn Leaves,1,Oscar Peterson / Oscar Peterson,0,0,data/processed/jtd_group_cv_16/audio_24k_mono/petersono-autumnleaves-brownrthigpene-1965-204c37f6.wav,35.000000,10.000000,24000,1965,Oscar Peterson,Oscar Peterson
petersono-autumnleaves-brownrthigpene-1965-204c37f6__00008,petersono-autumnleaves-brownrthigpene-1965-204c37f6,Autumn Leaves,1,Oscar Peterson / Oscar Peterson,0,0,data/processed/jtd_group_cv_16/audio_24k_mono/petersono-autumnleaves-brownrthigpene-1965-204c37f6.wav,40.000000,10.000000,24000,1965,Oscar Peterson,Oscar Peterson
petersono-autumnleaves-brownrthigpene-1965-204c37f6__00009,petersono-autumnleaves-brownrthigpene-1965-204c37f6,Autumn Leaves,1,Oscar Peterson / Oscar Peterson,0,0,data/processed/jtd_group_cv_16/audio_24k_mono/petersono-autumnleaves-brownrthigpene-1965-204c37f6.wav,45.000000,10.000000,24000,1965,Oscar Peterson,Oscar Peterson
petersono-autumnleaves-brownrthigpene-1965-204c37f6__00010,petersono-autumnleaves-brownrthigpene-1965-204c37f6,Autumn Leaves,1,Oscar Peterson / Oscar Peterson,0,0,data/processed/jtd_group_cv_16/audio_24k_mono/petersono-autumnleaves-brownrthigpene-1965-204c37f6.wav,50.000000,10.000000,24000,1965,Oscar Peterson,Oscar Peterson
petersono-autumnleaves-brownrthigpene-1965-204c37f6__00011,petersono-autumnleaves-brownrthigpene-1965-204c37f6,Autumn Leaves,1,Oscar Peterson / Oscar Peterson,0,0,data/processed/jtd_group_cv_16/audio_24k_mono/petersono-autumnleaves-brownrthigpene-1965-204c37f6.wav,55.000000,10.000000,24000,1965,Oscar Peterson,Oscar Peterson
petersono-autumnleaves-brownrthigpene-1965-204c37f6__00012,petersono-autumnleaves-brownrthigpene-1965-204c37f6,Autumn Leaves,1,Oscar Peterson / Oscar Peterson,0,0,data/processed/jtd_group_cv_16/audio_24k_mono/petersono-autumnleaves-brownrthigpene-1965-204c37f6.wav,60.000000,10.000000,24000,1965,Oscar Peterson,Oscar Peterson
petersono-autumnleaves-brownrthigpene-1965-204c37f6__00013,petersono-autumnleaves-brownrthigpene-1965-204c37f6,Autumn Leaves,1,Oscar Peterson / Oscar Peterson,0,0,data/processed/jtd_group_cv_16/audio_24k_mono/petersono-autumnleaves-brownrthigpene-1965-204c37f6.wav,65.000000,10.000000,24000,1965,Oscar Peterson,Oscar Peterson
petersono-autumnleaves-brownrthigpene-1965-204c37f6__00014,petersono-autumnleaves-brownrthigpene-1965-204c37f6,Autumn Leaves,1,Oscar Peterson / Oscar Peterson,0,0,data/processed/jtd_group_cv_16/audio_24k_mono/petersono-autumnleaves-brownrthigpene-1965-204c37f6.wav,70.000000,10.000000,24000,1965,Oscar Peterson,Oscar Peterson
kellyw-autumnleaves-mcclurercobbj-1966-6319a440__00000,kellyw-autumnleaves-mcclurercobbj-1966-6319a440,Autumn Leaves,1,Wynton Kelly / Wynton Kelly,5,5,data/processed/jtd_group_cv_16/audio_24k_mono/kellyw-autumnleaves-mcclurercobbj-1966-6319a440.wav,0.000000,10.000000,24000,1966,Wynton Kelly,Wynton Kelly
kellyw-autumnleaves-mcclurercobbj-1966-6319a440__00001,kellyw-autumnleaves-mcclurercobbj-1966-6319a440,Autumn Leaves,1,Wynton Kelly / Wynton Kelly,5,5,data/processed/jtd_group_cv_16/audio_24k_mono/kellyw-autumnleaves-mcclurercobbj-1966-6319a440.wav,5.000000,10.000000,24000,1966,Wynton Kelly,Wynton Kelly
kellyw-autumnleaves-mcclurercobbj-1966-6319a440__00002,kellyw-autumnleaves-mcclurercobbj-1966-6319a440,Autumn Leaves,1,Wynton Kelly / Wynton Kelly,5,5,data/processed/jtd_group_cv_16/audio_24k_mono/kellyw-autumnleaves-mcclurercobbj-1966-6319a440.wav,10.000000,10.000000,24000,1966,Wynton Kelly,Wynton Kelly
kellyw-autumnleaves-mcclurercobbj-1966-6319a440__00003,kellyw-autumnleaves-mcclurercobbj-1966-6319a440,Autumn Leaves,1,Wynton Kelly / Wynton Kelly,5,5,data/processed/jtd_group_cv_16/audio_24k_mono/kellyw-autumnleaves-mcclurercobbj-1966-6319a440.wav,15.000000,10.000000,24000,1966,Wynton Kelly,Wynton Kelly
kellyw-autumnleaves-mcclurercobbj-1966-6319a440__00004,kellyw-autumnleaves-mcclurercobbj-1966-6319a440,Autumn Leaves,1,Wynton Kelly / Wynton Kelly,5,5,data/processed/jtd_group_cv_16/audio_24k_mono/kellyw-autumnleaves-mcclurercobbj-1966-6319a440.wav,20.000000,10.000000,24000,1966,Wynton Kelly,Wynton Kelly
kellyw-autumnleaves-mcclurercobbj-1966-6319a440__00005,kellyw-autumnleaves-mcclurercobbj-1966-6319a440,Autumn Leaves,1,Wynton Kelly / Wynton Kelly,5,5,data/processed/jtd_group_cv_16/audio_24k_mono/kellyw-autumnleaves-mcclurercobbj-1966-6319a440.wav,25.000000,10.000000,24000,1966,Wynton Kelly,Wynton Kelly
kellyw-autumnleaves-mcclurercobbj-1966-6319a440__00006,kellyw-autumnleaves-mcclurercobbj-1966-6319a440,Autumn Leaves,1,Wynton Kelly / Wynton Kelly,5,5,data/processed/jtd_group_cv_16/audio_24k_mono/kellyw-autumnleaves-mcclurercobbj-1966-6319a440.wav,30.000000,10.000000,24000,1966,Wynton Kelly,Wynton Kelly
kellyw-autumnleaves-mcclurercobbj-1966-6319a440__00007,kellyw-autumnleaves-mcclurercobbj-1966-6319a440,Autumn Leaves,1,Wynton Kelly / Wynton Kelly,5,5,data/processed/jtd_group_cv_16/audio_24k_mono/kellyw-autumnleaves-mcclurercobbj-1966-6319a440.wav,35.000000,10.000000,24000,1966,Wynton Kelly,Wynton Kelly
kellyw-autumnleaves-mcclurercobbj-1966-6319a440__00008,kellyw-autumnleaves-mcclurercobbj-1966-6319a440,Autumn Leaves,1,Wynton Kelly / Wynton Kelly,5,5,data/processed/jtd_group_cv_16/audio_24k_mono/kellyw-autumnleaves-mcclurercobbj-1966-6319a440.wav,40.000000,10.000000,24000,1966,Wynton Kelly,Wynton Kelly
kellyw-autumnleaves-mcclurercobbj-1966-6319a440__00009,kellyw-autumnleaves-mcclurercobbj-1966-6319a440,Autumn Leaves,1,Wynton Kelly / Wynton Kelly,5,5,data/processed/jtd_group_cv_16/audio_24k_mono/kellyw-autumnleaves-mcclurercobbj-1966-6319a440.wav,45.000000,10.000000,24000,1966,Wynton Kelly,Wynton Kelly
kellyw-autumnleaves-mcclurercobbj-1966-6319a440__00010,kellyw-autumnleaves-mcclurercobbj-1966-6319a440,Autumn Leaves,1,Wynton Kelly / Wynton Kelly,5,5,data/processed/jtd_group_cv_16/audio_24k_mono/kellyw-autumnleaves-mcclurercobbj-1966-6319a440.wav,50.000000,10.000000,24000,1966,Wynton Kelly,Wynton Kelly
kellyw-autumnleaves-mcclurercobbj-1966-6319a440__00011,kellyw-autumnleaves-mcclurercobbj-1966-6319a440,Autumn Leaves,1,Wynton Kelly / Wynton Kelly,5,5,data/processed/jtd_group_cv_16/audio_24k_mono/kellyw-autumnleaves-mcclurercobbj-1966-6319a440.wav,55.000000,10.000000,24000,1966,Wynton Kelly,Wynton Kelly
kellyw-autumnleaves-mcclurercobbj-1966-6319a440__00012,kellyw-autumnleaves-mcclurercobbj-1966-6319a440,Autumn Leaves,1,Wynton Kelly / Wynton Kelly,5,5,data/processed/jtd_group_cv_16/audio_24k_mono/kellyw-autumnleaves-mcclurercobbj-1966-6319a440.wav,60.000000,10.000000,24000,1966,Wynton Kelly,Wynton Kelly
kellyw-autumnleaves-mcclurercobbj-1966-6319a440__00013,kellyw-autumnleaves-mcclurercobbj-1966-6319a440,Autumn Leaves,1,Wynton Kelly / Wynton Kelly,5,5,data/processed/jtd_group_cv_16/audio_24k_mono/kellyw-autumnleaves-mcclurercobbj-1966-6319a440.wav,65.000000,10.000000,24000,1966,Wynton Kelly,Wynton Kelly
jamala-ididntknowwhattime-nasserjlampkinc-1966-d41671ba__00000,jamala-ididntknowwhattime-nasserjlampkinc-1966-d41671ba,I Didnt Know What Time It Was,2,Ahmad Jamal / Ahmad Jamal,2,2,data/processed/jtd_group_cv_16/audio_24k_mono/jamala-ididntknowwhattime-nasserjlampkinc-1966-d41671ba.wav,0.000000,10.000000,24000,1966,Ahmad Jamal,Ahmad Jamal
jamala-ididntknowwhattime-nasserjlampkinc-1966-d41671ba__00001,jamala-ididntknowwhattime-nasserjlampkinc-1966-d41671ba,I Didnt Know What Time It Was,2,Ahmad Jamal / Ahmad Jamal,2,2,data/processed/jtd_group_cv_16/audio_24k_mono/jamala-ididntknowwhattime-nasserjlampkinc-1966-d41671ba.wav,5.000000,10.000000,24000,1966,Ahmad Jamal,Ahmad Jamal
jamala-ididntknowwhattime-nasserjlampkinc-1966-d41671ba__00002,jamala-ididntknowwhattime-nasserjlampkinc-1966-d41671ba,I Didnt Know What Time It Was,2,Ahmad Jamal / Ahmad Jamal,2,2,data/processed/jtd_group_cv_16/audio_24k_mono/jamala-ididntknowwhattime-nasserjlampkinc-1966-d41671ba.wav,10.000000,10.000000,24000,1966,Ahmad Jamal,Ahmad Jamal
jamala-ididntknowwhattime-nasserjlampkinc-1966-d41671ba__00003,jamala-ididntknowwhattime-nasserjlampkinc-1966-d41671ba,I Didnt Know What Time It Was,2,Ahmad Jamal / Ahmad Jamal,2,2,data/processed/jtd_group_cv_16/audio_24k_mono/jamala-ididntknowwhattime-nasserjlampkinc-1966-d41671ba.wav,15.000000,10.000000,24000,1966,Ahmad Jamal,Ahmad Jamal
jamala-ididntknowwhattime-nasserjlampkinc-1966-d41671ba__00004,jamala-ididntknowwhattime-nasserjlampkinc-1966-d41671ba,I Didnt Know What Time It Was,2,Ahmad Jamal / Ahmad Jamal,2,2,data/processed/jtd_group_cv_16/audio_24k_mono/jamala-ididntknowwhattime-nasserjlampkinc-1966-d41671ba.wav,20.000000,10.000000,24000,1966,Ahmad Jamal,Ahmad Jamal
jamala-ididntknowwhattime-nasserjlampkinc-1966-d41671ba__00005,jamala-ididntknowwhattime-nasserjlampkinc-1966-d41671ba,I Didnt Know What Time It Was,2,Ahmad Jamal / Ahmad Jamal,2,2,data/processed/jtd_group_cv_16/audio_24k_mono/jamala-ididntknowwhattime-nasserjlampkinc-1966-d41671ba.wav,25.000000,10.000000,24000,1966,Ahmad Jamal,Ahmad Jamal
jamala-ididntknowwhattime-nasserjlampkinc-1966-d41671ba__00006,jamala-ididntknowwhattime-nasserjlampkinc-1966-d41671ba,I Didnt Know What Time It Was,2,Ahmad Jamal / Ahmad Jamal,2,2,data/processed/jtd_group_cv_16/audio_24k_mono/jamala-ididntknowwhattime-nasserjlampkinc-1966-d41671ba.wav,30.000000,10.000000,24000,1966,Ahmad Jamal,Ahmad Jamal
jamala-ididntknowwhattime-nasserjlampkinc-1966-d41671ba__00007,jamala-ididntknowwhattime-nasserjlampkinc-1966-d41671ba,I Didnt Know What Time It Was,2,Ahmad Jamal / Ahmad Jamal,2,2,data/processed/jtd_group_cv_16/audio_24k_mono/jamala-ididntknowwhattime-nasserjlampkinc-1966-d41671ba.wav,35.000000,10.000000,24000,1966,Ahmad Jamal,Ahmad Jamal
jamala-ididntknowwhattime-nasserjlampkinc-1966-d41671ba__00008,jamala-ididntknowwhattime-nasserjlampkinc-1966-d41671ba,I Didnt Know What Time It Was,2,Ahmad Jamal / Ahmad Jamal,2,2,data/processed/jtd_group_cv_16/audio_24k_mono/jamala-ididntknowwhattime-nasserjlampkinc-1966-d41671ba.wav,40.000000,10.000000,24000,1966,Ahmad Jamal,Ahmad Jamal
jamala-ididntknowwhattime-nasserjlampkinc-1966-d41671ba__00009,jamala-ididntknowwhattime-nasserjlampkinc-1966-d41671ba,I Didnt Know What Time It Was,2,Ahmad Jamal / Ahmad Jamal,2,2,data/processed/jtd_group_cv_16/audio_24k_mono/jamala-ididntknowwhattime-nasserjlampkinc-1966-d41671ba.wav,45.000000,10.000000,24000,1966,Ahmad Jamal,Ahmad Jamal
jamala-ididntknowwhattime-nasserjlampkinc-1966-d41671ba__00010,jamala-ididntknowwhattime-nasserjlampkinc-1966-d41671ba,I Didnt Know What Time It Was,2,Ahmad Jamal / Ahmad Jamal,2,2,data/processed/jtd_group_cv_16/audio_24k_mono/jamala-ididntknowwhattime-nasserjlampkinc-1966-d41671ba.wav,50.000000,10.000000,24000,1966,Ahmad Jamal,Ahmad Jamal
jamala-ididntknowwhattime-nasserjlampkinc-1966-d41671ba__00011,jamala-ididntknowwhattime-nasserjlampkinc-1966-d41671ba,I Didnt Know What Time It Was,2,Ahmad Jamal / Ahmad Jamal,2,2,data/processed/jtd_group_cv_16/audio_24k_mono/jamala-ididntknowwhattime-nasserjlampkinc-1966-d41671ba.wav,55.000000,10.000000,24000,1966,Ahmad Jamal,Ahmad Jamal
jamala-ididntknowwhattime-nasserjlampkinc-1966-d41671ba__00012,jamala-ididntknowwhattime-nasserjlampkinc-1966-d41671ba,I Didnt Know What Time It Was,2,Ahmad Jamal / Ahmad Jamal,2,2,data/processed/jtd_group_cv_16/audio_24k_mono/jamala-ididntknowwhattime-nasserjlampkinc-1966-d41671ba.wav,60.000000,10.000000,24000,1966,Ahmad Jamal,Ahmad Jamal
jamala-ididntknowwhattime-nasserjlampkinc-1966-d41671ba__00013,jamala-ididntknowwhattime-nasserjlampkinc-1966-d41671ba,I Didnt Know What Time It Was,2,Ahmad Jamal / Ahmad Jamal,2,2,data/processed/jtd_group_cv_16/audio_24k_mono/jamala-ididntknowwhattime-nasserjlampkinc-1966-d41671ba.wav,65.000000,10.000000,24000,1966,Ahmad Jamal,Ahmad Jamal
jamala-ididntknowwhattime-nasserjlampkinc-1966-d41671ba__00014,jamala-ididntknowwhattime-nasserjlampkinc-1966-d41671ba,I Didnt Know What Time It Was,2,Ahmad Jamal / Ahmad Jamal,2,2,data/processed/jtd_group_cv_16/audio_24k_mono/jamala-ididntknowwhattime-nasserjlampkinc-1966-d41671ba.wav,70.000000,10.000000,24000,1966,Ahmad Jamal,Ahmad Jamal
jamala-ididntknowwhattime-nasserjlampkinc-1966-d41671ba__00015,jamala-ididntknowwhattime-nasserjlampkinc-1966-d41671ba,I Didnt Know What Time It Was,2,Ahmad Jamal / Ahmad Jamal,2,2,data/processed/jtd_group_cv_16/audio_24k_mono/jamala-ididntknowwhattime-nasserjlampkinc-1966-d41671ba.wav,75.000000,10.000000,24000,1966,Ahmad Jamal,Ahmad Jamal
jamala-ididntknowwhattime-nasserjlampkinc-1966-d41671ba__00016,jamala-ididntknowwhattime-nasserjlampkinc-1966-d41671ba,I Didnt Know What Time It Was,2,Ahmad Jamal / Ahmad Jamal,2,2,data/processed/jtd_group_cv_16/audio_24k_mono/jamala-ididntknowwhattime-nasserjlampkinc-1966-d41671ba.wav,80.000000,10.000000,24000,1966,Ahmad Jamal,Ahmad Jamal
jamala-ididntknowwhattime-nasserjlampkinc-1966-d41671ba__00017,jamala-ididntknowwhattime-nasserjlampkinc-1966-d41671ba,I Didnt Know What Time It Was,2,Ahmad Jamal / Ahmad Jamal,2,2,data/processed/jtd_group_cv_16/audio_24k_mono/jamala-ididntknowwhattime-nasserjlampkinc-1966-d41671ba.wav,85.000000,10.000000,24000,1966,Ahmad Jamal,Ahmad Jamal
jamala-ididntknowwhattime-nasserjlampkinc-1966-d41671ba__00018,jamala-ididntknowwhattime-nasserjlampkinc-1966-d41671ba,I Didnt Know What Time It Was,2,Ahmad Jamal / Ahmad Jamal,2,2,data/processed/jtd_group_cv_16/audio_24k_mono/jamala-ididntknowwhattime-nasserjlampkinc-1966-d41671ba.wav,90.000000,10.000000,24000,1966,Ahmad Jamal,Ahmad Jamal
jamala-ididntknowwhattime-nasserjlampkinc-1966-d41671ba__00019,jamala-ididntknowwhattime-nasserjlampkinc-1966-d41671ba,I Didnt Know What Time It Was,2,Ahmad Jamal / Ahmad Jamal,2,2,data/processed/jtd_group_cv_16/audio_24k_mono/jamala-ididntknowwhattime-nasserjlampkinc-1966-d41671ba.wav,95.000000,10.000000,24000,1966,Ahmad Jamal,Ahmad Jamal
jamala-ididntknowwhattime-nasserjlampkinc-1966-d41671ba__00020,jamala-ididntknowwhattime-nasserjlampkinc-1966-d41671ba,I Didnt Know What Time It Was,2,Ahmad Jamal / Ahmad Jamal,2,2,data/processed/jtd_group_cv_16/audio_24k_mono/jamala-ididntknowwhattime-nasserjlampkinc-1966-d41671ba.wav,100.000000,10.000000,24000,1966,Ahmad Jamal,Ahmad Jamal
jamala-ididntknowwhattime-nasserjlampkinc-1966-d41671ba__00021,jamala-ididntknowwhattime-nasserjlampkinc-1966-d41671ba,I Didnt Know What Time It Was,2,Ahmad Jamal / Ahmad Jamal,2,2,data/processed/jtd_group_cv_16/audio_24k_mono/jamala-ididntknowwhattime-nasserjlampkinc-1966-d41671ba.wav,105.000000,10.000000,24000,1966,Ahmad Jamal,Ahmad Jamal
jamala-ididntknowwhattime-nasserjlampkinc-1966-d41671ba__00022,jamala-ididntknowwhattime-nasserjlampkinc-1966-d41671ba,I Didnt Know What Time It Was,2,Ahmad Jamal / Ahmad Jamal,2,2,data/processed/jtd_group_cv_16/audio_24k_mono/jamala-ididntknowwhattime-nasserjlampkinc-1966-d41671ba.wav,110.000000,10.000000,24000,1966,Ahmad Jamal,Ahmad Jamal
jamala-ididntknowwhattime-nasserjlampkinc-1966-d41671ba__00023,jamala-ididntknowwhattime-nasserjlampkinc-1966-d41671ba,I Didnt Know What Time It Was,2,Ahmad Jamal / Ahmad Jamal,2,2,data/processed/jtd_group_cv_16/audio_24k_mono/jamala-ididntknowwhattime-nasserjlampkinc-1966-d41671ba.wav,115.000000,10.000000,24000,1966,Ahmad Jamal,Ahmad Jamal
jamala-ididntknowwhattime-nasserjlampkinc-1966-d41671ba__00024,jamala-ididntknowwhattime-nasserjlampkinc-1966-d41671ba,I Didnt Know What Time It Was,2,Ahmad Jamal / Ahmad Jamal,2,2,data/processed/jtd_group_cv_16/audio_24k_mono/jamala-ididntknowwhattime-nasserjlampkinc-1966-d41671ba.wav,120.000000,10.000000,24000,1966,Ahmad Jamal,Ahmad Jamal
jamala-ididntknowwhattime-nasserjlampkinc-1966-d41671ba__00025,jamala-ididntknowwhattime-nasserjlampkinc-1966-d41671ba,I Didnt Know What Time It Was,2,Ahmad Jamal / Ahmad Jamal,2,2,data/processed/jtd_group_cv_16/audio_24k_mono/jamala-ididntknowwhattime-nasserjlampkinc-1966-d41671ba.wav,125.000000,10.000000,24000,1966,Ahmad Jamal,Ahmad Jamal
jamala-ididntknowwhattime-nasserjlampkinc-1966-d41671ba__00026,jamala-ididntknowwhattime-nasserjlampkinc-1966-d41671ba,I Didnt Know What Time It Was,2,Ahmad Jamal / Ahmad Jamal,2,2,data/processed/jtd_group_cv_16/audio_24k_mono/jamala-ididntknowwhattime-nasserjlampkinc-1966-d41671ba.wav,130.000000,10.000000,24000,1966,Ahmad Jamal,Ahmad Jamal
jamala-ididntknowwhattime-nasserjlampkinc-1966-d41671ba__00027,jamala-ididntknowwhattime-nasserjlampkinc-1966-d41671ba,I Didnt Know What Time It Was,2,Ahmad Jamal / Ahmad Jamal,2,2,data/processed/jtd_group_cv_16/audio_24k_mono/jamala-ididntknowwhattime-nasserjlampkinc-1966-d41671ba.wav,135.000000,10.000000,24000,1966,Ahmad Jamal,Ahmad Jamal
jamala-ididntknowwhattime-nasserjlampkinc-1966-d41671ba__00028,jamala-ididntknowwhattime-nasserjlampkinc-1966-d41671ba,I Didnt Know What Time It Was,2,Ahmad Jamal / Ahmad Jamal,2,2,data/processed/jtd_group_cv_16/audio_24k_mono/jamala-ididntknowwhattime-nasserjlampkinc-1966-d41671ba.wav,140.000000,10.000000,24000,1966,Ahmad Jamal,Ahmad Jamal
jamala-ididntknowwhattime-nasserjlampkinc-1966-d41671ba__00029,jamala-ididntknowwhattime-nasserjlampkinc-1966-d41671ba,I Didnt Know What Time It Was,2,Ahmad Jamal / Ahmad Jamal,2,2,data/processed/jtd_group_cv_16/audio_24k_mono/jamala-ididntknowwhattime-nasserjlampkinc-1966-d41671ba.wav,145.000000,10.000000,24000,1966,Ahmad Jamal,Ahmad Jamal
jamala-ididntknowwhattime-nasserjlampkinc-1966-d41671ba__00030,jamala-ididntknowwhattime-nasserjlampkinc-1966-d41671ba,I Didnt Know What Time It Was,2,Ahmad Jamal / Ahmad Jamal,2,2,data/processed/jtd_group_cv_16/audio_24k_mono/jamala-ididntknowwhattime-nasserjlampkinc-1966-d41671ba.wav,150.000000,10.000000,24000,1966,Ahmad Jamal,Ahmad Jamal
jamala-ididntknowwhattime-nasserjlampkinc-1966-d41671ba__00031,jamala-ididntknowwhattime-nasserjlampkinc-1966-d41671ba,I Didnt Know What Time It Was,2,Ahmad Jamal / Ahmad Jamal,2,2,data/processed/jtd_group_cv_16/audio_24k_mono/jamala-ididntknowwhattime-nasserjlampkinc-1966-d41671ba.wav,155.000000,10.000000,24000,1966,Ahmad Jamal,Ahmad Jamal
jamala-ididntknowwhattime-nasserjlampkinc-1966-d41671ba__00032,jamala-ididntknowwhattime-nasserjlampkinc-1966-d41671ba,I Didnt Know What Time It Was,2,Ahmad Jamal / Ahmad Jamal,2,2,data/processed/jtd_group_cv_16/audio_24k_mono/jamala-ididntknowwhattime-nasserjlampkinc-1966-d41671ba.wav,160.000000,10.000000,24000,1966,Ahmad Jamal,Ahmad Jamal
jamala-ididntknowwhattime-nasserjlampkinc-1966-d41671ba__00033,jamala-ididntknowwhattime-nasserjlampkinc-1966-d41671ba,I Didnt Know What Time It Was,2,Ahmad Jamal / Ahmad Jamal,2,2,data/processed/jtd_group_cv_16/audio_24k_mono/jamala-ididntknowwhattime-nasserjlampkinc-1966-d41671ba.wav,165.000000,10.000000,24000,1966,Ahmad Jamal,Ahmad Jamal
jamala-ididntknowwhattime-nasserjlampkinc-1966-d41671ba__00034,jamala-ididntknowwhattime-nasserjlampkinc-1966-d41671ba,I Didnt Know What Time It Was,2,Ahmad Jamal / Ahmad Jamal,2,2,data/processed/jtd_group_cv_16/audio_24k_mono/jamala-ididntknowwhattime-nasserjlampkinc-1966-d41671ba.wav,170.000000,10.000000,24000,1966,Ahmad Jamal,Ahmad Jamal
jamala-ididntknowwhattime-nasserjlampkinc-1966-d41671ba__00035,jamala-ididntknowwhattime-nasserjlampkinc-1966-d41671ba,I Didnt Know What Time It Was,2,Ahmad Jamal / Ahmad Jamal,2,2,data/processed/jtd_group_cv_16/audio_24k_mono/jamala-ididntknowwhattime-nasserjlampkinc-1966-d41671ba.wav,175.000000,10.000000,24000,1966,Ahmad Jamal,Ahmad Jamal
jamala-ididntknowwhattime-nasserjlampkinc-1966-d41671ba__00036,jamala-ididntknowwhattime-nasserjlampkinc-1966-d41671ba,I Didnt Know What Time It Was,2,Ahmad Jamal / Ahmad Jamal,2,2,data/processed/jtd_group_cv_16/audio_24k_mono/jamala-ididntknowwhattime-nasserjlampkinc-1966-d41671ba.wav,180.000000,10.000000,24000,1966,Ahmad Jamal,Ahmad Jamal
jamala-ididntknowwhattime-nasserjlampkinc-1966-d41671ba__00037,jamala-ididntknowwhattime-nasserjlampkinc-1966-d41671ba,I Didnt Know What Time It Was,2,Ahmad Jamal / Ahmad Jamal,2,2,data/processed/jtd_group_cv_16/audio_24k_mono/jamala-ididntknowwhattime-nasserjlampkinc-1966-d41671ba.wav,185.000000,10.000000,24000,1966,Ahmad Jamal,Ahmad Jamal
jamala-ididntknowwhattime-nasserjlampkinc-1966-d41671ba__00038,jamala-ididntknowwhattime-nasserjlampkinc-1966-d41671ba,I Didnt Know What Time It Was,2,Ahmad Jamal / Ahmad Jamal,2,2,data/processed/jtd_group_cv_16/audio_24k_mono/jamala-ididntknowwhattime-nasserjlampkinc-1966-d41671ba.wav,190.000000,10.000000,24000,1966,Ahmad Jamal,Ahmad Jamal
jamala-ididntknowwhattime-nasserjlampkinc-1966-d41671ba__00039,jamala-ididntknowwhattime-nasserjlampkinc-1966-d41671ba,I Didnt Know What Time It Was,2,Ahmad Jamal / Ahmad Jamal,2,2,data/processed/jtd_group_cv_16/audio_24k_mono/jamala-ididntknowwhattime-nasserjlampkinc-1966-d41671ba.wav,195.000000,10.000000,24000,1966,Ahmad Jamal,Ahmad Jamal
jamala-ididntknowwhattime-nasserjlampkinc-1966-d41671ba__00040,jamala-ididntknowwhattime-nasserjlampkinc-1966-d41671ba,I Didnt Know What Time It Was,2,Ahmad Jamal / Ahmad Jamal,2,2,data/processed/jtd_group_cv_16/audio_24k_mono/jamala-ididntknowwhattime-nasserjlampkinc-1966-d41671ba.wav,200.000000,10.000000,24000,1966,Ahmad Jamal,Ahmad Jamal
jamala-ididntknowwhattime-nasserjlampkinc-1966-d41671ba__00041,jamala-ididntknowwhattime-nasserjlampkinc-1966-d41671ba,I Didnt Know What Time It Was,2,Ahmad Jamal / Ahmad Jamal,2,2,data/processed/jtd_group_cv_16/audio_24k_mono/jamala-ididntknowwhattime-nasserjlampkinc-1966-d41671ba.wav,205.000000,10.000000,24000,1966,Ahmad Jamal,Ahmad Jamal
jamala-ididntknowwhattime-nasserjlampkinc-1966-d41671ba__00042,jamala-ididntknowwhattime-nasserjlampkinc-1966-d41671ba,I Didnt Know What Time It Was,2,Ahmad Jamal / Ahmad Jamal,2,2,data/processed/jtd_group_cv_16/audio_24k_mono/jamala-ididntknowwhattime-nasserjlampkinc-1966-d41671ba.wav,210.000000,10.000000,24000,1966,Ahmad Jamal,Ahmad Jamal
jamala-ididntknowwhattime-nasserjlampkinc-1966-d41671ba__00043,jamala-ididntknowwhattime-nasserjlampkinc-1966-d41671ba,I Didnt Know What Time It Was,2,Ahmad Jamal / Ahmad Jamal,2,2,data/processed/jtd_group_cv_16/audio_24k_mono/jamala-ididntknowwhattime-nasserjlampkinc-1966-d41671ba.wav,215.000000,10.000000,24000,1966,Ahmad Jamal,Ahmad Jamal
jamala-ididntknowwhattime-nasserjlampkinc-1966-d41671ba__00044,jamala-ididntknowwhattime-nasserjlampkinc-1966-d41671ba,I Didnt Know What Time It Was,2,Ahmad Jamal / Ahmad Jamal,2,2,data/processed/jtd_group_cv_16/audio_24k_mono/jamala-ididntknowwhattime-nasserjlampkinc-1966-d41671ba.wav,220.000000,10.000000,24000,1966,Ahmad Jamal,Ahmad Jamal
jamala-ididntknowwhattime-nasserjlampkinc-1966-d41671ba__00045,jamala-ididntknowwhattime-nasserjlampkinc-1966-d41671ba,I Didnt Know What Time It Was,2,Ahmad Jamal / Ahmad Jamal,2,2,data/processed/jtd_group_cv_16/audio_24k_mono/jamala-ididntknowwhattime-nasserjlampkinc-1966-d41671ba.wav,225.000000,10.000000,24000,1966,Ahmad Jamal,Ahmad Jamal
jamala-ididntknowwhattime-nasserjlampkinc-1966-d41671ba__00046,jamala-ididntknowwhattime-nasserjlampkinc-1966-d41671ba,I Didnt Know What Time It Was,2,Ahmad Jamal / Ahmad Jamal,2,2,data/processed/jtd_group_cv_16/audio_24k_mono/jamala-ididntknowwhattime-nasserjlampkinc-1966-d41671ba.wav,230.000000,10.000000,24000,1966,Ahmad Jamal,Ahmad Jamal
waltonc-ididntknowwhattime-dumastpenlandr-1979-28cbeeb4__00000,waltonc-ididntknowwhattime-dumastpenlandr-1979-28cbeeb4,I Didnt Know What Time It Was,2,Cedar Walton / Cedar Walton,1,1,data/processed/jtd_group_cv_16/audio_24k_mono/waltonc-ididntknowwhattime-dumastpenlandr-1979-28cbeeb4.wav,0.000000,10.000000,24000,1979,Cedar Walton,Cedar Walton
waltonc-ididntknowwhattime-dumastpenlandr-1979-28cbeeb4__00001,waltonc-ididntknowwhattime-dumastpenlandr-1979-28cbeeb4,I Didnt Know What Time It Was,2,Cedar Walton / Cedar Walton,1,1,data/processed/jtd_group_cv_16/audio_24k_mono/waltonc-ididntknowwhattime-dumastpenlandr-1979-28cbeeb4.wav,5.000000,10.000000,24000,1979,Cedar Walton,Cedar Walton
waltonc-ididntknowwhattime-dumastpenlandr-1979-28cbeeb4__00002,waltonc-ididntknowwhattime-dumastpenlandr-1979-28cbeeb4,I Didnt Know What Time It Was,2,Cedar Walton / Cedar Walton,1,1,data/processed/jtd_group_cv_16/audio_24k_mono/waltonc-ididntknowwhattime-dumastpenlandr-1979-28cbeeb4.wav,10.000000,10.000000,24000,1979,Cedar Walton,Cedar Walton
waltonc-ididntknowwhattime-dumastpenlandr-1979-28cbeeb4__00003,waltonc-ididntknowwhattime-dumastpenlandr-1979-28cbeeb4,I Didnt Know What Time It Was,2,Cedar Walton / Cedar Walton,1,1,data/processed/jtd_group_cv_16/audio_24k_mono/waltonc-ididntknowwhattime-dumastpenlandr-1979-28cbeeb4.wav,15.000000,10.000000,24000,1979,Cedar Walton,Cedar Walton
waltonc-ididntknowwhattime-dumastpenlandr-1979-28cbeeb4__00004,waltonc-ididntknowwhattime-dumastpenlandr-1979-28cbeeb4,I Didnt Know What Time It Was,2,Cedar Walton / Cedar Walton,1,1,data/processed/jtd_group_cv_16/audio_24k_mono/waltonc-ididntknowwhattime-dumastpenlandr-1979-28cbeeb4.wav,20.000000,10.000000,24000,1979,Cedar Walton,Cedar Walton
waltonc-ididntknowwhattime-dumastpenlandr-1979-28cbeeb4__00005,waltonc-ididntknowwhattime-dumastpenlandr-1979-28cbeeb4,I Didnt Know What Time It Was,2,Cedar Walton / Cedar Walton,1,1,data/processed/jtd_group_cv_16/audio_24k_mono/waltonc-ididntknowwhattime-dumastpenlandr-1979-28cbeeb4.wav,25.000000,10.000000,24000,1979,Cedar Walton,Cedar Walton
waltonc-ididntknowwhattime-dumastpenlandr-1979-28cbeeb4__00006,waltonc-ididntknowwhattime-dumastpenlandr-1979-28cbeeb4,I Didnt Know What Time It Was,2,Cedar Walton / Cedar Walton,1,1,data/processed/jtd_group_cv_16/audio_24k_mono/waltonc-ididntknowwhattime-dumastpenlandr-1979-28cbeeb4.wav,30.000000,10.000000,24000,1979,Cedar Walton,Cedar Walton
waltonc-ididntknowwhattime-dumastpenlandr-1979-28cbeeb4__00007,waltonc-ididntknowwhattime-dumastpenlandr-1979-28cbeeb4,I Didnt Know What Time It Was,2,Cedar Walton / Cedar Walton,1,1,data/processed/jtd_group_cv_16/audio_24k_mono/waltonc-ididntknowwhattime-dumastpenlandr-1979-28cbeeb4.wav,35.000000,10.000000,24000,1979,Cedar Walton,Cedar Walton
waltonc-ididntknowwhattime-dumastpenlandr-1979-28cbeeb4__00008,waltonc-ididntknowwhattime-dumastpenlandr-1979-28cbeeb4,I Didnt Know What Time It Was,2,Cedar Walton / Cedar Walton,1,1,data/processed/jtd_group_cv_16/audio_24k_mono/waltonc-ididntknowwhattime-dumastpenlandr-1979-28cbeeb4.wav,40.000000,10.000000,24000,1979,Cedar Walton,Cedar Walton
waltonc-ididntknowwhattime-dumastpenlandr-1979-28cbeeb4__00009,waltonc-ididntknowwhattime-dumastpenlandr-1979-28cbeeb4,I Didnt Know What Time It Was,2,Cedar Walton / Cedar Walton,1,1,data/processed/jtd_group_cv_16/audio_24k_mono/waltonc-ididntknowwhattime-dumastpenlandr-1979-28cbeeb4.wav,45.000000,10.000000,24000,1979,Cedar Walton,Cedar Walton
waltonc-ididntknowwhattime-dumastpenlandr-1979-28cbeeb4__00010,waltonc-ididntknowwhattime-dumastpenlandr-1979-28cbeeb4,I Didnt Know What Time It Was,2,Cedar Walton / Cedar Walton,1,1,data/processed/jtd_group_cv_16/audio_24k_mono/waltonc-ididntknowwhattime-dumastpenlandr-1979-28cbeeb4.wav,50.000000,10.000000,24000,1979,Cedar Walton,Cedar Walton
waltonc-ididntknowwhattime-dumastpenlandr-1979-28cbeeb4__00011,waltonc-ididntknowwhattime-dumastpenlandr-1979-28cbeeb4,I Didnt Know What Time It Was,2,Cedar Walton / Cedar Walton,1,1,data/processed/jtd_group_cv_16/audio_24k_mono/waltonc-ididntknowwhattime-dumastpenlandr-1979-28cbeeb4.wav,55.000000,10.000000,24000,1979,Cedar Walton,Cedar Walton
waltonc-ididntknowwhattime-dumastpenlandr-1979-28cbeeb4__00012,waltonc-ididntknowwhattime-dumastpenlandr-1979-28cbeeb4,I Didnt Know What Time It Was,2,Cedar Walton / Cedar Walton,1,1,data/processed/jtd_group_cv_16/audio_24k_mono/waltonc-ididntknowwhattime-dumastpenlandr-1979-28cbeeb4.wav,60.000000,10.000000,24000,1979,Cedar Walton,Cedar Walton
waltonc-ididntknowwhattime-dumastpenlandr-1979-28cbeeb4__00013,waltonc-ididntknowwhattime-dumastpenlandr-1979-28cbeeb4,I Didnt Know What Time It Was,2,Cedar Walton / Cedar Walton,1,1,data/processed/jtd_group_cv_16/audio_24k_mono/waltonc-ididntknowwhattime-dumastpenlandr-1979-28cbeeb4.wav,65.000000,10.000000,24000,1979,Cedar Walton,Cedar Walton
waltonc-ididntknowwhattime-dumastpenlandr-1979-28cbeeb4__00014,waltonc-ididntknowwhattime-dumastpenlandr-1979-28cbeeb4,I Didnt Know What Time It Was,2,Cedar Walton / Cedar Walton,1,1,data/processed/jtd_group_cv_16/audio_24k_mono/waltonc-ididntknowwhattime-dumastpenlandr-1979-28cbeeb4.wav,70.000000,10.000000,24000,1979,Cedar Walton,Cedar Walton
waltonc-ididntknowwhattime-dumastpenlandr-1979-28cbeeb4__00015,waltonc-ididntknowwhattime-dumastpenlandr-1979-28cbeeb4,I Didnt Know What Time It Was,2,Cedar Walton / Cedar Walton,1,1,data/processed/jtd_group_cv_16/audio_24k_mono/waltonc-ididntknowwhattime-dumastpenlandr-1979-28cbeeb4.wav,75.000000,10.000000,24000,1979,Cedar Walton,Cedar Walton
waltonc-ididntknowwhattime-dumastpenlandr-1979-28cbeeb4__00016,waltonc-ididntknowwhattime-dumastpenlandr-1979-28cbeeb4,I Didnt Know What Time It Was,2,Cedar Walton / Cedar Walton,1,1,data/processed/jtd_group_cv_16/audio_24k_mono/waltonc-ididntknowwhattime-dumastpenlandr-1979-28cbeeb4.wav,80.000000,10.000000,24000,1979,Cedar Walton,Cedar Walton
waltonc-ididntknowwhattime-dumastpenlandr-1979-28cbeeb4__00017,waltonc-ididntknowwhattime-dumastpenlandr-1979-28cbeeb4,I Didnt Know What Time It Was,2,Cedar Walton / Cedar Walton,1,1,data/processed/jtd_group_cv_16/audio_24k_mono/waltonc-ididntknowwhattime-dumastpenlandr-1979-28cbeeb4.wav,85.000000,10.000000,24000,1979,Cedar Walton,Cedar Walton
waltonc-ididntknowwhattime-dumastpenlandr-1979-28cbeeb4__00018,waltonc-ididntknowwhattime-dumastpenlandr-1979-28cbeeb4,I Didnt Know What Time It Was,2,Cedar Walton / Cedar Walton,1,1,data/processed/jtd_group_cv_16/audio_24k_mono/waltonc-ididntknowwhattime-dumastpenlandr-1979-28cbeeb4.wav,90.000000,10.000000,24000,1979,Cedar Walton,Cedar Walton
waltonc-ididntknowwhattime-dumastpenlandr-1979-28cbeeb4__00019,waltonc-ididntknowwhattime-dumastpenlandr-1979-28cbeeb4,I Didnt Know What Time It Was,2,Cedar Walton / Cedar Walton,1,1,data/processed/jtd_group_cv_16/audio_24k_mono/waltonc-ididntknowwhattime-dumastpenlandr-1979-28cbeeb4.wav,95.000000,10.000000,24000,1979,Cedar Walton,Cedar Walton
waltonc-ididntknowwhattime-dumastpenlandr-1979-28cbeeb4__00020,waltonc-ididntknowwhattime-dumastpenlandr-1979-28cbeeb4,I Didnt Know What Time It Was,2,Cedar Walton / Cedar Walton,1,1,data/processed/jtd_group_cv_16/audio_24k_mono/waltonc-ididntknowwhattime-dumastpenlandr-1979-28cbeeb4.wav,100.000000,10.000000,24000,1979,Cedar Walton,Cedar Walton
waltonc-ididntknowwhattime-dumastpenlandr-1979-28cbeeb4__00021,waltonc-ididntknowwhattime-dumastpenlandr-1979-28cbeeb4,I Didnt Know What Time It Was,2,Cedar Walton / Cedar Walton,1,1,data/processed/jtd_group_cv_16/audio_24k_mono/waltonc-ididntknowwhattime-dumastpenlandr-1979-28cbeeb4.wav,105.000000,10.000000,24000,1979,Cedar Walton,Cedar Walton
waltonc-ididntknowwhattime-dumastpenlandr-1979-28cbeeb4__00022,waltonc-ididntknowwhattime-dumastpenlandr-1979-28cbeeb4,I Didnt Know What Time It Was,2,Cedar Walton / Cedar Walton,1,1,data/processed/jtd_group_cv_16/audio_24k_mono/waltonc-ididntknowwhattime-dumastpenlandr-1979-28cbeeb4.wav,110.000000,10.000000,24000,1979,Cedar Walton,Cedar Walton
waltonc-ididntknowwhattime-dumastpenlandr-1979-28cbeeb4__00023,waltonc-ididntknowwhattime-dumastpenlandr-1979-28cbeeb4,I Didnt Know What Time It Was,2,Cedar Walton / Cedar Walton,1,1,data/processed/jtd_group_cv_16/audio_24k_mono/waltonc-ididntknowwhattime-dumastpenlandr-1979-28cbeeb4.wav,115.000000,10.000000,24000,1979,Cedar Walton,Cedar Walton
waltonc-ididntknowwhattime-dumastpenlandr-1979-28cbeeb4__00024,waltonc-ididntknowwhattime-dumastpenlandr-1979-28cbeeb4,I Didnt Know What Time It Was,2,Cedar Walton / Cedar Walton,1,1,data/processed/jtd_group_cv_16/audio_24k_mono/waltonc-ididntknowwhattime-dumastpenlandr-1979-28cbeeb4.wav,120.000000,10.000000,24000,1979,Cedar Walton,Cedar Walton
waltonc-ididntknowwhattime-dumastpenlandr-1979-28cbeeb4__00025,waltonc-ididntknowwhattime-dumastpenlandr-1979-28cbeeb4,I Didnt Know What Time It Was,2,Cedar Walton / Cedar Walton,1,1,data/processed/jtd_group_cv_16/audio_24k_mono/waltonc-ididntknowwhattime-dumastpenlandr-1979-28cbeeb4.wav,125.000000,10.000000,24000,1979,Cedar Walton,Cedar Walton
waltonc-ididntknowwhattime-dumastpenlandr-1979-28cbeeb4__00026,waltonc-ididntknowwhattime-dumastpenlandr-1979-28cbeeb4,I Didnt Know What Time It Was,2,Cedar Walton / Cedar Walton,1,1,data/processed/jtd_group_cv_16/audio_24k_mono/waltonc-ididntknowwhattime-dumastpenlandr-1979-28cbeeb4.wav,130.000000,10.000000,24000,1979,Cedar Walton,Cedar Walton
waltonc-ididntknowwhattime-dumastpenlandr-1979-28cbeeb4__00027,waltonc-ididntknowwhattime-dumastpenlandr-1979-28cbeeb4,I Didnt Know What Time It Was,2,Cedar Walton / Cedar Walton,1,1,data/processed/jtd_group_cv_16/audio_24k_mono/waltonc-ididntknowwhattime-dumastpenlandr-1979-28cbeeb4.wav,135.000000,10.000000,24000,1979,Cedar Walton,Cedar Walton
waltonc-ididntknowwhattime-dumastpenlandr-1979-28cbeeb4__00028,waltonc-ididntknowwhattime-dumastpenlandr-1979-28cbeeb4,I Didnt Know What Time It Was,2,Cedar Walton / Cedar Walton,1,1,data/processed/jtd_group_cv_16/audio_24k_mono/waltonc-ididntknowwhattime-dumastpenlandr-1979-28cbeeb4.wav,140.000000,10.000000,24000,1979,Cedar Walton,Cedar Walton
waltonc-ididntknowwhattime-dumastpenlandr-1979-28cbeeb4__00029,waltonc-ididntknowwhattime-dumastpenlandr-1979-28cbeeb4,I Didnt Know What Time It Was,2,Cedar Walton / Cedar Walton,1,1,data/processed/jtd_group_cv_16/audio_24k_mono/waltonc-ididntknowwhattime-dumastpenlandr-1979-28cbeeb4.wav,145.000000,10.000000,24000,1979,Cedar Walton,Cedar Walton
waltonc-ididntknowwhattime-dumastpenlandr-1979-28cbeeb4__00030,waltonc-ididntknowwhattime-dumastpenlandr-1979-28cbeeb4,I Didnt Know What Time It Was,2,Cedar Walton / Cedar Walton,1,1,data/processed/jtd_group_cv_16/audio_24k_mono/waltonc-ididntknowwhattime-dumastpenlandr-1979-28cbeeb4.wav,150.000000,10.000000,24000,1979,Cedar Walton,Cedar Walton
waltonc-ididntknowwhattime-dumastpenlandr-1979-28cbeeb4__00031,waltonc-ididntknowwhattime-dumastpenlandr-1979-28cbeeb4,I Didnt Know What Time It Was,2,Cedar Walton / Cedar Walton,1,1,data/processed/jtd_group_cv_16/audio_24k_mono/waltonc-ididntknowwhattime-dumastpenlandr-1979-28cbeeb4.wav,155.000000,10.000000,24000,1979,Cedar Walton,Cedar Walton
waltonc-ididntknowwhattime-dumastpenlandr-1979-28cbeeb4__00032,waltonc-ididntknowwhattime-dumastpenlandr-1979-28cbeeb4,I Didnt Know What Time It Was,2,Cedar Walton / Cedar Walton,1,1,data/processed/jtd_group_cv_16/audio_24k_mono/waltonc-ididntknowwhattime-dumastpenlandr-1979-28cbeeb4.wav,160.000000,10.000000,24000,1979,Cedar Walton,Cedar Walton
waltonc-ididntknowwhattime-dumastpenlandr-1979-28cbeeb4__00033,waltonc-ididntknowwhattime-dumastpenlandr-1979-28cbeeb4,I Didnt Know What Time It Was,2,Cedar Walton / Cedar Walton,1,1,data/processed/jtd_group_cv_16/audio_24k_mono/waltonc-ididntknowwhattime-dumastpenlandr-1979-28cbeeb4.wav,165.000000,10.000000,24000,1979,Cedar Walton,Cedar Walton
waltonc-ididntknowwhattime-dumastpenlandr-1979-28cbeeb4__00034,waltonc-ididntknowwhattime-dumastpenlandr-1979-28cbeeb4,I Didnt Know What Time It Was,2,Cedar Walton / Cedar Walton,1,1,data/processed/jtd_group_cv_16/audio_24k_mono/waltonc-ididntknowwhattime-dumastpenlandr-1979-28cbeeb4.wav,170.000000,10.000000,24000,1979,Cedar Walton,Cedar Walton
waltonc-ididntknowwhattime-dumastpenlandr-1979-28cbeeb4__00035,waltonc-ididntknowwhattime-dumastpenlandr-1979-28cbeeb4,I Didnt Know What Time It Was,2,Cedar Walton / Cedar Walton,1,1,data/processed/jtd_group_cv_16/audio_24k_mono/waltonc-ididntknowwhattime-dumastpenlandr-1979-28cbeeb4.wav,175.000000,10.000000,24000,1979,Cedar Walton,Cedar Walton
hicksj-ididntknowwhattime-lundycmuhammadi-1987-7e650670__00000,hicksj-ididntknowwhattime-lundycmuhammadi-1987-7e650670,I Didnt Know What Time It Was,2,John Hicks / John Hicks,3,3,data/processed/jtd_group_cv_16/audio_24k_mono/hicksj-ididntknowwhattime-lundycmuhammadi-1987-7e650670.wav,0.000000,10.000000,24000,1987,John Hicks,John Hicks
hicksj-ididntknowwhattime-lundycmuhammadi-1987-7e650670__00001,hicksj-ididntknowwhattime-lundycmuhammadi-1987-7e650670,I Didnt Know What Time It Was,2,John Hicks / John Hicks,3,3,data/processed/jtd_group_cv_16/audio_24k_mono/hicksj-ididntknowwhattime-lundycmuhammadi-1987-7e650670.wav,5.000000,10.000000,24000,1987,John Hicks,John Hicks
hicksj-ididntknowwhattime-lundycmuhammadi-1987-7e650670__00002,hicksj-ididntknowwhattime-lundycmuhammadi-1987-7e650670,I Didnt Know What Time It Was,2,John Hicks / John Hicks,3,3,data/processed/jtd_group_cv_16/audio_24k_mono/hicksj-ididntknowwhattime-lundycmuhammadi-1987-7e650670.wav,10.000000,10.000000,24000,1987,John Hicks,John Hicks
hicksj-ididntknowwhattime-lundycmuhammadi-1987-7e650670__00003,hicksj-ididntknowwhattime-lundycmuhammadi-1987-7e650670,I Didnt Know What Time It Was,2,John Hicks / John Hicks,3,3,data/processed/jtd_group_cv_16/audio_24k_mono/hicksj-ididntknowwhattime-lundycmuhammadi-1987-7e650670.wav,15.000000,10.000000,24000,1987,John Hicks,John Hicks
hicksj-ididntknowwhattime-lundycmuhammadi-1987-7e650670__00004,hicksj-ididntknowwhattime-lundycmuhammadi-1987-7e650670,I Didnt Know What Time It Was,2,John Hicks / John Hicks,3,3,data/processed/jtd_group_cv_16/audio_24k_mono/hicksj-ididntknowwhattime-lundycmuhammadi-1987-7e650670.wav,20.000000,10.000000,24000,1987,John Hicks,John Hicks
hicksj-ididntknowwhattime-lundycmuhammadi-1987-7e650670__00005,hicksj-ididntknowwhattime-lundycmuhammadi-1987-7e650670,I Didnt Know What Time It Was,2,John Hicks / John Hicks,3,3,data/processed/jtd_group_cv_16/audio_24k_mono/hicksj-ididntknowwhattime-lundycmuhammadi-1987-7e650670.wav,25.000000,10.000000,24000,1987,John Hicks,John Hicks
hicksj-ididntknowwhattime-lundycmuhammadi-1987-7e650670__00006,hicksj-ididntknowwhattime-lundycmuhammadi-1987-7e650670,I Didnt Know What Time It Was,2,John Hicks / John Hicks,3,3,data/processed/jtd_group_cv_16/audio_24k_mono/hicksj-ididntknowwhattime-lundycmuhammadi-1987-7e650670.wav,30.000000,10.000000,24000,1987,John Hicks,John Hicks
hicksj-ididntknowwhattime-lundycmuhammadi-1987-7e650670__00007,hicksj-ididntknowwhattime-lundycmuhammadi-1987-7e650670,I Didnt Know What Time It Was,2,John Hicks / John Hicks,3,3,data/processed/jtd_group_cv_16/audio_24k_mono/hicksj-ididntknowwhattime-lundycmuhammadi-1987-7e650670.wav,35.000000,10.000000,24000,1987,John Hicks,John Hicks
hicksj-ididntknowwhattime-lundycmuhammadi-1987-7e650670__00008,hicksj-ididntknowwhattime-lundycmuhammadi-1987-7e650670,I Didnt Know What Time It Was,2,John Hicks / John Hicks,3,3,data/processed/jtd_group_cv_16/audio_24k_mono/hicksj-ididntknowwhattime-lundycmuhammadi-1987-7e650670.wav,40.000000,10.000000,24000,1987,John Hicks,John Hicks
hicksj-ididntknowwhattime-lundycmuhammadi-1987-7e650670__00009,hicksj-ididntknowwhattime-lundycmuhammadi-1987-7e650670,I Didnt Know What Time It Was,2,John Hicks / John Hicks,3,3,data/processed/jtd_group_cv_16/audio_24k_mono/hicksj-ididntknowwhattime-lundycmuhammadi-1987-7e650670.wav,45.000000,10.000000,24000,1987,John Hicks,John Hicks
hicksj-ididntknowwhattime-lundycmuhammadi-1987-7e650670__00010,hicksj-ididntknowwhattime-lundycmuhammadi-1987-7e650670,I Didnt Know What Time It Was,2,John Hicks / John Hicks,3,3,data/processed/jtd_group_cv_16/audio_24k_mono/hicksj-ididntknowwhattime-lundycmuhammadi-1987-7e650670.wav,50.000000,10.000000,24000,1987,John Hicks,John Hicks
hicksj-ididntknowwhattime-lundycmuhammadi-1987-7e650670__00011,hicksj-ididntknowwhattime-lundycmuhammadi-1987-7e650670,I Didnt Know What Time It Was,2,John Hicks / John Hicks,3,3,data/processed/jtd_group_cv_16/audio_24k_mono/hicksj-ididntknowwhattime-lundycmuhammadi-1987-7e650670.wav,55.000000,10.000000,24000,1987,John Hicks,John Hicks
hicksj-ididntknowwhattime-lundycmuhammadi-1987-7e650670__00012,hicksj-ididntknowwhattime-lundycmuhammadi-1987-7e650670,I Didnt Know What Time It Was,2,John Hicks / John Hicks,3,3,data/processed/jtd_group_cv_16/audio_24k_mono/hicksj-ididntknowwhattime-lundycmuhammadi-1987-7e650670.wav,60.000000,10.000000,24000,1987,John Hicks,John Hicks
hicksj-ididntknowwhattime-lundycmuhammadi-1987-7e650670__00013,hicksj-ididntknowwhattime-lundycmuhammadi-1987-7e650670,I Didnt Know What Time It Was,2,John Hicks / John Hicks,3,3,data/processed/jtd_group_cv_16/audio_24k_mono/hicksj-ididntknowwhattime-lundycmuhammadi-1987-7e650670.wav,65.000000,10.000000,24000,1987,John Hicks,John Hicks
hicksj-ididntknowwhattime-lundycmuhammadi-1987-7e650670__00014,hicksj-ididntknowwhattime-lundycmuhammadi-1987-7e650670,I Didnt Know What Time It Was,2,John Hicks / John Hicks,3,3,data/processed/jtd_group_cv_16/audio_24k_mono/hicksj-ididntknowwhattime-lundycmuhammadi-1987-7e650670.wav,70.000000,10.000000,24000,1987,John Hicks,John Hicks
hicksj-ididntknowwhattime-lundycmuhammadi-1987-7e650670__00015,hicksj-ididntknowwhattime-lundycmuhammadi-1987-7e650670,I Didnt Know What Time It Was,2,John Hicks / John Hicks,3,3,data/processed/jtd_group_cv_16/audio_24k_mono/hicksj-ididntknowwhattime-lundycmuhammadi-1987-7e650670.wav,75.000000,10.000000,24000,1987,John Hicks,John Hicks
hicksj-ididntknowwhattime-lundycmuhammadi-1987-7e650670__00016,hicksj-ididntknowwhattime-lundycmuhammadi-1987-7e650670,I Didnt Know What Time It Was,2,John Hicks / John Hicks,3,3,data/processed/jtd_group_cv_16/audio_24k_mono/hicksj-ididntknowwhattime-lundycmuhammadi-1987-7e650670.wav,80.000000,10.000000,24000,1987,John Hicks,John Hicks
hicksj-ididntknowwhattime-lundycmuhammadi-1987-7e650670__00017,hicksj-ididntknowwhattime-lundycmuhammadi-1987-7e650670,I Didnt Know What Time It Was,2,John Hicks / John Hicks,3,3,data/processed/jtd_group_cv_16/audio_24k_mono/hicksj-ididntknowwhattime-lundycmuhammadi-1987-7e650670.wav,85.000000,10.000000,24000,1987,John Hicks,John Hicks
hicksj-ididntknowwhattime-lundycmuhammadi-1987-7e650670__00018,hicksj-ididntknowwhattime-lundycmuhammadi-1987-7e650670,I Didnt Know What Time It Was,2,John Hicks / John Hicks,3,3,data/processed/jtd_group_cv_16/audio_24k_mono/hicksj-ididntknowwhattime-lundycmuhammadi-1987-7e650670.wav,90.000000,10.000000,24000,1987,John Hicks,John Hicks
hicksj-ididntknowwhattime-lundycmuhammadi-1987-7e650670__00019,hicksj-ididntknowwhattime-lundycmuhammadi-1987-7e650670,I Didnt Know What Time It Was,2,John Hicks / John Hicks,3,3,data/processed/jtd_group_cv_16/audio_24k_mono/hicksj-ididntknowwhattime-lundycmuhammadi-1987-7e650670.wav,95.000000,10.000000,24000,1987,John Hicks,John Hicks
hicksj-ididntknowwhattime-lundycmuhammadi-1987-7e650670__00020,hicksj-ididntknowwhattime-lundycmuhammadi-1987-7e650670,I Didnt Know What Time It Was,2,John Hicks / John Hicks,3,3,data/processed/jtd_group_cv_16/audio_24k_mono/hicksj-ididntknowwhattime-lundycmuhammadi-1987-7e650670.wav,100.000000,10.000000,24000,1987,John Hicks,John Hicks
hicksj-ididntknowwhattime-lundycmuhammadi-1987-7e650670__00021,hicksj-ididntknowwhattime-lundycmuhammadi-1987-7e650670,I Didnt Know What Time It Was,2,John Hicks / John Hicks,3,3,data/processed/jtd_group_cv_16/audio_24k_mono/hicksj-ididntknowwhattime-lundycmuhammadi-1987-7e650670.wav,105.000000,10.000000,24000,1987,John Hicks,John Hicks
hicksj-ididntknowwhattime-lundycmuhammadi-1987-7e650670__00022,hicksj-ididntknowwhattime-lundycmuhammadi-1987-7e650670,I Didnt Know What Time It Was,2,John Hicks / John Hicks,3,3,data/processed/jtd_group_cv_16/audio_24k_mono/hicksj-ididntknowwhattime-lundycmuhammadi-1987-7e650670.wav,110.000000,10.000000,24000,1987,John Hicks,John Hicks
hicksj-ididntknowwhattime-lundycmuhammadi-1987-7e650670__00023,hicksj-ididntknowwhattime-lundycmuhammadi-1987-7e650670,I Didnt Know What Time It Was,2,John Hicks / John Hicks,3,3,data/processed/jtd_group_cv_16/audio_24k_mono/hicksj-ididntknowwhattime-lundycmuhammadi-1987-7e650670.wav,115.000000,10.000000,24000,1987,John Hicks,John Hicks
hicksj-ididntknowwhattime-lundycmuhammadi-1987-7e650670__00024,hicksj-ididntknowwhattime-lundycmuhammadi-1987-7e650670,I Didnt Know What Time It Was,2,John Hicks / John Hicks,3,3,data/processed/jtd_group_cv_16/audio_24k_mono/hicksj-ididntknowwhattime-lundycmuhammadi-1987-7e650670.wav,120.000000,10.000000,24000,1987,John Hicks,John Hicks
hicksj-ididntknowwhattime-lundycmuhammadi-1987-7e650670__00025,hicksj-ididntknowwhattime-lundycmuhammadi-1987-7e650670,I Didnt Know What Time It Was,2,John Hicks / John Hicks,3,3,data/processed/jtd_group_cv_16/audio_24k_mono/hicksj-ididntknowwhattime-lundycmuhammadi-1987-7e650670.wav,125.000000,10.000000,24000,1987,John Hicks,John Hicks
hicksj-ididntknowwhattime-lundycmuhammadi-1987-7e650670__00026,hicksj-ididntknowwhattime-lundycmuhammadi-1987-7e650670,I Didnt Know What Time It Was,2,John Hicks / John Hicks,3,3,data/processed/jtd_group_cv_16/audio_24k_mono/hicksj-ididntknowwhattime-lundycmuhammadi-1987-7e650670.wav,130.000000,10.000000,24000,1987,John Hicks,John Hicks
hicksj-ididntknowwhattime-lundycmuhammadi-1987-7e650670__00027,hicksj-ididntknowwhattime-lundycmuhammadi-1987-7e650670,I Didnt Know What Time It Was,2,John Hicks / John Hicks,3,3,data/processed/jtd_group_cv_16/audio_24k_mono/hicksj-ididntknowwhattime-lundycmuhammadi-1987-7e650670.wav,135.000000,10.000000,24000,1987,John Hicks,John Hicks
hicksj-ididntknowwhattime-lundycmuhammadi-1987-7e650670__00028,hicksj-ididntknowwhattime-lundycmuhammadi-1987-7e650670,I Didnt Know What Time It Was,2,John Hicks / John Hicks,3,3,data/processed/jtd_group_cv_16/audio_24k_mono/hicksj-ididntknowwhattime-lundycmuhammadi-1987-7e650670.wav,140.000000,10.000000,24000,1987,John Hicks,John Hicks
wilsont-ididntknowwhattime-hintonmjacksono-1976-3f4fa21b__00000,wilsont-ididntknowwhattime-hintonmjacksono-1976-3f4fa21b,I Didnt Know What Time It Was,2,Teddy Wilson / Teddy Wilson,0,0,data/processed/jtd_group_cv_16/audio_24k_mono/wilsont-ididntknowwhattime-hintonmjacksono-1976-3f4fa21b.wav,0.000000,10.000000,24000,1976,Teddy Wilson,Teddy Wilson
wilsont-ididntknowwhattime-hintonmjacksono-1976-3f4fa21b__00001,wilsont-ididntknowwhattime-hintonmjacksono-1976-3f4fa21b,I Didnt Know What Time It Was,2,Teddy Wilson / Teddy Wilson,0,0,data/processed/jtd_group_cv_16/audio_24k_mono/wilsont-ididntknowwhattime-hintonmjacksono-1976-3f4fa21b.wav,5.000000,10.000000,24000,1976,Teddy Wilson,Teddy Wilson
wilsont-ididntknowwhattime-hintonmjacksono-1976-3f4fa21b__00002,wilsont-ididntknowwhattime-hintonmjacksono-1976-3f4fa21b,I Didnt Know What Time It Was,2,Teddy Wilson / Teddy Wilson,0,0,data/processed/jtd_group_cv_16/audio_24k_mono/wilsont-ididntknowwhattime-hintonmjacksono-1976-3f4fa21b.wav,10.000000,10.000000,24000,1976,Teddy Wilson,Teddy Wilson
wilsont-ididntknowwhattime-hintonmjacksono-1976-3f4fa21b__00003,wilsont-ididntknowwhattime-hintonmjacksono-1976-3f4fa21b,I Didnt Know What Time It Was,2,Teddy Wilson / Teddy Wilson,0,0,data/processed/jtd_group_cv_16/audio_24k_mono/wilsont-ididntknowwhattime-hintonmjacksono-1976-3f4fa21b.wav,15.000000,10.000000,24000,1976,Teddy Wilson,Teddy Wilson
wilsont-ididntknowwhattime-hintonmjacksono-1976-3f4fa21b__00004,wilsont-ididntknowwhattime-hintonmjacksono-1976-3f4fa21b,I Didnt Know What Time It Was,2,Teddy Wilson / Teddy Wilson,0,0,data/processed/jtd_group_cv_16/audio_24k_mono/wilsont-ididntknowwhattime-hintonmjacksono-1976-3f4fa21b.wav,20.000000,10.000000,24000,1976,Teddy Wilson,Teddy Wilson
wilsont-ididntknowwhattime-hintonmjacksono-1976-3f4fa21b__00005,wilsont-ididntknowwhattime-hintonmjacksono-1976-3f4fa21b,I Didnt Know What Time It Was,2,Teddy Wilson / Teddy Wilson,0,0,data/processed/jtd_group_cv_16/audio_24k_mono/wilsont-ididntknowwhattime-hintonmjacksono-1976-3f4fa21b.wav,25.000000,10.000000,24000,1976,Teddy Wilson,Teddy Wilson
wilsont-ididntknowwhattime-hintonmjacksono-1976-3f4fa21b__00006,wilsont-ididntknowwhattime-hintonmjacksono-1976-3f4fa21b,I Didnt Know What Time It Was,2,Teddy Wilson / Teddy Wilson,0,0,data/processed/jtd_group_cv_16/audio_24k_mono/wilsont-ididntknowwhattime-hintonmjacksono-1976-3f4fa21b.wav,30.000000,10.000000,24000,1976,Teddy Wilson,Teddy Wilson
wilsont-ididntknowwhattime-hintonmjacksono-1976-3f4fa21b__00007,wilsont-ididntknowwhattime-hintonmjacksono-1976-3f4fa21b,I Didnt Know What Time It Was,2,Teddy Wilson / Teddy Wilson,0,0,data/processed/jtd_group_cv_16/audio_24k_mono/wilsont-ididntknowwhattime-hintonmjacksono-1976-3f4fa21b.wav,35.000000,10.000000,24000,1976,Teddy Wilson,Teddy Wilson
wilsont-ididntknowwhattime-hintonmjacksono-1976-3f4fa21b__00008,wilsont-ididntknowwhattime-hintonmjacksono-1976-3f4fa21b,I Didnt Know What Time It Was,2,Teddy Wilson / Teddy Wilson,0,0,data/processed/jtd_group_cv_16/audio_24k_mono/wilsont-ididntknowwhattime-hintonmjacksono-1976-3f4fa21b.wav,40.000000,10.000000,24000,1976,Teddy Wilson,Teddy Wilson
wilsont-ididntknowwhattime-hintonmjacksono-1976-3f4fa21b__00009,wilsont-ididntknowwhattime-hintonmjacksono-1976-3f4fa21b,I Didnt Know What Time It Was,2,Teddy Wilson / Teddy Wilson,0,0,data/processed/jtd_group_cv_16/audio_24k_mono/wilsont-ididntknowwhattime-hintonmjacksono-1976-3f4fa21b.wav,45.000000,10.000000,24000,1976,Teddy Wilson,Teddy Wilson
wilsont-ididntknowwhattime-hintonmjacksono-1976-3f4fa21b__00010,wilsont-ididntknowwhattime-hintonmjacksono-1976-3f4fa21b,I Didnt Know What Time It Was,2,Teddy Wilson / Teddy Wilson,0,0,data/processed/jtd_group_cv_16/audio_24k_mono/wilsont-ididntknowwhattime-hintonmjacksono-1976-3f4fa21b.wav,50.000000,10.000000,24000,1976,Teddy Wilson,Teddy Wilson
wilsont-ididntknowwhattime-hintonmjacksono-1976-3f4fa21b__00011,wilsont-ididntknowwhattime-hintonmjacksono-1976-3f4fa21b,I Didnt Know What Time It Was,2,Teddy Wilson / Teddy Wilson,0,0,data/processed/jtd_group_cv_16/audio_24k_mono/wilsont-ididntknowwhattime-hintonmjacksono-1976-3f4fa21b.wav,55.000000,10.000000,24000,1976,Teddy Wilson,Teddy Wilson
wilsont-ididntknowwhattime-hintonmjacksono-1976-3f4fa21b__00012,wilsont-ididntknowwhattime-hintonmjacksono-1976-3f4fa21b,I Didnt Know What Time It Was,2,Teddy Wilson / Teddy Wilson,0,0,data/processed/jtd_group_cv_16/audio_24k_mono/wilsont-ididntknowwhattime-hintonmjacksono-1976-3f4fa21b.wav,60.000000,10.000000,24000,1976,Teddy Wilson,Teddy Wilson
wilsont-ididntknowwhattime-hintonmjacksono-1976-3f4fa21b__00013,wilsont-ididntknowwhattime-hintonmjacksono-1976-3f4fa21b,I Didnt Know What Time It Was,2,Teddy Wilson / Teddy Wilson,0,0,data/processed/jtd_group_cv_16/audio_24k_mono/wilsont-ididntknowwhattime-hintonmjacksono-1976-3f4fa21b.wav,65.000000,10.000000,24000,1976,Teddy Wilson,Teddy Wilson
wilsont-ididntknowwhattime-hintonmjacksono-1976-3f4fa21b__00014,wilsont-ididntknowwhattime-hintonmjacksono-1976-3f4fa21b,I Didnt Know What Time It Was,2,Teddy Wilson / Teddy Wilson,0,0,data/processed/jtd_group_cv_16/audio_24k_mono/wilsont-ididntknowwhattime-hintonmjacksono-1976-3f4fa21b.wav,70.000000,10.000000,24000,1976,Teddy Wilson,Teddy Wilson
wilsont-ididntknowwhattime-hintonmjacksono-1976-3f4fa21b__00015,wilsont-ididntknowwhattime-hintonmjacksono-1976-3f4fa21b,I Didnt Know What Time It Was,2,Teddy Wilson / Teddy Wilson,0,0,data/processed/jtd_group_cv_16/audio_24k_mono/wilsont-ididntknowwhattime-hintonmjacksono-1976-3f4fa21b.wav,75.000000,10.000000,24000,1976,Teddy Wilson,Teddy Wilson
wilsont-ididntknowwhattime-hintonmjacksono-1976-3f4fa21b__00016,wilsont-ididntknowwhattime-hintonmjacksono-1976-3f4fa21b,I Didnt Know What Time It Was,2,Teddy Wilson / Teddy Wilson,0,0,data/processed/jtd_group_cv_16/audio_24k_mono/wilsont-ididntknowwhattime-hintonmjacksono-1976-3f4fa21b.wav,80.000000,10.000000,24000,1976,Teddy Wilson,Teddy Wilson
wilsont-ididntknowwhattime-hintonmjacksono-1976-3f4fa21b__00017,wilsont-ididntknowwhattime-hintonmjacksono-1976-3f4fa21b,I Didnt Know What Time It Was,2,Teddy Wilson / Teddy Wilson,0,0,data/processed/jtd_group_cv_16/audio_24k_mono/wilsont-ididntknowwhattime-hintonmjacksono-1976-3f4fa21b.wav,85.000000,10.000000,24000,1976,Teddy Wilson,Teddy Wilson
wilsont-ididntknowwhattime-hintonmjacksono-1976-3f4fa21b__00018,wilsont-ididntknowwhattime-hintonmjacksono-1976-3f4fa21b,I Didnt Know What Time It Was,2,Teddy Wilson / Teddy Wilson,0,0,data/processed/jtd_group_cv_16/audio_24k_mono/wilsont-ididntknowwhattime-hintonmjacksono-1976-3f4fa21b.wav,90.000000,10.000000,24000,1976,Teddy Wilson,Teddy Wilson
wilsont-ididntknowwhattime-hintonmjacksono-1976-3f4fa21b__00019,wilsont-ididntknowwhattime-hintonmjacksono-1976-3f4fa21b,I Didnt Know What Time It Was,2,Teddy Wilson / Teddy Wilson,0,0,data/processed/jtd_group_cv_16/audio_24k_mono/wilsont-ididntknowwhattime-hintonmjacksono-1976-3f4fa21b.wav,95.000000,10.000000,24000,1976,Teddy Wilson,Teddy Wilson
wilsont-ididntknowwhattime-hintonmjacksono-1976-3f4fa21b__00020,wilsont-ididntknowwhattime-hintonmjacksono-1976-3f4fa21b,I Didnt Know What Time It Was,2,Teddy Wilson / Teddy Wilson,0,0,data/processed/jtd_group_cv_16/audio_24k_mono/wilsont-ididntknowwhattime-hintonmjacksono-1976-3f4fa21b.wav,100.000000,10.000000,24000,1976,Teddy Wilson,Teddy Wilson
wilsont-ididntknowwhattime-hintonmjacksono-1976-3f4fa21b__00021,wilsont-ididntknowwhattime-hintonmjacksono-1976-3f4fa21b,I Didnt Know What Time It Was,2,Teddy Wilson / Teddy Wilson,0,0,data/processed/jtd_group_cv_16/audio_24k_mono/wilsont-ididntknowwhattime-hintonmjacksono-1976-3f4fa21b.wav,105.000000,10.000000,24000,1976,Teddy Wilson,Teddy Wilson
wilsont-ididntknowwhattime-hintonmjacksono-1976-3f4fa21b__00022,wilsont-ididntknowwhattime-hintonmjacksono-1976-3f4fa21b,I Didnt Know What Time It Was,2,Teddy Wilson / Teddy Wilson,0,0,data/processed/jtd_group_cv_16/audio_24k_mono/wilsont-ididntknowwhattime-hintonmjacksono-1976-3f4fa21b.wav,110.000000,10.000000,24000,1976,Teddy Wilson,Teddy Wilson
wilsont-ididntknowwhattime-hintonmjacksono-1976-3f4fa21b__00023,wilsont-ididntknowwhattime-hintonmjacksono-1976-3f4fa21b,I Didnt Know What Time It Was,2,Teddy Wilson / Teddy Wilson,0,0,data/processed/jtd_group_cv_16/audio_24k_mono/wilsont-ididntknowwhattime-hintonmjacksono-1976-3f4fa21b.wav,115.000000,10.000000,24000,1976,Teddy Wilson,Teddy Wilson
wilsont-ididntknowwhattime-hintonmjacksono-1976-3f4fa21b__00024,wilsont-ididntknowwhattime-hintonmjacksono-1976-3f4fa21b,I Didnt Know What Time It Was,2,Teddy Wilson / Teddy Wilson,0,0,data/processed/jtd_group_cv_16/audio_24k_mono/wilsont-ididntknowwhattime-hintonmjacksono-1976-3f4fa21b.wav,120.000000,10.000000,24000,1976,Teddy Wilson,Teddy Wilson
wilsont-ididntknowwhattime-hintonmjacksono-1976-3f4fa21b__00025,wilsont-ididntknowwhattime-hintonmjacksono-1976-3f4fa21b,I Didnt Know What Time It Was,2,Teddy Wilson / Teddy Wilson,0,0,data/processed/jtd_group_cv_16/audio_24k_mono/wilsont-ididntknowwhattime-hintonmjacksono-1976-3f4fa21b.wav,125.000000,10.000000,24000,1976,Teddy Wilson,Teddy Wilson
wilsont-ididntknowwhattime-hintonmjacksono-1976-3f4fa21b__00026,wilsont-ididntknowwhattime-hintonmjacksono-1976-3f4fa21b,I Didnt Know What Time It Was,2,Teddy Wilson / Teddy Wilson,0,0,data/processed/jtd_group_cv_16/audio_24k_mono/wilsont-ididntknowwhattime-hintonmjacksono-1976-3f4fa21b.wav,130.000000,10.000000,24000,1976,Teddy Wilson,Teddy Wilson
wilsont-ididntknowwhattime-hintonmjacksono-1976-3f4fa21b__00027,wilsont-ididntknowwhattime-hintonmjacksono-1976-3f4fa21b,I Didnt Know What Time It Was,2,Teddy Wilson / Teddy Wilson,0,0,data/processed/jtd_group_cv_16/audio_24k_mono/wilsont-ididntknowwhattime-hintonmjacksono-1976-3f4fa21b.wav,135.000000,10.000000,24000,1976,Teddy Wilson,Teddy Wilson
wilsont-ididntknowwhattime-hintonmjacksono-1976-3f4fa21b__00028,wilsont-ididntknowwhattime-hintonmjacksono-1976-3f4fa21b,I Didnt Know What Time It Was,2,Teddy Wilson / Teddy Wilson,0,0,data/processed/jtd_group_cv_16/audio_24k_mono/wilsont-ididntknowwhattime-hintonmjacksono-1976-3f4fa21b.wav,140.000000,10.000000,24000,1976,Teddy Wilson,Teddy Wilson
hawesh-illrememberapril-lafarosbutlerf-1956-16f3aa28__00000,hawesh-illrememberapril-lafarosbutlerf-1956-16f3aa28,Ill Remember April,3,Hampton Hawes / Hampton Hawes,2,2,data/processed/jtd_group_cv_16/audio_24k_mono/hawesh-illrememberapril-lafarosbutlerf-1956-16f3aa28.wav,0.000000,10.000000,24000,1956,Hampton Hawes,Hampton Hawes
hawesh-illrememberapril-lafarosbutlerf-1956-16f3aa28__00001,hawesh-illrememberapril-lafarosbutlerf-1956-16f3aa28,Ill Remember April,3,Hampton Hawes / Hampton Hawes,2,2,data/processed/jtd_group_cv_16/audio_24k_mono/hawesh-illrememberapril-lafarosbutlerf-1956-16f3aa28.wav,5.000000,10.000000,24000,1956,Hampton Hawes,Hampton Hawes
hawesh-illrememberapril-lafarosbutlerf-1956-16f3aa28__00002,hawesh-illrememberapril-lafarosbutlerf-1956-16f3aa28,Ill Remember April,3,Hampton Hawes / Hampton Hawes,2,2,data/processed/jtd_group_cv_16/audio_24k_mono/hawesh-illrememberapril-lafarosbutlerf-1956-16f3aa28.wav,10.000000,10.000000,24000,1956,Hampton Hawes,Hampton Hawes
hawesh-illrememberapril-lafarosbutlerf-1956-16f3aa28__00003,hawesh-illrememberapril-lafarosbutlerf-1956-16f3aa28,Ill Remember April,3,Hampton Hawes / Hampton Hawes,2,2,data/processed/jtd_group_cv_16/audio_24k_mono/hawesh-illrememberapril-lafarosbutlerf-1956-16f3aa28.wav,15.000000,10.000000,24000,1956,Hampton Hawes,Hampton Hawes
hawesh-illrememberapril-lafarosbutlerf-1956-16f3aa28__00004,hawesh-illrememberapril-lafarosbutlerf-1956-16f3aa28,Ill Remember April,3,Hampton Hawes / Hampton Hawes,2,2,data/processed/jtd_group_cv_16/audio_24k_mono/hawesh-illrememberapril-lafarosbutlerf-1956-16f3aa28.wav,20.000000,10.000000,24000,1956,Hampton Hawes,Hampton Hawes
hawesh-illrememberapril-lafarosbutlerf-1956-16f3aa28__00005,hawesh-illrememberapril-lafarosbutlerf-1956-16f3aa28,Ill Remember April,3,Hampton Hawes / Hampton Hawes,2,2,data/processed/jtd_group_cv_16/audio_24k_mono/hawesh-illrememberapril-lafarosbutlerf-1956-16f3aa28.wav,25.000000,10.000000,24000,1956,Hampton Hawes,Hampton Hawes
hawesh-illrememberapril-lafarosbutlerf-1956-16f3aa28__00006,hawesh-illrememberapril-lafarosbutlerf-1956-16f3aa28,Ill Remember April,3,Hampton Hawes / Hampton Hawes,2,2,data/processed/jtd_group_cv_16/audio_24k_mono/hawesh-illrememberapril-lafarosbutlerf-1956-16f3aa28.wav,30.000000,10.000000,24000,1956,Hampton Hawes,Hampton Hawes
hawesh-illrememberapril-lafarosbutlerf-1956-16f3aa28__00007,hawesh-illrememberapril-lafarosbutlerf-1956-16f3aa28,Ill Remember April,3,Hampton Hawes / Hampton Hawes,2,2,data/processed/jtd_group_cv_16/audio_24k_mono/hawesh-illrememberapril-lafarosbutlerf-1956-16f3aa28.wav,35.000000,10.000000,24000,1956,Hampton Hawes,Hampton Hawes
hawesh-illrememberapril-lafarosbutlerf-1956-16f3aa28__00008,hawesh-illrememberapril-lafarosbutlerf-1956-16f3aa28,Ill Remember April,3,Hampton Hawes / Hampton Hawes,2,2,data/processed/jtd_group_cv_16/audio_24k_mono/hawesh-illrememberapril-lafarosbutlerf-1956-16f3aa28.wav,40.000000,10.000000,24000,1956,Hampton Hawes,Hampton Hawes
jonesh-illrememberapril-mrazgwashingtonk-1991-31ce3ec4__00000,jonesh-illrememberapril-mrazgwashingtonk-1991-31ce3ec4,Ill Remember April,3,Hank Jones / Hank Jones,1,1,data/processed/jtd_group_cv_16/audio_24k_mono/jonesh-illrememberapril-mrazgwashingtonk-1991-31ce3ec4.wav,0.000000,10.000000,24000,1991,Hank Jones,Hank Jones
jonesh-illrememberapril-mrazgwashingtonk-1991-31ce3ec4__00001,jonesh-illrememberapril-mrazgwashingtonk-1991-31ce3ec4,Ill Remember April,3,Hank Jones / Hank Jones,1,1,data/processed/jtd_group_cv_16/audio_24k_mono/jonesh-illrememberapril-mrazgwashingtonk-1991-31ce3ec4.wav,5.000000,10.000000,24000,1991,Hank Jones,Hank Jones
jonesh-illrememberapril-mrazgwashingtonk-1991-31ce3ec4__00002,jonesh-illrememberapril-mrazgwashingtonk-1991-31ce3ec4,Ill Remember April,3,Hank Jones / Hank Jones,1,1,data/processed/jtd_group_cv_16/audio_24k_mono/jonesh-illrememberapril-mrazgwashingtonk-1991-31ce3ec4.wav,10.000000,10.000000,24000,1991,Hank Jones,Hank Jones
jonesh-illrememberapril-mrazgwashingtonk-1991-31ce3ec4__00003,jonesh-illrememberapril-mrazgwashingtonk-1991-31ce3ec4,Ill Remember April,3,Hank Jones / Hank Jones,1,1,data/processed/jtd_group_cv_16/audio_24k_mono/jonesh-illrememberapril-mrazgwashingtonk-1991-31ce3ec4.wav,15.000000,10.000000,24000,1991,Hank Jones,Hank Jones
jonesh-illrememberapril-mrazgwashingtonk-1991-31ce3ec4__00004,jonesh-illrememberapril-mrazgwashingtonk-1991-31ce3ec4,Ill Remember April,3,Hank Jones / Hank Jones,1,1,data/processed/jtd_group_cv_16/audio_24k_mono/jonesh-illrememberapril-mrazgwashingtonk-1991-31ce3ec4.wav,20.000000,10.000000,24000,1991,Hank Jones,Hank Jones
jonesh-illrememberapril-mrazgwashingtonk-1991-31ce3ec4__00005,jonesh-illrememberapril-mrazgwashingtonk-1991-31ce3ec4,Ill Remember April,3,Hank Jones / Hank Jones,1,1,data/processed/jtd_group_cv_16/audio_24k_mono/jonesh-illrememberapril-mrazgwashingtonk-1991-31ce3ec4.wav,25.000000,10.000000,24000,1991,Hank Jones,Hank Jones
jonesh-illrememberapril-mrazgwashingtonk-1991-31ce3ec4__00006,jonesh-illrememberapril-mrazgwashingtonk-1991-31ce3ec4,Ill Remember April,3,Hank Jones / Hank Jones,1,1,data/processed/jtd_group_cv_16/audio_24k_mono/jonesh-illrememberapril-mrazgwashingtonk-1991-31ce3ec4.wav,30.000000,10.000000,24000,1991,Hank Jones,Hank Jones
jonesh-illrememberapril-mrazgwashingtonk-1991-31ce3ec4__00007,jonesh-illrememberapril-mrazgwashingtonk-1991-31ce3ec4,Ill Remember April,3,Hank Jones / Hank Jones,1,1,data/processed/jtd_group_cv_16/audio_24k_mono/jonesh-illrememberapril-mrazgwashingtonk-1991-31ce3ec4.wav,35.000000,10.000000,24000,1991,Hank Jones,Hank Jones
jonesh-illrememberapril-mrazgwashingtonk-1991-31ce3ec4__00008,jonesh-illrememberapril-mrazgwashingtonk-1991-31ce3ec4,Ill Remember April,3,Hank Jones / Hank Jones,1,1,data/processed/jtd_group_cv_16/audio_24k_mono/jonesh-illrememberapril-mrazgwashingtonk-1991-31ce3ec4.wav,40.000000,10.000000,24000,1991,Hank Jones,Hank Jones
jonesh-illrememberapril-mrazgwashingtonk-1991-31ce3ec4__00009,jonesh-illrememberapril-mrazgwashingtonk-1991-31ce3ec4,Ill Remember April,3,Hank Jones / Hank Jones,1,1,data/processed/jtd_group_cv_16/audio_24k_mono/jonesh-illrememberapril-mrazgwashingtonk-1991-31ce3ec4.wav,45.000000,10.000000,24000,1991,Hank Jones,Hank Jones
jonesh-illrememberapril-mrazgwashingtonk-1991-31ce3ec4__00010,jonesh-illrememberapril-mrazgwashingtonk-1991-31ce3ec4,Ill Remember April,3,Hank Jones / Hank Jones,1,1,data/processed/jtd_group_cv_16/audio_24k_mono/jonesh-illrememberapril-mrazgwashingtonk-1991-31ce3ec4.wav,50.000000,10.000000,24000,1991,Hank Jones,Hank Jones
jonesh-illrememberapril-mrazgwashingtonk-1991-31ce3ec4__00011,jonesh-illrememberapril-mrazgwashingtonk-1991-31ce3ec4,Ill Remember April,3,Hank Jones / Hank Jones,1,1,data/processed/jtd_group_cv_16/audio_24k_mono/jonesh-illrememberapril-mrazgwashingtonk-1991-31ce3ec4.wav,55.000000,10.000000,24000,1991,Hank Jones,Hank Jones
jonesh-illrememberapril-mrazgwashingtonk-1991-31ce3ec4__00012,jonesh-illrememberapril-mrazgwashingtonk-1991-31ce3ec4,Ill Remember April,3,Hank Jones / Hank Jones,1,1,data/processed/jtd_group_cv_16/audio_24k_mono/jonesh-illrememberapril-mrazgwashingtonk-1991-31ce3ec4.wav,60.000000,10.000000,24000,1991,Hank Jones,Hank Jones
jonesh-illrememberapril-mrazgwashingtonk-1991-31ce3ec4__00013,jonesh-illrememberapril-mrazgwashingtonk-1991-31ce3ec4,Ill Remember April,3,Hank Jones / Hank Jones,1,1,data/processed/jtd_group_cv_16/audio_24k_mono/jonesh-illrememberapril-mrazgwashingtonk-1991-31ce3ec4.wav,65.000000,10.000000,24000,1991,Hank Jones,Hank Jones
jonesh-illrememberapril-mrazgwashingtonk-1991-31ce3ec4__00014,jonesh-illrememberapril-mrazgwashingtonk-1991-31ce3ec4,Ill Remember April,3,Hank Jones / Hank Jones,1,1,data/processed/jtd_group_cv_16/audio_24k_mono/jonesh-illrememberapril-mrazgwashingtonk-1991-31ce3ec4.wav,70.000000,10.000000,24000,1991,Hank Jones,Hank Jones
jonesh-illrememberapril-mrazgwashingtonk-1991-31ce3ec4__00015,jonesh-illrememberapril-mrazgwashingtonk-1991-31ce3ec4,Ill Remember April,3,Hank Jones / Hank Jones,1,1,data/processed/jtd_group_cv_16/audio_24k_mono/jonesh-illrememberapril-mrazgwashingtonk-1991-31ce3ec4.wav,75.000000,10.000000,24000,1991,Hank Jones,Hank Jones
drewk-illrememberapril-wrightespecsc-1953-cf0eadd8__00000,drewk-illrememberapril-wrightespecsc-1953-cf0eadd8,Ill Remember April,3,Kenny Drew / Kenny Drew,0,0,data/processed/jtd_group_cv_16/audio_24k_mono/drewk-illrememberapril-wrightespecsc-1953-cf0eadd8.wav,0.000000,10.000000,24000,1953,Kenny Drew,Kenny Drew
drewk-illrememberapril-wrightespecsc-1953-cf0eadd8__00001,drewk-illrememberapril-wrightespecsc-1953-cf0eadd8,Ill Remember April,3,Kenny Drew / Kenny Drew,0,0,data/processed/jtd_group_cv_16/audio_24k_mono/drewk-illrememberapril-wrightespecsc-1953-cf0eadd8.wav,5.000000,10.000000,24000,1953,Kenny Drew,Kenny Drew
drewk-illrememberapril-wrightespecsc-1953-cf0eadd8__00002,drewk-illrememberapril-wrightespecsc-1953-cf0eadd8,Ill Remember April,3,Kenny Drew / Kenny Drew,0,0,data/processed/jtd_group_cv_16/audio_24k_mono/drewk-illrememberapril-wrightespecsc-1953-cf0eadd8.wav,10.000000,10.000000,24000,1953,Kenny Drew,Kenny Drew
drewk-illrememberapril-wrightespecsc-1953-cf0eadd8__00003,drewk-illrememberapril-wrightespecsc-1953-cf0eadd8,Ill Remember April,3,Kenny Drew / Kenny Drew,0,0,data/processed/jtd_group_cv_16/audio_24k_mono/drewk-illrememberapril-wrightespecsc-1953-cf0eadd8.wav,15.000000,10.000000,24000,1953,Kenny Drew,Kenny Drew
drewk-illrememberapril-wrightespecsc-1953-cf0eadd8__00004,drewk-illrememberapril-wrightespecsc-1953-cf0eadd8,Ill Remember April,3,Kenny Drew / Kenny Drew,0,0,data/processed/jtd_group_cv_16/audio_24k_mono/drewk-illrememberapril-wrightespecsc-1953-cf0eadd8.wav,20.000000,10.000000,24000,1953,Kenny Drew,Kenny Drew
drewk-illrememberapril-wrightespecsc-1953-cf0eadd8__00005,drewk-illrememberapril-wrightespecsc-1953-cf0eadd8,Ill Remember April,3,Kenny Drew / Kenny Drew,0,0,data/processed/jtd_group_cv_16/audio_24k_mono/drewk-illrememberapril-wrightespecsc-1953-cf0eadd8.wav,25.000000,10.000000,24000,1953,Kenny Drew,Kenny Drew
drewk-illrememberapril-wrightespecsc-1953-cf0eadd8__00006,drewk-illrememberapril-wrightespecsc-1953-cf0eadd8,Ill Remember April,3,Kenny Drew / Kenny Drew,0,0,data/processed/jtd_group_cv_16/audio_24k_mono/drewk-illrememberapril-wrightespecsc-1953-cf0eadd8.wav,30.000000,10.000000,24000,1953,Kenny Drew,Kenny Drew
drewk-illrememberapril-wrightespecsc-1953-cf0eadd8__00007,drewk-illrememberapril-wrightespecsc-1953-cf0eadd8,Ill Remember April,3,Kenny Drew / Kenny Drew,0,0,data/processed/jtd_group_cv_16/audio_24k_mono/drewk-illrememberapril-wrightespecsc-1953-cf0eadd8.wav,35.000000,10.000000,24000,1953,Kenny Drew,Kenny Drew
drewk-illrememberapril-wrightespecsc-1953-cf0eadd8__00008,drewk-illrememberapril-wrightespecsc-1953-cf0eadd8,Ill Remember April,3,Kenny Drew / Kenny Drew,0,0,data/processed/jtd_group_cv_16/audio_24k_mono/drewk-illrememberapril-wrightespecsc-1953-cf0eadd8.wav,40.000000,10.000000,24000,1953,Kenny Drew,Kenny Drew
drewk-illrememberapril-wrightespecsc-1953-cf0eadd8__00009,drewk-illrememberapril-wrightespecsc-1953-cf0eadd8,Ill Remember April,3,Kenny Drew / Kenny Drew,0,0,data/processed/jtd_group_cv_16/audio_24k_mono/drewk-illrememberapril-wrightespecsc-1953-cf0eadd8.wav,45.000000,10.000000,24000,1953,Kenny Drew,Kenny Drew
drewk-illrememberapril-wrightespecsc-1953-cf0eadd8__00010,drewk-illrememberapril-wrightespecsc-1953-cf0eadd8,Ill Remember April,3,Kenny Drew / Kenny Drew,0,0,data/processed/jtd_group_cv_16/audio_24k_mono/drewk-illrememberapril-wrightespecsc-1953-cf0eadd8.wav,50.000000,10.000000,24000,1953,Kenny Drew,Kenny Drew
drewk-illrememberapril-wrightespecsc-1953-cf0eadd8__00011,drewk-illrememberapril-wrightespecsc-1953-cf0eadd8,Ill Remember April,3,Kenny Drew / Kenny Drew,0,0,data/processed/jtd_group_cv_16/audio_24k_mono/drewk-illrememberapril-wrightespecsc-1953-cf0eadd8.wav,55.000000,10.000000,24000,1953,Kenny Drew,Kenny Drew
drewk-illrememberapril-wrightespecsc-1953-cf0eadd8__00012,drewk-illrememberapril-wrightespecsc-1953-cf0eadd8,Ill Remember April,3,Kenny Drew / Kenny Drew,0,0,data/processed/jtd_group_cv_16/audio_24k_mono/drewk-illrememberapril-wrightespecsc-1953-cf0eadd8.wav,60.000000,10.000000,24000,1953,Kenny Drew,Kenny Drew
drewk-illrememberapril-wrightespecsc-1953-cf0eadd8__00013,drewk-illrememberapril-wrightespecsc-1953-cf0eadd8,Ill Remember April,3,Kenny Drew / Kenny Drew,0,0,data/processed/jtd_group_cv_16/audio_24k_mono/drewk-illrememberapril-wrightespecsc-1953-cf0eadd8.wav,65.000000,10.000000,24000,1953,Kenny Drew,Kenny Drew
drewk-illrememberapril-wrightespecsc-1953-cf0eadd8__00014,drewk-illrememberapril-wrightespecsc-1953-cf0eadd8,Ill Remember April,3,Kenny Drew / Kenny Drew,0,0,data/processed/jtd_group_cv_16/audio_24k_mono/drewk-illrememberapril-wrightespecsc-1953-cf0eadd8.wav,70.000000,10.000000,24000,1953,Kenny Drew,Kenny Drew
drewk-illrememberapril-wrightespecsc-1953-cf0eadd8__00015,drewk-illrememberapril-wrightespecsc-1953-cf0eadd8,Ill Remember April,3,Kenny Drew / Kenny Drew,0,0,data/processed/jtd_group_cv_16/audio_24k_mono/drewk-illrememberapril-wrightespecsc-1953-cf0eadd8.wav,75.000000,10.000000,24000,1953,Kenny Drew,Kenny Drew
drewk-illrememberapril-wrightespecsc-1953-cf0eadd8__00016,drewk-illrememberapril-wrightespecsc-1953-cf0eadd8,Ill Remember April,3,Kenny Drew / Kenny Drew,0,0,data/processed/jtd_group_cv_16/audio_24k_mono/drewk-illrememberapril-wrightespecsc-1953-cf0eadd8.wav,80.000000,10.000000,24000,1953,Kenny Drew,Kenny Drew
drewk-illrememberapril-wrightespecsc-1953-cf0eadd8__00017,drewk-illrememberapril-wrightespecsc-1953-cf0eadd8,Ill Remember April,3,Kenny Drew / Kenny Drew,0,0,data/processed/jtd_group_cv_16/audio_24k_mono/drewk-illrememberapril-wrightespecsc-1953-cf0eadd8.wav,85.000000,10.000000,24000,1953,Kenny Drew,Kenny Drew
drewk-illrememberapril-wrightespecsc-1953-cf0eadd8__00018,drewk-illrememberapril-wrightespecsc-1953-cf0eadd8,Ill Remember April,3,Kenny Drew / Kenny Drew,0,0,data/processed/jtd_group_cv_16/audio_24k_mono/drewk-illrememberapril-wrightespecsc-1953-cf0eadd8.wav,90.000000,10.000000,24000,1953,Kenny Drew,Kenny Drew
drewk-illrememberapril-wrightespecsc-1953-cf0eadd8__00019,drewk-illrememberapril-wrightespecsc-1953-cf0eadd8,Ill Remember April,3,Kenny Drew / Kenny Drew,0,0,data/processed/jtd_group_cv_16/audio_24k_mono/drewk-illrememberapril-wrightespecsc-1953-cf0eadd8.wav,95.000000,10.000000,24000,1953,Kenny Drew,Kenny Drew
drewk-illrememberapril-wrightespecsc-1953-cf0eadd8__00020,drewk-illrememberapril-wrightespecsc-1953-cf0eadd8,Ill Remember April,3,Kenny Drew / Kenny Drew,0,0,data/processed/jtd_group_cv_16/audio_24k_mono/drewk-illrememberapril-wrightespecsc-1953-cf0eadd8.wav,100.000000,10.000000,24000,1953,Kenny Drew,Kenny Drew
drewk-illrememberapril-wrightespecsc-1953-cf0eadd8__00021,drewk-illrememberapril-wrightespecsc-1953-cf0eadd8,Ill Remember April,3,Kenny Drew / Kenny Drew,0,0,data/processed/jtd_group_cv_16/audio_24k_mono/drewk-illrememberapril-wrightespecsc-1953-cf0eadd8.wav,105.000000,10.000000,24000,1953,Kenny Drew,Kenny Drew
drewk-illrememberapril-wrightespecsc-1953-cf0eadd8__00022,drewk-illrememberapril-wrightespecsc-1953-cf0eadd8,Ill Remember April,3,Kenny Drew / Kenny Drew,0,0,data/processed/jtd_group_cv_16/audio_24k_mono/drewk-illrememberapril-wrightespecsc-1953-cf0eadd8.wav,110.000000,10.000000,24000,1953,Kenny Drew,Kenny Drew
drewk-illrememberapril-wrightespecsc-1953-cf0eadd8__00023,drewk-illrememberapril-wrightespecsc-1953-cf0eadd8,Ill Remember April,3,Kenny Drew / Kenny Drew,0,0,data/processed/jtd_group_cv_16/audio_24k_mono/drewk-illrememberapril-wrightespecsc-1953-cf0eadd8.wav,115.000000,10.000000,24000,1953,Kenny Drew,Kenny Drew
drewk-illrememberapril-wrightespecsc-1953-cf0eadd8__00024,drewk-illrememberapril-wrightespecsc-1953-cf0eadd8,Ill Remember April,3,Kenny Drew / Kenny Drew,0,0,data/processed/jtd_group_cv_16/audio_24k_mono/drewk-illrememberapril-wrightespecsc-1953-cf0eadd8.wav,120.000000,10.000000,24000,1953,Kenny Drew,Kenny Drew
drewk-illrememberapril-wrightespecsc-1953-cf0eadd8__00025,drewk-illrememberapril-wrightespecsc-1953-cf0eadd8,Ill Remember April,3,Kenny Drew / Kenny Drew,0,0,data/processed/jtd_group_cv_16/audio_24k_mono/drewk-illrememberapril-wrightespecsc-1953-cf0eadd8.wav,125.000000,10.000000,24000,1953,Kenny Drew,Kenny Drew
drewk-illrememberapril-wrightespecsc-1953-cf0eadd8__00026,drewk-illrememberapril-wrightespecsc-1953-cf0eadd8,Ill Remember April,3,Kenny Drew / Kenny Drew,0,0,data/processed/jtd_group_cv_16/audio_24k_mono/drewk-illrememberapril-wrightespecsc-1953-cf0eadd8.wav,130.000000,10.000000,24000,1953,Kenny Drew,Kenny Drew
drewk-illrememberapril-wrightespecsc-1953-cf0eadd8__00027,drewk-illrememberapril-wrightespecsc-1953-cf0eadd8,Ill Remember April,3,Kenny Drew / Kenny Drew,0,0,data/processed/jtd_group_cv_16/audio_24k_mono/drewk-illrememberapril-wrightespecsc-1953-cf0eadd8.wav,135.000000,10.000000,24000,1953,Kenny Drew,Kenny Drew
drewk-illrememberapril-wrightespecsc-1953-cf0eadd8__00028,drewk-illrememberapril-wrightespecsc-1953-cf0eadd8,Ill Remember April,3,Kenny Drew / Kenny Drew,0,0,data/processed/jtd_group_cv_16/audio_24k_mono/drewk-illrememberapril-wrightespecsc-1953-cf0eadd8.wav,140.000000,10.000000,24000,1953,Kenny Drew,Kenny Drew
drewk-illrememberapril-wrightespecsc-1953-cf0eadd8__00029,drewk-illrememberapril-wrightespecsc-1953-cf0eadd8,Ill Remember April,3,Kenny Drew / Kenny Drew,0,0,data/processed/jtd_group_cv_16/audio_24k_mono/drewk-illrememberapril-wrightespecsc-1953-cf0eadd8.wav,145.000000,10.000000,24000,1953,Kenny Drew,Kenny Drew
drewk-illrememberapril-wrightespecsc-1953-cf0eadd8__00030,drewk-illrememberapril-wrightespecsc-1953-cf0eadd8,Ill Remember April,3,Kenny Drew / Kenny Drew,0,0,data/processed/jtd_group_cv_16/audio_24k_mono/drewk-illrememberapril-wrightespecsc-1953-cf0eadd8.wav,150.000000,10.000000,24000,1953,Kenny Drew,Kenny Drew
drewk-illrememberapril-wrightespecsc-1953-cf0eadd8__00031,drewk-illrememberapril-wrightespecsc-1953-cf0eadd8,Ill Remember April,3,Kenny Drew / Kenny Drew,0,0,data/processed/jtd_group_cv_16/audio_24k_mono/drewk-illrememberapril-wrightespecsc-1953-cf0eadd8.wav,155.000000,10.000000,24000,1953,Kenny Drew,Kenny Drew
drewk-illrememberapril-wrightespecsc-1953-cf0eadd8__00032,drewk-illrememberapril-wrightespecsc-1953-cf0eadd8,Ill Remember April,3,Kenny Drew / Kenny Drew,0,0,data/processed/jtd_group_cv_16/audio_24k_mono/drewk-illrememberapril-wrightespecsc-1953-cf0eadd8.wav,160.000000,10.000000,24000,1953,Kenny Drew,Kenny Drew
drewk-illrememberapril-wrightespecsc-1953-cf0eadd8__00033,drewk-illrememberapril-wrightespecsc-1953-cf0eadd8,Ill Remember April,3,Kenny Drew / Kenny Drew,0,0,data/processed/jtd_group_cv_16/audio_24k_mono/drewk-illrememberapril-wrightespecsc-1953-cf0eadd8.wav,165.000000,10.000000,24000,1953,Kenny Drew,Kenny Drew
drewk-illrememberapril-wrightespecsc-1953-cf0eadd8__00034,drewk-illrememberapril-wrightespecsc-1953-cf0eadd8,Ill Remember April,3,Kenny Drew / Kenny Drew,0,0,data/processed/jtd_group_cv_16/audio_24k_mono/drewk-illrememberapril-wrightespecsc-1953-cf0eadd8.wav,170.000000,10.000000,24000,1953,Kenny Drew,Kenny Drew
drewk-illrememberapril-wrightespecsc-1953-cf0eadd8__00035,drewk-illrememberapril-wrightespecsc-1953-cf0eadd8,Ill Remember April,3,Kenny Drew / Kenny Drew,0,0,data/processed/jtd_group_cv_16/audio_24k_mono/drewk-illrememberapril-wrightespecsc-1953-cf0eadd8.wav,175.000000,10.000000,24000,1953,Kenny Drew,Kenny Drew
drewk-illrememberapril-wrightespecsc-1953-cf0eadd8__00036,drewk-illrememberapril-wrightespecsc-1953-cf0eadd8,Ill Remember April,3,Kenny Drew / Kenny Drew,0,0,data/processed/jtd_group_cv_16/audio_24k_mono/drewk-illrememberapril-wrightespecsc-1953-cf0eadd8.wav,180.000000,10.000000,24000,1953,Kenny Drew,Kenny Drew
drewk-illrememberapril-wrightespecsc-1953-cf0eadd8__00037,drewk-illrememberapril-wrightespecsc-1953-cf0eadd8,Ill Remember April,3,Kenny Drew / Kenny Drew,0,0,data/processed/jtd_group_cv_16/audio_24k_mono/drewk-illrememberapril-wrightespecsc-1953-cf0eadd8.wav,185.000000,10.000000,24000,1953,Kenny Drew,Kenny Drew
drewk-illrememberapril-wrightespecsc-1953-cf0eadd8__00038,drewk-illrememberapril-wrightespecsc-1953-cf0eadd8,Ill Remember April,3,Kenny Drew / Kenny Drew,0,0,data/processed/jtd_group_cv_16/audio_24k_mono/drewk-illrememberapril-wrightespecsc-1953-cf0eadd8.wav,190.000000,10.000000,24000,1953,Kenny Drew,Kenny Drew
drewk-illrememberapril-wrightespecsc-1953-cf0eadd8__00039,drewk-illrememberapril-wrightespecsc-1953-cf0eadd8,Ill Remember April,3,Kenny Drew / Kenny Drew,0,0,data/processed/jtd_group_cv_16/audio_24k_mono/drewk-illrememberapril-wrightespecsc-1953-cf0eadd8.wav,195.000000,10.000000,24000,1953,Kenny Drew,Kenny Drew
drewk-illrememberapril-wrightespecsc-1953-cf0eadd8__00040,drewk-illrememberapril-wrightespecsc-1953-cf0eadd8,Ill Remember April,3,Kenny Drew / Kenny Drew,0,0,data/processed/jtd_group_cv_16/audio_24k_mono/drewk-illrememberapril-wrightespecsc-1953-cf0eadd8.wav,200.000000,10.000000,24000,1953,Kenny Drew,Kenny Drew
tristanol-illrememberapril-indpweyburnt-1955-a26b8df0__00000,tristanol-illrememberapril-indpweyburnt-1955-a26b8df0,Ill Remember April,3,Lennie Tristano / Lennie Tristano,3,3,data/processed/jtd_group_cv_16/audio_24k_mono/tristanol-illrememberapril-indpweyburnt-1955-a26b8df0.wav,0.000000,10.000000,24000,1955,Lennie Tristano,Lennie Tristano
tristanol-illrememberapril-indpweyburnt-1955-a26b8df0__00001,tristanol-illrememberapril-indpweyburnt-1955-a26b8df0,Ill Remember April,3,Lennie Tristano / Lennie Tristano,3,3,data/processed/jtd_group_cv_16/audio_24k_mono/tristanol-illrememberapril-indpweyburnt-1955-a26b8df0.wav,5.000000,10.000000,24000,1955,Lennie Tristano,Lennie Tristano
tristanol-illrememberapril-indpweyburnt-1955-a26b8df0__00002,tristanol-illrememberapril-indpweyburnt-1955-a26b8df0,Ill Remember April,3,Lennie Tristano / Lennie Tristano,3,3,data/processed/jtd_group_cv_16/audio_24k_mono/tristanol-illrememberapril-indpweyburnt-1955-a26b8df0.wav,10.000000,10.000000,24000,1955,Lennie Tristano,Lennie Tristano
tristanol-illrememberapril-indpweyburnt-1955-a26b8df0__00003,tristanol-illrememberapril-indpweyburnt-1955-a26b8df0,Ill Remember April,3,Lennie Tristano / Lennie Tristano,3,3,data/processed/jtd_group_cv_16/audio_24k_mono/tristanol-illrememberapril-indpweyburnt-1955-a26b8df0.wav,15.000000,10.000000,24000,1955,Lennie Tristano,Lennie Tristano
tristanol-illrememberapril-indpweyburnt-1955-a26b8df0__00004,tristanol-illrememberapril-indpweyburnt-1955-a26b8df0,Ill Remember April,3,Lennie Tristano / Lennie Tristano,3,3,data/processed/jtd_group_cv_16/audio_24k_mono/tristanol-illrememberapril-indpweyburnt-1955-a26b8df0.wav,20.000000,10.000000,24000,1955,Lennie Tristano,Lennie Tristano
tristanol-illrememberapril-indpweyburnt-1955-a26b8df0__00005,tristanol-illrememberapril-indpweyburnt-1955-a26b8df0,Ill Remember April,3,Lennie Tristano / Lennie Tristano,3,3,data/processed/jtd_group_cv_16/audio_24k_mono/tristanol-illrememberapril-indpweyburnt-1955-a26b8df0.wav,25.000000,10.000000,24000,1955,Lennie Tristano,Lennie Tristano
tristanol-illrememberapril-indpweyburnt-1955-a26b8df0__00006,tristanol-illrememberapril-indpweyburnt-1955-a26b8df0,Ill Remember April,3,Lennie Tristano / Lennie Tristano,3,3,data/processed/jtd_group_cv_16/audio_24k_mono/tristanol-illrememberapril-indpweyburnt-1955-a26b8df0.wav,30.000000,10.000000,24000,1955,Lennie Tristano,Lennie Tristano
tristanol-illrememberapril-indpweyburnt-1955-a26b8df0__00007,tristanol-illrememberapril-indpweyburnt-1955-a26b8df0,Ill Remember April,3,Lennie Tristano / Lennie Tristano,3,3,data/processed/jtd_group_cv_16/audio_24k_mono/tristanol-illrememberapril-indpweyburnt-1955-a26b8df0.wav,35.000000,10.000000,24000,1955,Lennie Tristano,Lennie Tristano
tristanol-illrememberapril-indpweyburnt-1955-a26b8df0__00008,tristanol-illrememberapril-indpweyburnt-1955-a26b8df0,Ill Remember April,3,Lennie Tristano / Lennie Tristano,3,3,data/processed/jtd_group_cv_16/audio_24k_mono/tristanol-illrememberapril-indpweyburnt-1955-a26b8df0.wav,40.000000,10.000000,24000,1955,Lennie Tristano,Lennie Tristano
tristanol-illrememberapril-indpweyburnt-1955-a26b8df0__00009,tristanol-illrememberapril-indpweyburnt-1955-a26b8df0,Ill Remember April,3,Lennie Tristano / Lennie Tristano,3,3,data/processed/jtd_group_cv_16/audio_24k_mono/tristanol-illrememberapril-indpweyburnt-1955-a26b8df0.wav,45.000000,10.000000,24000,1955,Lennie Tristano,Lennie Tristano
tristanol-illrememberapril-indpweyburnt-1955-a26b8df0__00010,tristanol-illrememberapril-indpweyburnt-1955-a26b8df0,Ill Remember April,3,Lennie Tristano / Lennie Tristano,3,3,data/processed/jtd_group_cv_16/audio_24k_mono/tristanol-illrememberapril-indpweyburnt-1955-a26b8df0.wav,50.000000,10.000000,24000,1955,Lennie Tristano,Lennie Tristano
tristanol-illrememberapril-indpweyburnt-1955-a26b8df0__00011,tristanol-illrememberapril-indpweyburnt-1955-a26b8df0,Ill Remember April,3,Lennie Tristano / Lennie Tristano,3,3,data/processed/jtd_group_cv_16/audio_24k_mono/tristanol-illrememberapril-indpweyburnt-1955-a26b8df0.wav,55.000000,10.000000,24000,1955,Lennie Tristano,Lennie Tristano
tristanol-illrememberapril-indpweyburnt-1955-a26b8df0__00012,tristanol-illrememberapril-indpweyburnt-1955-a26b8df0,Ill Remember April,3,Lennie Tristano / Lennie Tristano,3,3,data/processed/jtd_group_cv_16/audio_24k_mono/tristanol-illrememberapril-indpweyburnt-1955-a26b8df0.wav,60.000000,10.000000,24000,1955,Lennie Tristano,Lennie Tristano
tristanol-illrememberapril-indpweyburnt-1955-a26b8df0__00013,tristanol-illrememberapril-indpweyburnt-1955-a26b8df0,Ill Remember April,3,Lennie Tristano / Lennie Tristano,3,3,data/processed/jtd_group_cv_16/audio_24k_mono/tristanol-illrememberapril-indpweyburnt-1955-a26b8df0.wav,65.000000,10.000000,24000,1955,Lennie Tristano,Lennie Tristano
tristanol-illrememberapril-indpweyburnt-1955-a26b8df0__00014,tristanol-illrememberapril-indpweyburnt-1955-a26b8df0,Ill Remember April,3,Lennie Tristano / Lennie Tristano,3,3,data/processed/jtd_group_cv_16/audio_24k_mono/tristanol-illrememberapril-indpweyburnt-1955-a26b8df0.wav,70.000000,10.000000,24000,1955,Lennie Tristano,Lennie Tristano
tristanol-illrememberapril-indpweyburnt-1955-a26b8df0__00015,tristanol-illrememberapril-indpweyburnt-1955-a26b8df0,Ill Remember April,3,Lennie Tristano / Lennie Tristano,3,3,data/processed/jtd_group_cv_16/audio_24k_mono/tristanol-illrememberapril-indpweyburnt-1955-a26b8df0.wav,75.000000,10.000000,24000,1955,Lennie Tristano,Lennie Tristano
tristanol-illrememberapril-indpweyburnt-1955-a26b8df0__00016,tristanol-illrememberapril-indpweyburnt-1955-a26b8df0,Ill Remember April,3,Lennie Tristano / Lennie Tristano,3,3,data/processed/jtd_group_cv_16/audio_24k_mono/tristanol-illrememberapril-indpweyburnt-1955-a26b8df0.wav,80.000000,10.000000,24000,1955,Lennie Tristano,Lennie Tristano
tristanol-illrememberapril-indpweyburnt-1955-a26b8df0__00017,tristanol-illrememberapril-indpweyburnt-1955-a26b8df0,Ill Remember April,3,Lennie Tristano / Lennie Tristano,3,3,data/processed/jtd_group_cv_16/audio_24k_mono/tristanol-illrememberapril-indpweyburnt-1955-a26b8df0.wav,85.000000,10.000000,24000,1955,Lennie Tristano,Lennie Tristano
tristanol-illrememberapril-indpweyburnt-1955-a26b8df0__00018,tristanol-illrememberapril-indpweyburnt-1955-a26b8df0,Ill Remember April,3,Lennie Tristano / Lennie Tristano,3,3,data/processed/jtd_group_cv_16/audio_24k_mono/tristanol-illrememberapril-indpweyburnt-1955-a26b8df0.wav,90.000000,10.000000,24000,1955,Lennie Tristano,Lennie Tristano
tristanol-illrememberapril-indpweyburnt-1955-a26b8df0__00019,tristanol-illrememberapril-indpweyburnt-1955-a26b8df0,Ill Remember April,3,Lennie Tristano / Lennie Tristano,3,3,data/processed/jtd_group_cv_16/audio_24k_mono/tristanol-illrememberapril-indpweyburnt-1955-a26b8df0.wav,95.000000,10.000000,24000,1955,Lennie Tristano,Lennie Tristano
tristanol-illrememberapril-indpweyburnt-1955-a26b8df0__00020,tristanol-illrememberapril-indpweyburnt-1955-a26b8df0,Ill Remember April,3,Lennie Tristano / Lennie Tristano,3,3,data/processed/jtd_group_cv_16/audio_24k_mono/tristanol-illrememberapril-indpweyburnt-1955-a26b8df0.wav,100.000000,10.000000,24000,1955,Lennie Tristano,Lennie Tristano
tristanol-illrememberapril-indpweyburnt-1955-a26b8df0__00021,tristanol-illrememberapril-indpweyburnt-1955-a26b8df0,Ill Remember April,3,Lennie Tristano / Lennie Tristano,3,3,data/processed/jtd_group_cv_16/audio_24k_mono/tristanol-illrememberapril-indpweyburnt-1955-a26b8df0.wav,105.000000,10.000000,24000,1955,Lennie Tristano,Lennie Tristano
tristanol-illrememberapril-indpweyburnt-1955-a26b8df0__00022,tristanol-illrememberapril-indpweyburnt-1955-a26b8df0,Ill Remember April,3,Lennie Tristano / Lennie Tristano,3,3,data/processed/jtd_group_cv_16/audio_24k_mono/tristanol-illrememberapril-indpweyburnt-1955-a26b8df0.wav,110.000000,10.000000,24000,1955,Lennie Tristano,Lennie Tristano
tristanol-illrememberapril-indpweyburnt-1955-a26b8df0__00023,tristanol-illrememberapril-indpweyburnt-1955-a26b8df0,Ill Remember April,3,Lennie Tristano / Lennie Tristano,3,3,data/processed/jtd_group_cv_16/audio_24k_mono/tristanol-illrememberapril-indpweyburnt-1955-a26b8df0.wav,115.000000,10.000000,24000,1955,Lennie Tristano,Lennie Tristano
tristanol-illrememberapril-indpweyburnt-1955-a26b8df0__00024,tristanol-illrememberapril-indpweyburnt-1955-a26b8df0,Ill Remember April,3,Lennie Tristano / Lennie Tristano,3,3,data/processed/jtd_group_cv_16/audio_24k_mono/tristanol-illrememberapril-indpweyburnt-1955-a26b8df0.wav,120.000000,10.000000,24000,1955,Lennie Tristano,Lennie Tristano
tristanol-illrememberapril-indpweyburnt-1955-a26b8df0__00025,tristanol-illrememberapril-indpweyburnt-1955-a26b8df0,Ill Remember April,3,Lennie Tristano / Lennie Tristano,3,3,data/processed/jtd_group_cv_16/audio_24k_mono/tristanol-illrememberapril-indpweyburnt-1955-a26b8df0.wav,125.000000,10.000000,24000,1955,Lennie Tristano,Lennie Tristano
tristanol-illrememberapril-indpweyburnt-1955-a26b8df0__00026,tristanol-illrememberapril-indpweyburnt-1955-a26b8df0,Ill Remember April,3,Lennie Tristano / Lennie Tristano,3,3,data/processed/jtd_group_cv_16/audio_24k_mono/tristanol-illrememberapril-indpweyburnt-1955-a26b8df0.wav,130.000000,10.000000,24000,1955,Lennie Tristano,Lennie Tristano
tristanol-illrememberapril-indpweyburnt-1955-a26b8df0__00027,tristanol-illrememberapril-indpweyburnt-1955-a26b8df0,Ill Remember April,3,Lennie Tristano / Lennie Tristano,3,3,data/processed/jtd_group_cv_16/audio_24k_mono/tristanol-illrememberapril-indpweyburnt-1955-a26b8df0.wav,135.000000,10.000000,24000,1955,Lennie Tristano,Lennie Tristano
tristanol-illrememberapril-indpweyburnt-1955-a26b8df0__00028,tristanol-illrememberapril-indpweyburnt-1955-a26b8df0,Ill Remember April,3,Lennie Tristano / Lennie Tristano,3,3,data/processed/jtd_group_cv_16/audio_24k_mono/tristanol-illrememberapril-indpweyburnt-1955-a26b8df0.wav,140.000000,10.000000,24000,1955,Lennie Tristano,Lennie Tristano
tristanol-illrememberapril-indpweyburnt-1955-a26b8df0__00029,tristanol-illrememberapril-indpweyburnt-1955-a26b8df0,Ill Remember April,3,Lennie Tristano / Lennie Tristano,3,3,data/processed/jtd_group_cv_16/audio_24k_mono/tristanol-illrememberapril-indpweyburnt-1955-a26b8df0.wav,145.000000,10.000000,24000,1955,Lennie Tristano,Lennie Tristano
tristanol-illrememberapril-indpweyburnt-1955-a26b8df0__00030,tristanol-illrememberapril-indpweyburnt-1955-a26b8df0,Ill Remember April,3,Lennie Tristano / Lennie Tristano,3,3,data/processed/jtd_group_cv_16/audio_24k_mono/tristanol-illrememberapril-indpweyburnt-1955-a26b8df0.wav,150.000000,10.000000,24000,1955,Lennie Tristano,Lennie Tristano
tristanol-illrememberapril-indpweyburnt-1955-a26b8df0__00031,tristanol-illrememberapril-indpweyburnt-1955-a26b8df0,Ill Remember April,3,Lennie Tristano / Lennie Tristano,3,3,data/processed/jtd_group_cv_16/audio_24k_mono/tristanol-illrememberapril-indpweyburnt-1955-a26b8df0.wav,155.000000,10.000000,24000,1955,Lennie Tristano,Lennie Tristano
tristanol-illrememberapril-indpweyburnt-1955-a26b8df0__00032,tristanol-illrememberapril-indpweyburnt-1955-a26b8df0,Ill Remember April,3,Lennie Tristano / Lennie Tristano,3,3,data/processed/jtd_group_cv_16/audio_24k_mono/tristanol-illrememberapril-indpweyburnt-1955-a26b8df0.wav,160.000000,10.000000,24000,1955,Lennie Tristano,Lennie Tristano
tristanol-illrememberapril-indpweyburnt-1955-a26b8df0__00033,tristanol-illrememberapril-indpweyburnt-1955-a26b8df0,Ill Remember April,3,Lennie Tristano / Lennie Tristano,3,3,data/processed/jtd_group_cv_16/audio_24k_mono/tristanol-illrememberapril-indpweyburnt-1955-a26b8df0.wav,165.000000,10.000000,24000,1955,Lennie Tristano,Lennie Tristano
tristanol-illrememberapril-indpweyburnt-1955-a26b8df0__00034,tristanol-illrememberapril-indpweyburnt-1955-a26b8df0,Ill Remember April,3,Lennie Tristano / Lennie Tristano,3,3,data/processed/jtd_group_cv_16/audio_24k_mono/tristanol-illrememberapril-indpweyburnt-1955-a26b8df0.wav,170.000000,10.000000,24000,1955,Lennie Tristano,Lennie Tristano
tristanol-illrememberapril-indpweyburnt-1955-a26b8df0__00035,tristanol-illrememberapril-indpweyburnt-1955-a26b8df0,Ill Remember April,3,Lennie Tristano / Lennie Tristano,3,3,data/processed/jtd_group_cv_16/audio_24k_mono/tristanol-illrememberapril-indpweyburnt-1955-a26b8df0.wav,175.000000,10.000000,24000,1955,Lennie Tristano,Lennie Tristano
tristanol-illrememberapril-indpweyburnt-1955-a26b8df0__00036,tristanol-illrememberapril-indpweyburnt-1955-a26b8df0,Ill Remember April,3,Lennie Tristano / Lennie Tristano,3,3,data/processed/jtd_group_cv_16/audio_24k_mono/tristanol-illrememberapril-indpweyburnt-1955-a26b8df0.wav,180.000000,10.000000,24000,1955,Lennie Tristano,Lennie Tristano
evansb-inyourownsweetway-johnsonmlabarberaj-1980-103a83ad__00000,evansb-inyourownsweetway-johnsonmlabarberaj-1980-103a83ad,In Your Own Sweet Way,4,Bill Evans / Bill Evans,0,0,data/processed/jtd_group_cv_16/audio_24k_mono/evansb-inyourownsweetway-johnsonmlabarberaj-1980-103a83ad.wav,0.000000,10.000000,24000,1980,Bill Evans,Bill Evans
evansb-inyourownsweetway-johnsonmlabarberaj-1980-103a83ad__00001,evansb-inyourownsweetway-johnsonmlabarberaj-1980-103a83ad,In Your Own Sweet Way,4,Bill Evans / Bill Evans,0,0,data/processed/jtd_group_cv_16/audio_24k_mono/evansb-inyourownsweetway-johnsonmlabarberaj-1980-103a83ad.wav,5.000000,10.000000,24000,1980,Bill Evans,Bill Evans
evansb-inyourownsweetway-johnsonmlabarberaj-1980-103a83ad__00002,evansb-inyourownsweetway-johnsonmlabarberaj-1980-103a83ad,In Your Own Sweet Way,4,Bill Evans / Bill Evans,0,0,data/processed/jtd_group_cv_16/audio_24k_mono/evansb-inyourownsweetway-johnsonmlabarberaj-1980-103a83ad.wav,10.000000,10.000000,24000,1980,Bill Evans,Bill Evans
evansb-inyourownsweetway-johnsonmlabarberaj-1980-103a83ad__00003,evansb-inyourownsweetway-johnsonmlabarberaj-1980-103a83ad,In Your Own Sweet Way,4,Bill Evans / Bill Evans,0,0,data/processed/jtd_group_cv_16/audio_24k_mono/evansb-inyourownsweetway-johnsonmlabarberaj-1980-103a83ad.wav,15.000000,10.000000,24000,1980,Bill Evans,Bill Evans
evansb-inyourownsweetway-johnsonmlabarberaj-1980-103a83ad__00004,evansb-inyourownsweetway-johnsonmlabarberaj-1980-103a83ad,In Your Own Sweet Way,4,Bill Evans / Bill Evans,0,0,data/processed/jtd_group_cv_16/audio_24k_mono/evansb-inyourownsweetway-johnsonmlabarberaj-1980-103a83ad.wav,20.000000,10.000000,24000,1980,Bill Evans,Bill Evans
evansb-inyourownsweetway-johnsonmlabarberaj-1980-103a83ad__00005,evansb-inyourownsweetway-johnsonmlabarberaj-1980-103a83ad,In Your Own Sweet Way,4,Bill Evans / Bill Evans,0,0,data/processed/jtd_group_cv_16/audio_24k_mono/evansb-inyourownsweetway-johnsonmlabarberaj-1980-103a83ad.wav,25.000000,10.000000,24000,1980,Bill Evans,Bill Evans
evansb-inyourownsweetway-johnsonmlabarberaj-1980-103a83ad__00006,evansb-inyourownsweetway-johnsonmlabarberaj-1980-103a83ad,In Your Own Sweet Way,4,Bill Evans / Bill Evans,0,0,data/processed/jtd_group_cv_16/audio_24k_mono/evansb-inyourownsweetway-johnsonmlabarberaj-1980-103a83ad.wav,30.000000,10.000000,24000,1980,Bill Evans,Bill Evans
evansb-inyourownsweetway-johnsonmlabarberaj-1980-103a83ad__00007,evansb-inyourownsweetway-johnsonmlabarberaj-1980-103a83ad,In Your Own Sweet Way,4,Bill Evans / Bill Evans,0,0,data/processed/jtd_group_cv_16/audio_24k_mono/evansb-inyourownsweetway-johnsonmlabarberaj-1980-103a83ad.wav,35.000000,10.000000,24000,1980,Bill Evans,Bill Evans
evansb-inyourownsweetway-johnsonmlabarberaj-1980-103a83ad__00008,evansb-inyourownsweetway-johnsonmlabarberaj-1980-103a83ad,In Your Own Sweet Way,4,Bill Evans / Bill Evans,0,0,data/processed/jtd_group_cv_16/audio_24k_mono/evansb-inyourownsweetway-johnsonmlabarberaj-1980-103a83ad.wav,40.000000,10.000000,24000,1980,Bill Evans,Bill Evans
evansb-inyourownsweetway-johnsonmlabarberaj-1980-103a83ad__00009,evansb-inyourownsweetway-johnsonmlabarberaj-1980-103a83ad,In Your Own Sweet Way,4,Bill Evans / Bill Evans,0,0,data/processed/jtd_group_cv_16/audio_24k_mono/evansb-inyourownsweetway-johnsonmlabarberaj-1980-103a83ad.wav,45.000000,10.000000,24000,1980,Bill Evans,Bill Evans
evansb-inyourownsweetway-johnsonmlabarberaj-1980-103a83ad__00010,evansb-inyourownsweetway-johnsonmlabarberaj-1980-103a83ad,In Your Own Sweet Way,4,Bill Evans / Bill Evans,0,0,data/processed/jtd_group_cv_16/audio_24k_mono/evansb-inyourownsweetway-johnsonmlabarberaj-1980-103a83ad.wav,50.000000,10.000000,24000,1980,Bill Evans,Bill Evans
evansb-inyourownsweetway-johnsonmlabarberaj-1980-103a83ad__00011,evansb-inyourownsweetway-johnsonmlabarberaj-1980-103a83ad,In Your Own Sweet Way,4,Bill Evans / Bill Evans,0,0,data/processed/jtd_group_cv_16/audio_24k_mono/evansb-inyourownsweetway-johnsonmlabarberaj-1980-103a83ad.wav,55.000000,10.000000,24000,1980,Bill Evans,Bill Evans
evansb-inyourownsweetway-johnsonmlabarberaj-1980-103a83ad__00012,evansb-inyourownsweetway-johnsonmlabarberaj-1980-103a83ad,In Your Own Sweet Way,4,Bill Evans / Bill Evans,0,0,data/processed/jtd_group_cv_16/audio_24k_mono/evansb-inyourownsweetway-johnsonmlabarberaj-1980-103a83ad.wav,60.000000,10.000000,24000,1980,Bill Evans,Bill Evans
evansb-inyourownsweetway-johnsonmlabarberaj-1980-103a83ad__00013,evansb-inyourownsweetway-johnsonmlabarberaj-1980-103a83ad,In Your Own Sweet Way,4,Bill Evans / Bill Evans,0,0,data/processed/jtd_group_cv_16/audio_24k_mono/evansb-inyourownsweetway-johnsonmlabarberaj-1980-103a83ad.wav,65.000000,10.000000,24000,1980,Bill Evans,Bill Evans
evansb-inyourownsweetway-johnsonmlabarberaj-1980-103a83ad__00014,evansb-inyourownsweetway-johnsonmlabarberaj-1980-103a83ad,In Your Own Sweet Way,4,Bill Evans / Bill Evans,0,0,data/processed/jtd_group_cv_16/audio_24k_mono/evansb-inyourownsweetway-johnsonmlabarberaj-1980-103a83ad.wav,70.000000,10.000000,24000,1980,Bill Evans,Bill Evans
evansb-inyourownsweetway-johnsonmlabarberaj-1980-103a83ad__00015,evansb-inyourownsweetway-johnsonmlabarberaj-1980-103a83ad,In Your Own Sweet Way,4,Bill Evans / Bill Evans,0,0,data/processed/jtd_group_cv_16/audio_24k_mono/evansb-inyourownsweetway-johnsonmlabarberaj-1980-103a83ad.wav,75.000000,10.000000,24000,1980,Bill Evans,Bill Evans
evansb-inyourownsweetway-johnsonmlabarberaj-1980-103a83ad__00016,evansb-inyourownsweetway-johnsonmlabarberaj-1980-103a83ad,In Your Own Sweet Way,4,Bill Evans / Bill Evans,0,0,data/processed/jtd_group_cv_16/audio_24k_mono/evansb-inyourownsweetway-johnsonmlabarberaj-1980-103a83ad.wav,80.000000,10.000000,24000,1980,Bill Evans,Bill Evans
evansb-inyourownsweetway-johnsonmlabarberaj-1980-103a83ad__00017,evansb-inyourownsweetway-johnsonmlabarberaj-1980-103a83ad,In Your Own Sweet Way,4,Bill Evans / Bill Evans,0,0,data/processed/jtd_group_cv_16/audio_24k_mono/evansb-inyourownsweetway-johnsonmlabarberaj-1980-103a83ad.wav,85.000000,10.000000,24000,1980,Bill Evans,Bill Evans
evansb-inyourownsweetway-johnsonmlabarberaj-1980-103a83ad__00018,evansb-inyourownsweetway-johnsonmlabarberaj-1980-103a83ad,In Your Own Sweet Way,4,Bill Evans / Bill Evans,0,0,data/processed/jtd_group_cv_16/audio_24k_mono/evansb-inyourownsweetway-johnsonmlabarberaj-1980-103a83ad.wav,90.000000,10.000000,24000,1980,Bill Evans,Bill Evans
evansb-inyourownsweetway-johnsonmlabarberaj-1980-103a83ad__00019,evansb-inyourownsweetway-johnsonmlabarberaj-1980-103a83ad,In Your Own Sweet Way,4,Bill Evans / Bill Evans,0,0,data/processed/jtd_group_cv_16/audio_24k_mono/evansb-inyourownsweetway-johnsonmlabarberaj-1980-103a83ad.wav,95.000000,10.000000,24000,1980,Bill Evans,Bill Evans
evansb-inyourownsweetway-johnsonmlabarberaj-1980-103a83ad__00020,evansb-inyourownsweetway-johnsonmlabarberaj-1980-103a83ad,In Your Own Sweet Way,4,Bill Evans / Bill Evans,0,0,data/processed/jtd_group_cv_16/audio_24k_mono/evansb-inyourownsweetway-johnsonmlabarberaj-1980-103a83ad.wav,100.000000,10.000000,24000,1980,Bill Evans,Bill Evans
evansb-inyourownsweetway-johnsonmlabarberaj-1980-103a83ad__00021,evansb-inyourownsweetway-johnsonmlabarberaj-1980-103a83ad,In Your Own Sweet Way,4,Bill Evans / Bill Evans,0,0,data/processed/jtd_group_cv_16/audio_24k_mono/evansb-inyourownsweetway-johnsonmlabarberaj-1980-103a83ad.wav,105.000000,10.000000,24000,1980,Bill Evans,Bill Evans
evansb-inyourownsweetway-johnsonmlabarberaj-1980-103a83ad__00022,evansb-inyourownsweetway-johnsonmlabarberaj-1980-103a83ad,In Your Own Sweet Way,4,Bill Evans / Bill Evans,0,0,data/processed/jtd_group_cv_16/audio_24k_mono/evansb-inyourownsweetway-johnsonmlabarberaj-1980-103a83ad.wav,110.000000,10.000000,24000,1980,Bill Evans,Bill Evans
evansb-inyourownsweetway-johnsonmlabarberaj-1980-103a83ad__00023,evansb-inyourownsweetway-johnsonmlabarberaj-1980-103a83ad,In Your Own Sweet Way,4,Bill Evans / Bill Evans,0,0,data/processed/jtd_group_cv_16/audio_24k_mono/evansb-inyourownsweetway-johnsonmlabarberaj-1980-103a83ad.wav,115.000000,10.000000,24000,1980,Bill Evans,Bill Evans
evansb-inyourownsweetway-johnsonmlabarberaj-1980-103a83ad__00024,evansb-inyourownsweetway-johnsonmlabarberaj-1980-103a83ad,In Your Own Sweet Way,4,Bill Evans / Bill Evans,0,0,data/processed/jtd_group_cv_16/audio_24k_mono/evansb-inyourownsweetway-johnsonmlabarberaj-1980-103a83ad.wav,120.000000,10.000000,24000,1980,Bill Evans,Bill Evans
evansb-inyourownsweetway-johnsonmlabarberaj-1980-103a83ad__00025,evansb-inyourownsweetway-johnsonmlabarberaj-1980-103a83ad,In Your Own Sweet Way,4,Bill Evans / Bill Evans,0,0,data/processed/jtd_group_cv_16/audio_24k_mono/evansb-inyourownsweetway-johnsonmlabarberaj-1980-103a83ad.wav,125.000000,10.000000,24000,1980,Bill Evans,Bill Evans
evansb-inyourownsweetway-johnsonmlabarberaj-1980-103a83ad__00026,evansb-inyourownsweetway-johnsonmlabarberaj-1980-103a83ad,In Your Own Sweet Way,4,Bill Evans / Bill Evans,0,0,data/processed/jtd_group_cv_16/audio_24k_mono/evansb-inyourownsweetway-johnsonmlabarberaj-1980-103a83ad.wav,130.000000,10.000000,24000,1980,Bill Evans,Bill Evans
jarrettk-inyourownsweetway-peacockgdejohnettej-1993-df10bb52__00000,jarrettk-inyourownsweetway-peacockgdejohnettej-1993-df10bb52,In Your Own Sweet Way,4,Keith Jarrett / Keith Jarrett,2,2,data/processed/jtd_group_cv_16/audio_24k_mono/jarrettk-inyourownsweetway-peacockgdejohnettej-1993-df10bb52.wav,0.000000,10.000000,24000,1993,Keith Jarrett,Keith Jarrett
jarrettk-inyourownsweetway-peacockgdejohnettej-1993-df10bb52__00001,jarrettk-inyourownsweetway-peacockgdejohnettej-1993-df10bb52,In Your Own Sweet Way,4,Keith Jarrett / Keith Jarrett,2,2,data/processed/jtd_group_cv_16/audio_24k_mono/jarrettk-inyourownsweetway-peacockgdejohnettej-1993-df10bb52.wav,5.000000,10.000000,24000,1993,Keith Jarrett,Keith Jarrett
jarrettk-inyourownsweetway-peacockgdejohnettej-1993-df10bb52__00002,jarrettk-inyourownsweetway-peacockgdejohnettej-1993-df10bb52,In Your Own Sweet Way,4,Keith Jarrett / Keith Jarrett,2,2,data/processed/jtd_group_cv_16/audio_24k_mono/jarrettk-inyourownsweetway-peacockgdejohnettej-1993-df10bb52.wav,10.000000,10.000000,24000,1993,Keith Jarrett,Keith Jarrett
jarrettk-inyourownsweetway-peacockgdejohnettej-1993-df10bb52__00003,jarrettk-inyourownsweetway-peacockgdejohnettej-1993-df10bb52,In Your Own Sweet Way,4,Keith Jarrett / Keith Jarrett,2,2,data/processed/jtd_group_cv_16/audio_24k_mono/jarrettk-inyourownsweetway-peacockgdejohnettej-1993-df10bb52.wav,15.000000,10.000000,24000,1993,Keith Jarrett,Keith Jarrett
jarrettk-inyourownsweetway-peacockgdejohnettej-1993-df10bb52__00004,jarrettk-inyourownsweetway-peacockgdejohnettej-1993-df10bb52,In Your Own Sweet Way,4,Keith Jarrett / Keith Jarrett,2,2,data/processed/jtd_group_cv_16/audio_24k_mono/jarrettk-inyourownsweetway-peacockgdejohnettej-1993-df10bb52.wav,20.000000,10.000000,24000,1993,Keith Jarrett,Keith Jarrett
jarrettk-inyourownsweetway-peacockgdejohnettej-1993-df10bb52__00005,jarrettk-inyourownsweetway-peacockgdejohnettej-1993-df10bb52,In Your Own Sweet Way,4,Keith Jarrett / Keith Jarrett,2,2,data/processed/jtd_group_cv_16/audio_24k_mono/jarrettk-inyourownsweetway-peacockgdejohnettej-1993-df10bb52.wav,25.000000,10.000000,24000,1993,Keith Jarrett,Keith Jarrett
jarrettk-inyourownsweetway-peacockgdejohnettej-1993-df10bb52__00006,jarrettk-inyourownsweetway-peacockgdejohnettej-1993-df10bb52,In Your Own Sweet Way,4,Keith Jarrett / Keith Jarrett,2,2,data/processed/jtd_group_cv_16/audio_24k_mono/jarrettk-inyourownsweetway-peacockgdejohnettej-1993-df10bb52.wav,30.000000,10.000000,24000,1993,Keith Jarrett,Keith Jarrett
jarrettk-inyourownsweetway-peacockgdejohnettej-1993-df10bb52__00007,jarrettk-inyourownsweetway-peacockgdejohnettej-1993-df10bb52,In Your Own Sweet Way,4,Keith Jarrett / Keith Jarrett,2,2,data/processed/jtd_group_cv_16/audio_24k_mono/jarrettk-inyourownsweetway-peacockgdejohnettej-1993-df10bb52.wav,35.000000,10.000000,24000,1993,Keith Jarrett,Keith Jarrett
jarrettk-inyourownsweetway-peacockgdejohnettej-1993-df10bb52__00008,jarrettk-inyourownsweetway-peacockgdejohnettej-1993-df10bb52,In Your Own Sweet Way,4,Keith Jarrett / Keith Jarrett,2,2,data/processed/jtd_group_cv_16/audio_24k_mono/jarrettk-inyourownsweetway-peacockgdejohnettej-1993-df10bb52.wav,40.000000,10.000000,24000,1993,Keith Jarrett,Keith Jarrett
jarrettk-inyourownsweetway-peacockgdejohnettej-1993-df10bb52__00009,jarrettk-inyourownsweetway-peacockgdejohnettej-1993-df10bb52,In Your Own Sweet Way,4,Keith Jarrett / Keith Jarrett,2,2,data/processed/jtd_group_cv_16/audio_24k_mono/jarrettk-inyourownsweetway-peacockgdejohnettej-1993-df10bb52.wav,45.000000,10.000000,24000,1993,Keith Jarrett,Keith Jarrett
jarrettk-inyourownsweetway-peacockgdejohnettej-1993-df10bb52__00010,jarrettk-inyourownsweetway-peacockgdejohnettej-1993-df10bb52,In Your Own Sweet Way,4,Keith Jarrett / Keith Jarrett,2,2,data/processed/jtd_group_cv_16/audio_24k_mono/jarrettk-inyourownsweetway-peacockgdejohnettej-1993-df10bb52.wav,50.000000,10.000000,24000,1993,Keith Jarrett,Keith Jarrett
jarrettk-inyourownsweetway-peacockgdejohnettej-1993-df10bb52__00011,jarrettk-inyourownsweetway-peacockgdejohnettej-1993-df10bb52,In Your Own Sweet Way,4,Keith Jarrett / Keith Jarrett,2,2,data/processed/jtd_group_cv_16/audio_24k_mono/jarrettk-inyourownsweetway-peacockgdejohnettej-1993-df10bb52.wav,55.000000,10.000000,24000,1993,Keith Jarrett,Keith Jarrett
jarrettk-inyourownsweetway-peacockgdejohnettej-1993-df10bb52__00012,jarrettk-inyourownsweetway-peacockgdejohnettej-1993-df10bb52,In Your Own Sweet Way,4,Keith Jarrett / Keith Jarrett,2,2,data/processed/jtd_group_cv_16/audio_24k_mono/jarrettk-inyourownsweetway-peacockgdejohnettej-1993-df10bb52.wav,60.000000,10.000000,24000,1993,Keith Jarrett,Keith Jarrett
jarrettk-inyourownsweetway-peacockgdejohnettej-1993-df10bb52__00013,jarrettk-inyourownsweetway-peacockgdejohnettej-1993-df10bb52,In Your Own Sweet Way,4,Keith Jarrett / Keith Jarrett,2,2,data/processed/jtd_group_cv_16/audio_24k_mono/jarrettk-inyourownsweetway-peacockgdejohnettej-1993-df10bb52.wav,65.000000,10.000000,24000,1993,Keith Jarrett,Keith Jarrett
jarrettk-inyourownsweetway-peacockgdejohnettej-1993-df10bb52__00014,jarrettk-inyourownsweetway-peacockgdejohnettej-1993-df10bb52,In Your Own Sweet Way,4,Keith Jarrett / Keith Jarrett,2,2,data/processed/jtd_group_cv_16/audio_24k_mono/jarrettk-inyourownsweetway-peacockgdejohnettej-1993-df10bb52.wav,70.000000,10.000000,24000,1993,Keith Jarrett,Keith Jarrett
jarrettk-inyourownsweetway-peacockgdejohnettej-1993-df10bb52__00015,jarrettk-inyourownsweetway-peacockgdejohnettej-1993-df10bb52,In Your Own Sweet Way,4,Keith Jarrett / Keith Jarrett,2,2,data/processed/jtd_group_cv_16/audio_24k_mono/jarrettk-inyourownsweetway-peacockgdejohnettej-1993-df10bb52.wav,75.000000,10.000000,24000,1993,Keith Jarrett,Keith Jarrett
jarrettk-inyourownsweetway-peacockgdejohnettej-1993-df10bb52__00016,jarrettk-inyourownsweetway-peacockgdejohnettej-1993-df10bb52,In Your Own Sweet Way,4,Keith Jarrett / Keith Jarrett,2,2,data/processed/jtd_group_cv_16/audio_24k_mono/jarrettk-inyourownsweetway-peacockgdejohnettej-1993-df10bb52.wav,80.000000,10.000000,24000,1993,Keith Jarrett,Keith Jarrett
jarrettk-inyourownsweetway-peacockgdejohnettej-1993-df10bb52__00017,jarrettk-inyourownsweetway-peacockgdejohnettej-1993-df10bb52,In Your Own Sweet Way,4,Keith Jarrett / Keith Jarrett,2,2,data/processed/jtd_group_cv_16/audio_24k_mono/jarrettk-inyourownsweetway-peacockgdejohnettej-1993-df10bb52.wav,85.000000,10.000000,24000,1993,Keith Jarrett,Keith Jarrett
jarrettk-inyourownsweetway-peacockgdejohnettej-1993-df10bb52__00018,jarrettk-inyourownsweetway-peacockgdejohnettej-1993-df10bb52,In Your Own Sweet Way,4,Keith Jarrett / Keith Jarrett,2,2,data/processed/jtd_group_cv_16/audio_24k_mono/jarrettk-inyourownsweetway-peacockgdejohnettej-1993-df10bb52.wav,90.000000,10.000000,24000,1993,Keith Jarrett,Keith Jarrett
jarrettk-inyourownsweetway-peacockgdejohnettej-1993-df10bb52__00019,jarrettk-inyourownsweetway-peacockgdejohnettej-1993-df10bb52,In Your Own Sweet Way,4,Keith Jarrett / Keith Jarrett,2,2,data/processed/jtd_group_cv_16/audio_24k_mono/jarrettk-inyourownsweetway-peacockgdejohnettej-1993-df10bb52.wav,95.000000,10.000000,24000,1993,Keith Jarrett,Keith Jarrett
jarrettk-inyourownsweetway-peacockgdejohnettej-1993-df10bb52__00020,jarrettk-inyourownsweetway-peacockgdejohnettej-1993-df10bb52,In Your Own Sweet Way,4,Keith Jarrett / Keith Jarrett,2,2,data/processed/jtd_group_cv_16/audio_24k_mono/jarrettk-inyourownsweetway-peacockgdejohnettej-1993-df10bb52.wav,100.000000,10.000000,24000,1993,Keith Jarrett,Keith Jarrett
jarrettk-inyourownsweetway-peacockgdejohnettej-1993-df10bb52__00021,jarrettk-inyourownsweetway-peacockgdejohnettej-1993-df10bb52,In Your Own Sweet Way,4,Keith Jarrett / Keith Jarrett,2,2,data/processed/jtd_group_cv_16/audio_24k_mono/jarrettk-inyourownsweetway-peacockgdejohnettej-1993-df10bb52.wav,105.000000,10.000000,24000,1993,Keith Jarrett,Keith Jarrett
jarrettk-inyourownsweetway-peacockgdejohnettej-1993-df10bb52__00022,jarrettk-inyourownsweetway-peacockgdejohnettej-1993-df10bb52,In Your Own Sweet Way,4,Keith Jarrett / Keith Jarrett,2,2,data/processed/jtd_group_cv_16/audio_24k_mono/jarrettk-inyourownsweetway-peacockgdejohnettej-1993-df10bb52.wav,110.000000,10.000000,24000,1993,Keith Jarrett,Keith Jarrett
jarrettk-inyourownsweetway-peacockgdejohnettej-1993-df10bb52__00023,jarrettk-inyourownsweetway-peacockgdejohnettej-1993-df10bb52,In Your Own Sweet Way,4,Keith Jarrett / Keith Jarrett,2,2,data/processed/jtd_group_cv_16/audio_24k_mono/jarrettk-inyourownsweetway-peacockgdejohnettej-1993-df10bb52.wav,115.000000,10.000000,24000,1993,Keith Jarrett,Keith Jarrett
jarrettk-inyourownsweetway-peacockgdejohnettej-1993-df10bb52__00024,jarrettk-inyourownsweetway-peacockgdejohnettej-1993-df10bb52,In Your Own Sweet Way,4,Keith Jarrett / Keith Jarrett,2,2,data/processed/jtd_group_cv_16/audio_24k_mono/jarrettk-inyourownsweetway-peacockgdejohnettej-1993-df10bb52.wav,120.000000,10.000000,24000,1993,Keith Jarrett,Keith Jarrett
jarrettk-inyourownsweetway-peacockgdejohnettej-1993-df10bb52__00025,jarrettk-inyourownsweetway-peacockgdejohnettej-1993-df10bb52,In Your Own Sweet Way,4,Keith Jarrett / Keith Jarrett,2,2,data/processed/jtd_group_cv_16/audio_24k_mono/jarrettk-inyourownsweetway-peacockgdejohnettej-1993-df10bb52.wav,125.000000,10.000000,24000,1993,Keith Jarrett,Keith Jarrett
jarrettk-inyourownsweetway-peacockgdejohnettej-1993-df10bb52__00026,jarrettk-inyourownsweetway-peacockgdejohnettej-1993-df10bb52,In Your Own Sweet Way,4,Keith Jarrett / Keith Jarrett,2,2,data/processed/jtd_group_cv_16/audio_24k_mono/jarrettk-inyourownsweetway-peacockgdejohnettej-1993-df10bb52.wav,130.000000,10.000000,24000,1993,Keith Jarrett,Keith Jarrett
jarrettk-inyourownsweetway-peacockgdejohnettej-1993-df10bb52__00027,jarrettk-inyourownsweetway-peacockgdejohnettej-1993-df10bb52,In Your Own Sweet Way,4,Keith Jarrett / Keith Jarrett,2,2,data/processed/jtd_group_cv_16/audio_24k_mono/jarrettk-inyourownsweetway-peacockgdejohnettej-1993-df10bb52.wav,135.000000,10.000000,24000,1993,Keith Jarrett,Keith Jarrett
jarrettk-inyourownsweetway-peacockgdejohnettej-1993-df10bb52__00028,jarrettk-inyourownsweetway-peacockgdejohnettej-1993-df10bb52,In Your Own Sweet Way,4,Keith Jarrett / Keith Jarrett,2,2,data/processed/jtd_group_cv_16/audio_24k_mono/jarrettk-inyourownsweetway-peacockgdejohnettej-1993-df10bb52.wav,140.000000,10.000000,24000,1993,Keith Jarrett,Keith Jarrett
jarrettk-inyourownsweetway-peacockgdejohnettej-1993-df10bb52__00029,jarrettk-inyourownsweetway-peacockgdejohnettej-1993-df10bb52,In Your Own Sweet Way,4,Keith Jarrett / Keith Jarrett,2,2,data/processed/jtd_group_cv_16/audio_24k_mono/jarrettk-inyourownsweetway-peacockgdejohnettej-1993-df10bb52.wav,145.000000,10.000000,24000,1993,Keith Jarrett,Keith Jarrett
jarrettk-inyourownsweetway-peacockgdejohnettej-1993-df10bb52__00030,jarrettk-inyourownsweetway-peacockgdejohnettej-1993-df10bb52,In Your Own Sweet Way,4,Keith Jarrett / Keith Jarrett,2,2,data/processed/jtd_group_cv_16/audio_24k_mono/jarrettk-inyourownsweetway-peacockgdejohnettej-1993-df10bb52.wav,150.000000,10.000000,24000,1993,Keith Jarrett,Keith Jarrett
jarrettk-inyourownsweetway-peacockgdejohnettej-1993-df10bb52__00031,jarrettk-inyourownsweetway-peacockgdejohnettej-1993-df10bb52,In Your Own Sweet Way,4,Keith Jarrett / Keith Jarrett,2,2,data/processed/jtd_group_cv_16/audio_24k_mono/jarrettk-inyourownsweetway-peacockgdejohnettej-1993-df10bb52.wav,155.000000,10.000000,24000,1993,Keith Jarrett,Keith Jarrett
jarrettk-inyourownsweetway-peacockgdejohnettej-1993-df10bb52__00032,jarrettk-inyourownsweetway-peacockgdejohnettej-1993-df10bb52,In Your Own Sweet Way,4,Keith Jarrett / Keith Jarrett,2,2,data/processed/jtd_group_cv_16/audio_24k_mono/jarrettk-inyourownsweetway-peacockgdejohnettej-1993-df10bb52.wav,160.000000,10.000000,24000,1993,Keith Jarrett,Keith Jarrett
jarrettk-inyourownsweetway-peacockgdejohnettej-1993-df10bb52__00033,jarrettk-inyourownsweetway-peacockgdejohnettej-1993-df10bb52,In Your Own Sweet Way,4,Keith Jarrett / Keith Jarrett,2,2,data/processed/jtd_group_cv_16/audio_24k_mono/jarrettk-inyourownsweetway-peacockgdejohnettej-1993-df10bb52.wav,165.000000,10.000000,24000,1993,Keith Jarrett,Keith Jarrett
jarrettk-inyourownsweetway-peacockgdejohnettej-1993-df10bb52__00034,jarrettk-inyourownsweetway-peacockgdejohnettej-1993-df10bb52,In Your Own Sweet Way,4,Keith Jarrett / Keith Jarrett,2,2,data/processed/jtd_group_cv_16/audio_24k_mono/jarrettk-inyourownsweetway-peacockgdejohnettej-1993-df10bb52.wav,170.000000,10.000000,24000,1993,Keith Jarrett,Keith Jarrett
jarrettk-inyourownsweetway-peacockgdejohnettej-1993-df10bb52__00035,jarrettk-inyourownsweetway-peacockgdejohnettej-1993-df10bb52,In Your Own Sweet Way,4,Keith Jarrett / Keith Jarrett,2,2,data/processed/jtd_group_cv_16/audio_24k_mono/jarrettk-inyourownsweetway-peacockgdejohnettej-1993-df10bb52.wav,175.000000,10.000000,24000,1993,Keith Jarrett,Keith Jarrett
jarrettk-inyourownsweetway-peacockgdejohnettej-1993-df10bb52__00036,jarrettk-inyourownsweetway-peacockgdejohnettej-1993-df10bb52,In Your Own Sweet Way,4,Keith Jarrett / Keith Jarrett,2,2,data/processed/jtd_group_cv_16/audio_24k_mono/jarrettk-inyourownsweetway-peacockgdejohnettej-1993-df10bb52.wav,180.000000,10.000000,24000,1993,Keith Jarrett,Keith Jarrett
jarrettk-inyourownsweetway-peacockgdejohnettej-1993-df10bb52__00037,jarrettk-inyourownsweetway-peacockgdejohnettej-1993-df10bb52,In Your Own Sweet Way,4,Keith Jarrett / Keith Jarrett,2,2,data/processed/jtd_group_cv_16/audio_24k_mono/jarrettk-inyourownsweetway-peacockgdejohnettej-1993-df10bb52.wav,185.000000,10.000000,24000,1993,Keith Jarrett,Keith Jarrett
jarrettk-inyourownsweetway-peacockgdejohnettej-1993-df10bb52__00038,jarrettk-inyourownsweetway-peacockgdejohnettej-1993-df10bb52,In Your Own Sweet Way,4,Keith Jarrett / Keith Jarrett,2,2,data/processed/jtd_group_cv_16/audio_24k_mono/jarrettk-inyourownsweetway-peacockgdejohnettej-1993-df10bb52.wav,190.000000,10.000000,24000,1993,Keith Jarrett,Keith Jarrett
jarrettk-inyourownsweetway-peacockgdejohnettej-1993-df10bb52__00039,jarrettk-inyourownsweetway-peacockgdejohnettej-1993-df10bb52,In Your Own Sweet Way,4,Keith Jarrett / Keith Jarrett,2,2,data/processed/jtd_group_cv_16/audio_24k_mono/jarrettk-inyourownsweetway-peacockgdejohnettej-1993-df10bb52.wav,195.000000,10.000000,24000,1993,Keith Jarrett,Keith Jarrett
jarrettk-inyourownsweetway-peacockgdejohnettej-1993-df10bb52__00040,jarrettk-inyourownsweetway-peacockgdejohnettej-1993-df10bb52,In Your Own Sweet Way,4,Keith Jarrett / Keith Jarrett,2,2,data/processed/jtd_group_cv_16/audio_24k_mono/jarrettk-inyourownsweetway-peacockgdejohnettej-1993-df10bb52.wav,200.000000,10.000000,24000,1993,Keith Jarrett,Keith Jarrett
jarrettk-inyourownsweetway-peacockgdejohnettej-1993-df10bb52__00041,jarrettk-inyourownsweetway-peacockgdejohnettej-1993-df10bb52,In Your Own Sweet Way,4,Keith Jarrett / Keith Jarrett,2,2,data/processed/jtd_group_cv_16/audio_24k_mono/jarrettk-inyourownsweetway-peacockgdejohnettej-1993-df10bb52.wav,205.000000,10.000000,24000,1993,Keith Jarrett,Keith Jarrett
jarrettk-inyourownsweetway-peacockgdejohnettej-1993-df10bb52__00042,jarrettk-inyourownsweetway-peacockgdejohnettej-1993-df10bb52,In Your Own Sweet Way,4,Keith Jarrett / Keith Jarrett,2,2,data/processed/jtd_group_cv_16/audio_24k_mono/jarrettk-inyourownsweetway-peacockgdejohnettej-1993-df10bb52.wav,210.000000,10.000000,24000,1993,Keith Jarrett,Keith Jarrett
jarrettk-inyourownsweetway-peacockgdejohnettej-1993-df10bb52__00043,jarrettk-inyourownsweetway-peacockgdejohnettej-1993-df10bb52,In Your Own Sweet Way,4,Keith Jarrett / Keith Jarrett,2,2,data/processed/jtd_group_cv_16/audio_24k_mono/jarrettk-inyourownsweetway-peacockgdejohnettej-1993-df10bb52.wav,215.000000,10.000000,24000,1993,Keith Jarrett,Keith Jarrett
jarrettk-inyourownsweetway-peacockgdejohnettej-1993-df10bb52__00044,jarrettk-inyourownsweetway-peacockgdejohnettej-1993-df10bb52,In Your Own Sweet Way,4,Keith Jarrett / Keith Jarrett,2,2,data/processed/jtd_group_cv_16/audio_24k_mono/jarrettk-inyourownsweetway-peacockgdejohnettej-1993-df10bb52.wav,220.000000,10.000000,24000,1993,Keith Jarrett,Keith Jarrett
jarrettk-inyourownsweetway-peacockgdejohnettej-1993-df10bb52__00045,jarrettk-inyourownsweetway-peacockgdejohnettej-1993-df10bb52,In Your Own Sweet Way,4,Keith Jarrett / Keith Jarrett,2,2,data/processed/jtd_group_cv_16/audio_24k_mono/jarrettk-inyourownsweetway-peacockgdejohnettej-1993-df10bb52.wav,225.000000,10.000000,24000,1993,Keith Jarrett,Keith Jarrett
jarrettk-inyourownsweetway-peacockgdejohnettej-1993-df10bb52__00046,jarrettk-inyourownsweetway-peacockgdejohnettej-1993-df10bb52,In Your Own Sweet Way,4,Keith Jarrett / Keith Jarrett,2,2,data/processed/jtd_group_cv_16/audio_24k_mono/jarrettk-inyourownsweetway-peacockgdejohnettej-1993-df10bb52.wav,230.000000,10.000000,24000,1993,Keith Jarrett,Keith Jarrett
jarrettk-inyourownsweetway-peacockgdejohnettej-1993-df10bb52__00047,jarrettk-inyourownsweetway-peacockgdejohnettej-1993-df10bb52,In Your Own Sweet Way,4,Keith Jarrett / Keith Jarrett,2,2,data/processed/jtd_group_cv_16/audio_24k_mono/jarrettk-inyourownsweetway-peacockgdejohnettej-1993-df10bb52.wav,235.000000,10.000000,24000,1993,Keith Jarrett,Keith Jarrett
jarrettk-inyourownsweetway-peacockgdejohnettej-1993-df10bb52__00048,jarrettk-inyourownsweetway-peacockgdejohnettej-1993-df10bb52,In Your Own Sweet Way,4,Keith Jarrett / Keith Jarrett,2,2,data/processed/jtd_group_cv_16/audio_24k_mono/jarrettk-inyourownsweetway-peacockgdejohnettej-1993-df10bb52.wav,240.000000,10.000000,24000,1993,Keith Jarrett,Keith Jarrett
jarrettk-inyourownsweetway-peacockgdejohnettej-1993-df10bb52__00049,jarrettk-inyourownsweetway-peacockgdejohnettej-1993-df10bb52,In Your Own Sweet Way,4,Keith Jarrett / Keith Jarrett,2,2,data/processed/jtd_group_cv_16/audio_24k_mono/jarrettk-inyourownsweetway-peacockgdejohnettej-1993-df10bb52.wav,245.000000,10.000000,24000,1993,Keith Jarrett,Keith Jarrett
jarrettk-inyourownsweetway-peacockgdejohnettej-1993-df10bb52__00050,jarrettk-inyourownsweetway-peacockgdejohnettej-1993-df10bb52,In Your Own Sweet Way,4,Keith Jarrett / Keith Jarrett,2,2,data/processed/jtd_group_cv_16/audio_24k_mono/jarrettk-inyourownsweetway-peacockgdejohnettej-1993-df10bb52.wav,250.000000,10.000000,24000,1993,Keith Jarrett,Keith Jarrett
jarrettk-inyourownsweetway-peacockgdejohnettej-1993-df10bb52__00051,jarrettk-inyourownsweetway-peacockgdejohnettej-1993-df10bb52,In Your Own Sweet Way,4,Keith Jarrett / Keith Jarrett,2,2,data/processed/jtd_group_cv_16/audio_24k_mono/jarrettk-inyourownsweetway-peacockgdejohnettej-1993-df10bb52.wav,255.000000,10.000000,24000,1993,Keith Jarrett,Keith Jarrett
drewk-inyourownsweetway-rstednqueena-1990-3ab72aec__00000,drewk-inyourownsweetway-rstednqueena-1990-3ab72aec,In Your Own Sweet Way,4,Kenny Drew / Kenny Drew,1,1,data/processed/jtd_group_cv_16/audio_24k_mono/drewk-inyourownsweetway-rstednqueena-1990-3ab72aec.wav,0.000000,10.000000,24000,1990,Kenny Drew,Kenny Drew
drewk-inyourownsweetway-rstednqueena-1990-3ab72aec__00001,drewk-inyourownsweetway-rstednqueena-1990-3ab72aec,In Your Own Sweet Way,4,Kenny Drew / Kenny Drew,1,1,data/processed/jtd_group_cv_16/audio_24k_mono/drewk-inyourownsweetway-rstednqueena-1990-3ab72aec.wav,5.000000,10.000000,24000,1990,Kenny Drew,Kenny Drew
drewk-inyourownsweetway-rstednqueena-1990-3ab72aec__00002,drewk-inyourownsweetway-rstednqueena-1990-3ab72aec,In Your Own Sweet Way,4,Kenny Drew / Kenny Drew,1,1,data/processed/jtd_group_cv_16/audio_24k_mono/drewk-inyourownsweetway-rstednqueena-1990-3ab72aec.wav,10.000000,10.000000,24000,1990,Kenny Drew,Kenny Drew
drewk-inyourownsweetway-rstednqueena-1990-3ab72aec__00003,drewk-inyourownsweetway-rstednqueena-1990-3ab72aec,In Your Own Sweet Way,4,Kenny Drew / Kenny Drew,1,1,data/processed/jtd_group_cv_16/audio_24k_mono/drewk-inyourownsweetway-rstednqueena-1990-3ab72aec.wav,15.000000,10.000000,24000,1990,Kenny Drew,Kenny Drew
drewk-inyourownsweetway-rstednqueena-1990-3ab72aec__00004,drewk-inyourownsweetway-rstednqueena-1990-3ab72aec,In Your Own Sweet Way,4,Kenny Drew / Kenny Drew,1,1,data/processed/jtd_group_cv_16/audio_24k_mono/drewk-inyourownsweetway-rstednqueena-1990-3ab72aec.wav,20.000000,10.000000,24000,1990,Kenny Drew,Kenny Drew
drewk-inyourownsweetway-rstednqueena-1990-3ab72aec__00005,drewk-inyourownsweetway-rstednqueena-1990-3ab72aec,In Your Own Sweet Way,4,Kenny Drew / Kenny Drew,1,1,data/processed/jtd_group_cv_16/audio_24k_mono/drewk-inyourownsweetway-rstednqueena-1990-3ab72aec.wav,25.000000,10.000000,24000,1990,Kenny Drew,Kenny Drew
drewk-inyourownsweetway-rstednqueena-1990-3ab72aec__00006,drewk-inyourownsweetway-rstednqueena-1990-3ab72aec,In Your Own Sweet Way,4,Kenny Drew / Kenny Drew,1,1,data/processed/jtd_group_cv_16/audio_24k_mono/drewk-inyourownsweetway-rstednqueena-1990-3ab72aec.wav,30.000000,10.000000,24000,1990,Kenny Drew,Kenny Drew
drewk-inyourownsweetway-rstednqueena-1990-3ab72aec__00007,drewk-inyourownsweetway-rstednqueena-1990-3ab72aec,In Your Own Sweet Way,4,Kenny Drew / Kenny Drew,1,1,data/processed/jtd_group_cv_16/audio_24k_mono/drewk-inyourownsweetway-rstednqueena-1990-3ab72aec.wav,35.000000,10.000000,24000,1990,Kenny Drew,Kenny Drew
drewk-inyourownsweetway-rstednqueena-1990-3ab72aec__00008,drewk-inyourownsweetway-rstednqueena-1990-3ab72aec,In Your Own Sweet Way,4,Kenny Drew / Kenny Drew,1,1,data/processed/jtd_group_cv_16/audio_24k_mono/drewk-inyourownsweetway-rstednqueena-1990-3ab72aec.wav,40.000000,10.000000,24000,1990,Kenny Drew,Kenny Drew
drewk-inyourownsweetway-rstednqueena-1990-3ab72aec__00009,drewk-inyourownsweetway-rstednqueena-1990-3ab72aec,In Your Own Sweet Way,4,Kenny Drew / Kenny Drew,1,1,data/processed/jtd_group_cv_16/audio_24k_mono/drewk-inyourownsweetway-rstednqueena-1990-3ab72aec.wav,45.000000,10.000000,24000,1990,Kenny Drew,Kenny Drew
drewk-inyourownsweetway-rstednqueena-1990-3ab72aec__00010,drewk-inyourownsweetway-rstednqueena-1990-3ab72aec,In Your Own Sweet Way,4,Kenny Drew / Kenny Drew,1,1,data/processed/jtd_group_cv_16/audio_24k_mono/drewk-inyourownsweetway-rstednqueena-1990-3ab72aec.wav,50.000000,10.000000,24000,1990,Kenny Drew,Kenny Drew
drewk-inyourownsweetway-rstednqueena-1990-3ab72aec__00011,drewk-inyourownsweetway-rstednqueena-1990-3ab72aec,In Your Own Sweet Way,4,Kenny Drew / Kenny Drew,1,1,data/processed/jtd_group_cv_16/audio_24k_mono/drewk-inyourownsweetway-rstednqueena-1990-3ab72aec.wav,55.000000,10.000000,24000,1990,Kenny Drew,Kenny Drew
drewk-inyourownsweetway-rstednqueena-1990-3ab72aec__00012,drewk-inyourownsweetway-rstednqueena-1990-3ab72aec,In Your Own Sweet Way,4,Kenny Drew / Kenny Drew,1,1,data/processed/jtd_group_cv_16/audio_24k_mono/drewk-inyourownsweetway-rstednqueena-1990-3ab72aec.wav,60.000000,10.000000,24000,1990,Kenny Drew,Kenny Drew
drewk-inyourownsweetway-rstednqueena-1990-3ab72aec__00013,drewk-inyourownsweetway-rstednqueena-1990-3ab72aec,In Your Own Sweet Way,4,Kenny Drew / Kenny Drew,1,1,data/processed/jtd_group_cv_16/audio_24k_mono/drewk-inyourownsweetway-rstednqueena-1990-3ab72aec.wav,65.000000,10.000000,24000,1990,Kenny Drew,Kenny Drew
drewk-inyourownsweetway-rstednqueena-1990-3ab72aec__00014,drewk-inyourownsweetway-rstednqueena-1990-3ab72aec,In Your Own Sweet Way,4,Kenny Drew / Kenny Drew,1,1,data/processed/jtd_group_cv_16/audio_24k_mono/drewk-inyourownsweetway-rstednqueena-1990-3ab72aec.wav,70.000000,10.000000,24000,1990,Kenny Drew,Kenny Drew
drewk-inyourownsweetway-rstednqueena-1990-3ab72aec__00015,drewk-inyourownsweetway-rstednqueena-1990-3ab72aec,In Your Own Sweet Way,4,Kenny Drew / Kenny Drew,1,1,data/processed/jtd_group_cv_16/audio_24k_mono/drewk-inyourownsweetway-rstednqueena-1990-3ab72aec.wav,75.000000,10.000000,24000,1990,Kenny Drew,Kenny Drew
drewk-inyourownsweetway-rstednqueena-1990-3ab72aec__00016,drewk-inyourownsweetway-rstednqueena-1990-3ab72aec,In Your Own Sweet Way,4,Kenny Drew / Kenny Drew,1,1,data/processed/jtd_group_cv_16/audio_24k_mono/drewk-inyourownsweetway-rstednqueena-1990-3ab72aec.wav,80.000000,10.000000,24000,1990,Kenny Drew,Kenny Drew
drewk-inyourownsweetway-rstednqueena-1990-3ab72aec__00017,drewk-inyourownsweetway-rstednqueena-1990-3ab72aec,In Your Own Sweet Way,4,Kenny Drew / Kenny Drew,1,1,data/processed/jtd_group_cv_16/audio_24k_mono/drewk-inyourownsweetway-rstednqueena-1990-3ab72aec.wav,85.000000,10.000000,24000,1990,Kenny Drew,Kenny Drew
drewk-inyourownsweetway-rstednqueena-1990-3ab72aec__00018,drewk-inyourownsweetway-rstednqueena-1990-3ab72aec,In Your Own Sweet Way,4,Kenny Drew / Kenny Drew,1,1,data/processed/jtd_group_cv_16/audio_24k_mono/drewk-inyourownsweetway-rstednqueena-1990-3ab72aec.wav,90.000000,10.000000,24000,1990,Kenny Drew,Kenny Drew
drewk-inyourownsweetway-rstednqueena-1990-3ab72aec__00019,drewk-inyourownsweetway-rstednqueena-1990-3ab72aec,In Your Own Sweet Way,4,Kenny Drew / Kenny Drew,1,1,data/processed/jtd_group_cv_16/audio_24k_mono/drewk-inyourownsweetway-rstednqueena-1990-3ab72aec.wav,95.000000,10.000000,24000,1990,Kenny Drew,Kenny Drew
drewk-inyourownsweetway-rstednqueena-1990-3ab72aec__00020,drewk-inyourownsweetway-rstednqueena-1990-3ab72aec,In Your Own Sweet Way,4,Kenny Drew / Kenny Drew,1,1,data/processed/jtd_group_cv_16/audio_24k_mono/drewk-inyourownsweetway-rstednqueena-1990-3ab72aec.wav,100.000000,10.000000,24000,1990,Kenny Drew,Kenny Drew
drewk-inyourownsweetway-rstednqueena-1990-3ab72aec__00021,drewk-inyourownsweetway-rstednqueena-1990-3ab72aec,In Your Own Sweet Way,4,Kenny Drew / Kenny Drew,1,1,data/processed/jtd_group_cv_16/audio_24k_mono/drewk-inyourownsweetway-rstednqueena-1990-3ab72aec.wav,105.000000,10.000000,24000,1990,Kenny Drew,Kenny Drew
drewk-inyourownsweetway-rstednqueena-1990-3ab72aec__00022,drewk-inyourownsweetway-rstednqueena-1990-3ab72aec,In Your Own Sweet Way,4,Kenny Drew / Kenny Drew,1,1,data/processed/jtd_group_cv_16/audio_24k_mono/drewk-inyourownsweetway-rstednqueena-1990-3ab72aec.wav,110.000000,10.000000,24000,1990,Kenny Drew,Kenny Drew
drewk-inyourownsweetway-rstednqueena-1990-3ab72aec__00023,drewk-inyourownsweetway-rstednqueena-1990-3ab72aec,In Your Own Sweet Way,4,Kenny Drew / Kenny Drew,1,1,data/processed/jtd_group_cv_16/audio_24k_mono/drewk-inyourownsweetway-rstednqueena-1990-3ab72aec.wav,115.000000,10.000000,24000,1990,Kenny Drew,Kenny Drew
drewk-inyourownsweetway-rstednqueena-1990-3ab72aec__00024,drewk-inyourownsweetway-rstednqueena-1990-3ab72aec,In Your Own Sweet Way,4,Kenny Drew / Kenny Drew,1,1,data/processed/jtd_group_cv_16/audio_24k_mono/drewk-inyourownsweetway-rstednqueena-1990-3ab72aec.wav,120.000000,10.000000,24000,1990,Kenny Drew,Kenny Drew
drewk-inyourownsweetway-rstednqueena-1990-3ab72aec__00025,drewk-inyourownsweetway-rstednqueena-1990-3ab72aec,In Your Own Sweet Way,4,Kenny Drew / Kenny Drew,1,1,data/processed/jtd_group_cv_16/audio_24k_mono/drewk-inyourownsweetway-rstednqueena-1990-3ab72aec.wav,125.000000,10.000000,24000,1990,Kenny Drew,Kenny Drew
drewk-inyourownsweetway-rstednqueena-1990-3ab72aec__00026,drewk-inyourownsweetway-rstednqueena-1990-3ab72aec,In Your Own Sweet Way,4,Kenny Drew / Kenny Drew,1,1,data/processed/jtd_group_cv_16/audio_24k_mono/drewk-inyourownsweetway-rstednqueena-1990-3ab72aec.wav,130.000000,10.000000,24000,1990,Kenny Drew,Kenny Drew
drewk-inyourownsweetway-rstednqueena-1990-3ab72aec__00027,drewk-inyourownsweetway-rstednqueena-1990-3ab72aec,In Your Own Sweet Way,4,Kenny Drew / Kenny Drew,1,1,data/processed/jtd_group_cv_16/audio_24k_mono/drewk-inyourownsweetway-rstednqueena-1990-3ab72aec.wav,135.000000,10.000000,24000,1990,Kenny Drew,Kenny Drew
drewk-inyourownsweetway-rstednqueena-1990-3ab72aec__00028,drewk-inyourownsweetway-rstednqueena-1990-3ab72aec,In Your Own Sweet Way,4,Kenny Drew / Kenny Drew,1,1,data/processed/jtd_group_cv_16/audio_24k_mono/drewk-inyourownsweetway-rstednqueena-1990-3ab72aec.wav,140.000000,10.000000,24000,1990,Kenny Drew,Kenny Drew
drewk-inyourownsweetway-rstednqueena-1990-3ab72aec__00029,drewk-inyourownsweetway-rstednqueena-1990-3ab72aec,In Your Own Sweet Way,4,Kenny Drew / Kenny Drew,1,1,data/processed/jtd_group_cv_16/audio_24k_mono/drewk-inyourownsweetway-rstednqueena-1990-3ab72aec.wav,145.000000,10.000000,24000,1990,Kenny Drew,Kenny Drew
tynerm-inyourownsweetway-davissjonese-1962-81aa6670__00000,tynerm-inyourownsweetway-davissjonese-1962-81aa6670,In Your Own Sweet Way,4,McCoy Tyner / McCoy Tyner,3,3,data/processed/jtd_group_cv_16/audio_24k_mono/tynerm-inyourownsweetway-davissjonese-1962-81aa6670.wav,0.000000,10.000000,24000,1962,McCoy Tyner,McCoy Tyner
tynerm-inyourownsweetway-davissjonese-1962-81aa6670__00001,tynerm-inyourownsweetway-davissjonese-1962-81aa6670,In Your Own Sweet Way,4,McCoy Tyner / McCoy Tyner,3,3,data/processed/jtd_group_cv_16/audio_24k_mono/tynerm-inyourownsweetway-davissjonese-1962-81aa6670.wav,5.000000,10.000000,24000,1962,McCoy Tyner,McCoy Tyner
tynerm-inyourownsweetway-davissjonese-1962-81aa6670__00002,tynerm-inyourownsweetway-davissjonese-1962-81aa6670,In Your Own Sweet Way,4,McCoy Tyner / McCoy Tyner,3,3,data/processed/jtd_group_cv_16/audio_24k_mono/tynerm-inyourownsweetway-davissjonese-1962-81aa6670.wav,10.000000,10.000000,24000,1962,McCoy Tyner,McCoy Tyner
tynerm-inyourownsweetway-davissjonese-1962-81aa6670__00003,tynerm-inyourownsweetway-davissjonese-1962-81aa6670,In Your Own Sweet Way,4,McCoy Tyner / McCoy Tyner,3,3,data/processed/jtd_group_cv_16/audio_24k_mono/tynerm-inyourownsweetway-davissjonese-1962-81aa6670.wav,15.000000,10.000000,24000,1962,McCoy Tyner,McCoy Tyner
tynerm-inyourownsweetway-davissjonese-1962-81aa6670__00004,tynerm-inyourownsweetway-davissjonese-1962-81aa6670,In Your Own Sweet Way,4,McCoy Tyner / McCoy Tyner,3,3,data/processed/jtd_group_cv_16/audio_24k_mono/tynerm-inyourownsweetway-davissjonese-1962-81aa6670.wav,20.000000,10.000000,24000,1962,McCoy Tyner,McCoy Tyner
tynerm-inyourownsweetway-davissjonese-1962-81aa6670__00005,tynerm-inyourownsweetway-davissjonese-1962-81aa6670,In Your Own Sweet Way,4,McCoy Tyner / McCoy Tyner,3,3,data/processed/jtd_group_cv_16/audio_24k_mono/tynerm-inyourownsweetway-davissjonese-1962-81aa6670.wav,25.000000,10.000000,24000,1962,McCoy Tyner,McCoy Tyner
tynerm-inyourownsweetway-davissjonese-1962-81aa6670__00006,tynerm-inyourownsweetway-davissjonese-1962-81aa6670,In Your Own Sweet Way,4,McCoy Tyner / McCoy Tyner,3,3,data/processed/jtd_group_cv_16/audio_24k_mono/tynerm-inyourownsweetway-davissjonese-1962-81aa6670.wav,30.000000,10.000000,24000,1962,McCoy Tyner,McCoy Tyner
tynerm-inyourownsweetway-davissjonese-1962-81aa6670__00007,tynerm-inyourownsweetway-davissjonese-1962-81aa6670,In Your Own Sweet Way,4,McCoy Tyner / McCoy Tyner,3,3,data/processed/jtd_group_cv_16/audio_24k_mono/tynerm-inyourownsweetway-davissjonese-1962-81aa6670.wav,35.000000,10.000000,24000,1962,McCoy Tyner,McCoy Tyner
tynerm-inyourownsweetway-davissjonese-1962-81aa6670__00008,tynerm-inyourownsweetway-davissjonese-1962-81aa6670,In Your Own Sweet Way,4,McCoy Tyner / McCoy Tyner,3,3,data/processed/jtd_group_cv_16/audio_24k_mono/tynerm-inyourownsweetway-davissjonese-1962-81aa6670.wav,40.000000,10.000000,24000,1962,McCoy Tyner,McCoy Tyner
tynerm-inyourownsweetway-davissjonese-1962-81aa6670__00009,tynerm-inyourownsweetway-davissjonese-1962-81aa6670,In Your Own Sweet Way,4,McCoy Tyner / McCoy Tyner,3,3,data/processed/jtd_group_cv_16/audio_24k_mono/tynerm-inyourownsweetway-davissjonese-1962-81aa6670.wav,45.000000,10.000000,24000,1962,McCoy Tyner,McCoy Tyner
tynerm-inyourownsweetway-davissjonese-1962-81aa6670__00010,tynerm-inyourownsweetway-davissjonese-1962-81aa6670,In Your Own Sweet Way,4,McCoy Tyner / McCoy Tyner,3,3,data/processed/jtd_group_cv_16/audio_24k_mono/tynerm-inyourownsweetway-davissjonese-1962-81aa6670.wav,50.000000,10.000000,24000,1962,McCoy Tyner,McCoy Tyner
tynerm-inyourownsweetway-davissjonese-1962-81aa6670__00011,tynerm-inyourownsweetway-davissjonese-1962-81aa6670,In Your Own Sweet Way,4,McCoy Tyner / McCoy Tyner,3,3,data/processed/jtd_group_cv_16/audio_24k_mono/tynerm-inyourownsweetway-davissjonese-1962-81aa6670.wav,55.000000,10.000000,24000,1962,McCoy Tyner,McCoy Tyner
tynerm-inyourownsweetway-davissjonese-1962-81aa6670__00012,tynerm-inyourownsweetway-davissjonese-1962-81aa6670,In Your Own Sweet Way,4,McCoy Tyner / McCoy Tyner,3,3,data/processed/jtd_group_cv_16/audio_24k_mono/tynerm-inyourownsweetway-davissjonese-1962-81aa6670.wav,60.000000,10.000000,24000,1962,McCoy Tyner,McCoy Tyner
tynerm-inyourownsweetway-davissjonese-1962-81aa6670__00013,tynerm-inyourownsweetway-davissjonese-1962-81aa6670,In Your Own Sweet Way,4,McCoy Tyner / McCoy Tyner,3,3,data/processed/jtd_group_cv_16/audio_24k_mono/tynerm-inyourownsweetway-davissjonese-1962-81aa6670.wav,65.000000,10.000000,24000,1962,McCoy Tyner,McCoy Tyner
tynerm-inyourownsweetway-davissjonese-1962-81aa6670__00014,tynerm-inyourownsweetway-davissjonese-1962-81aa6670,In Your Own Sweet Way,4,McCoy Tyner / McCoy Tyner,3,3,data/processed/jtd_group_cv_16/audio_24k_mono/tynerm-inyourownsweetway-davissjonese-1962-81aa6670.wav,70.000000,10.000000,24000,1962,McCoy Tyner,McCoy Tyner
tynerm-inyourownsweetway-davissjonese-1962-81aa6670__00015,tynerm-inyourownsweetway-davissjonese-1962-81aa6670,In Your Own Sweet Way,4,McCoy Tyner / McCoy Tyner,3,3,data/processed/jtd_group_cv_16/audio_24k_mono/tynerm-inyourownsweetway-davissjonese-1962-81aa6670.wav,75.000000,10.000000,24000,1962,McCoy Tyner,McCoy Tyner
tynerm-inyourownsweetway-davissjonese-1962-81aa6670__00016,tynerm-inyourownsweetway-davissjonese-1962-81aa6670,In Your Own Sweet Way,4,McCoy Tyner / McCoy Tyner,3,3,data/processed/jtd_group_cv_16/audio_24k_mono/tynerm-inyourownsweetway-davissjonese-1962-81aa6670.wav,80.000000,10.000000,24000,1962,McCoy Tyner,McCoy Tyner
tynerm-inyourownsweetway-davissjonese-1962-81aa6670__00017,tynerm-inyourownsweetway-davissjonese-1962-81aa6670,In Your Own Sweet Way,4,McCoy Tyner / McCoy Tyner,3,3,data/processed/jtd_group_cv_16/audio_24k_mono/tynerm-inyourownsweetway-davissjonese-1962-81aa6670.wav,85.000000,10.000000,24000,1962,McCoy Tyner,McCoy Tyner
tynerm-inyourownsweetway-davissjonese-1962-81aa6670__00018,tynerm-inyourownsweetway-davissjonese-1962-81aa6670,In Your Own Sweet Way,4,McCoy Tyner / McCoy Tyner,3,3,data/processed/jtd_group_cv_16/audio_24k_mono/tynerm-inyourownsweetway-davissjonese-1962-81aa6670.wav,90.000000,10.000000,24000,1962,McCoy Tyner,McCoy Tyner
tynerm-inyourownsweetway-davissjonese-1962-81aa6670__00019,tynerm-inyourownsweetway-davissjonese-1962-81aa6670,In Your Own Sweet Way,4,McCoy Tyner / McCoy Tyner,3,3,data/processed/jtd_group_cv_16/audio_24k_mono/tynerm-inyourownsweetway-davissjonese-1962-81aa6670.wav,95.000000,10.000000,24000,1962,McCoy Tyner,McCoy Tyner
jamala-likesomeoneinlove-crosbyifournierv-1960-16d2bf10__00000,jamala-likesomeoneinlove-crosbyifournierv-1960-16d2bf10,Like Someone in Love,5,Ahmad Jamal / Ahmad Jamal,4,4,data/processed/jtd_group_cv_16/audio_24k_mono/jamala-likesomeoneinlove-crosbyifournierv-1960-16d2bf10.wav,0.000000,10.000000,24000,1960,Ahmad Jamal,Ahmad Jamal
jamala-likesomeoneinlove-crosbyifournierv-1960-16d2bf10__00001,jamala-likesomeoneinlove-crosbyifournierv-1960-16d2bf10,Like Someone in Love,5,Ahmad Jamal / Ahmad Jamal,4,4,data/processed/jtd_group_cv_16/audio_24k_mono/jamala-likesomeoneinlove-crosbyifournierv-1960-16d2bf10.wav,5.000000,10.000000,24000,1960,Ahmad Jamal,Ahmad Jamal
jamala-likesomeoneinlove-crosbyifournierv-1960-16d2bf10__00002,jamala-likesomeoneinlove-crosbyifournierv-1960-16d2bf10,Like Someone in Love,5,Ahmad Jamal / Ahmad Jamal,4,4,data/processed/jtd_group_cv_16/audio_24k_mono/jamala-likesomeoneinlove-crosbyifournierv-1960-16d2bf10.wav,10.000000,10.000000,24000,1960,Ahmad Jamal,Ahmad Jamal
jamala-likesomeoneinlove-crosbyifournierv-1960-16d2bf10__00003,jamala-likesomeoneinlove-crosbyifournierv-1960-16d2bf10,Like Someone in Love,5,Ahmad Jamal / Ahmad Jamal,4,4,data/processed/jtd_group_cv_16/audio_24k_mono/jamala-likesomeoneinlove-crosbyifournierv-1960-16d2bf10.wav,15.000000,10.000000,24000,1960,Ahmad Jamal,Ahmad Jamal
jamala-likesomeoneinlove-crosbyifournierv-1960-16d2bf10__00004,jamala-likesomeoneinlove-crosbyifournierv-1960-16d2bf10,Like Someone in Love,5,Ahmad Jamal / Ahmad Jamal,4,4,data/processed/jtd_group_cv_16/audio_24k_mono/jamala-likesomeoneinlove-crosbyifournierv-1960-16d2bf10.wav,20.000000,10.000000,24000,1960,Ahmad Jamal,Ahmad Jamal
jamala-likesomeoneinlove-crosbyifournierv-1960-16d2bf10__00005,jamala-likesomeoneinlove-crosbyifournierv-1960-16d2bf10,Like Someone in Love,5,Ahmad Jamal / Ahmad Jamal,4,4,data/processed/jtd_group_cv_16/audio_24k_mono/jamala-likesomeoneinlove-crosbyifournierv-1960-16d2bf10.wav,25.000000,10.000000,24000,1960,Ahmad Jamal,Ahmad Jamal
jamala-likesomeoneinlove-crosbyifournierv-1960-16d2bf10__00006,jamala-likesomeoneinlove-crosbyifournierv-1960-16d2bf10,Like Someone in Love,5,Ahmad Jamal / Ahmad Jamal,4,4,data/processed/jtd_group_cv_16/audio_24k_mono/jamala-likesomeoneinlove-crosbyifournierv-1960-16d2bf10.wav,30.000000,10.000000,24000,1960,Ahmad Jamal,Ahmad Jamal
jamala-likesomeoneinlove-crosbyifournierv-1960-16d2bf10__00007,jamala-likesomeoneinlove-crosbyifournierv-1960-16d2bf10,Like Someone in Love,5,Ahmad Jamal / Ahmad Jamal,4,4,data/processed/jtd_group_cv_16/audio_24k_mono/jamala-likesomeoneinlove-crosbyifournierv-1960-16d2bf10.wav,35.000000,10.000000,24000,1960,Ahmad Jamal,Ahmad Jamal
jamala-likesomeoneinlove-crosbyifournierv-1960-16d2bf10__00008,jamala-likesomeoneinlove-crosbyifournierv-1960-16d2bf10,Like Someone in Love,5,Ahmad Jamal / Ahmad Jamal,4,4,data/processed/jtd_group_cv_16/audio_24k_mono/jamala-likesomeoneinlove-crosbyifournierv-1960-16d2bf10.wav,40.000000,10.000000,24000,1960,Ahmad Jamal,Ahmad Jamal
jamala-likesomeoneinlove-crosbyifournierv-1960-16d2bf10__00009,jamala-likesomeoneinlove-crosbyifournierv-1960-16d2bf10,Like Someone in Love,5,Ahmad Jamal / Ahmad Jamal,4,4,data/processed/jtd_group_cv_16/audio_24k_mono/jamala-likesomeoneinlove-crosbyifournierv-1960-16d2bf10.wav,45.000000,10.000000,24000,1960,Ahmad Jamal,Ahmad Jamal
evansb-likesomeoneinlove-johnsonmlabarberaj-1980-f8b4f914__00000,evansb-likesomeoneinlove-johnsonmlabarberaj-1980-f8b4f914,Like Someone in Love,5,Bill Evans / Bill Evans,0,0,data/processed/jtd_group_cv_16/audio_24k_mono/evansb-likesomeoneinlove-johnsonmlabarberaj-1980-f8b4f914.wav,0.000000,10.000000,24000,1980,Bill Evans,Bill Evans
evansb-likesomeoneinlove-johnsonmlabarberaj-1980-f8b4f914__00001,evansb-likesomeoneinlove-johnsonmlabarberaj-1980-f8b4f914,Like Someone in Love,5,Bill Evans / Bill Evans,0,0,data/processed/jtd_group_cv_16/audio_24k_mono/evansb-likesomeoneinlove-johnsonmlabarberaj-1980-f8b4f914.wav,5.000000,10.000000,24000,1980,Bill Evans,Bill Evans
evansb-likesomeoneinlove-johnsonmlabarberaj-1980-f8b4f914__00002,evansb-likesomeoneinlove-johnsonmlabarberaj-1980-f8b4f914,Like Someone in Love,5,Bill Evans / Bill Evans,0,0,data/processed/jtd_group_cv_16/audio_24k_mono/evansb-likesomeoneinlove-johnsonmlabarberaj-1980-f8b4f914.wav,10.000000,10.000000,24000,1980,Bill Evans,Bill Evans
evansb-likesomeoneinlove-johnsonmlabarberaj-1980-f8b4f914__00003,evansb-likesomeoneinlove-johnsonmlabarberaj-1980-f8b4f914,Like Someone in Love,5,Bill Evans / Bill Evans,0,0,data/processed/jtd_group_cv_16/audio_24k_mono/evansb-likesomeoneinlove-johnsonmlabarberaj-1980-f8b4f914.wav,15.000000,10.000000,24000,1980,Bill Evans,Bill Evans
evansb-likesomeoneinlove-johnsonmlabarberaj-1980-f8b4f914__00004,evansb-likesomeoneinlove-johnsonmlabarberaj-1980-f8b4f914,Like Someone in Love,5,Bill Evans / Bill Evans,0,0,data/processed/jtd_group_cv_16/audio_24k_mono/evansb-likesomeoneinlove-johnsonmlabarberaj-1980-f8b4f914.wav,20.000000,10.000000,24000,1980,Bill Evans,Bill Evans
evansb-likesomeoneinlove-johnsonmlabarberaj-1980-f8b4f914__00005,evansb-likesomeoneinlove-johnsonmlabarberaj-1980-f8b4f914,Like Someone in Love,5,Bill Evans / Bill Evans,0,0,data/processed/jtd_group_cv_16/audio_24k_mono/evansb-likesomeoneinlove-johnsonmlabarberaj-1980-f8b4f914.wav,25.000000,10.000000,24000,1980,Bill Evans,Bill Evans
evansb-likesomeoneinlove-johnsonmlabarberaj-1980-f8b4f914__00006,evansb-likesomeoneinlove-johnsonmlabarberaj-1980-f8b4f914,Like Someone in Love,5,Bill Evans / Bill Evans,0,0,data/processed/jtd_group_cv_16/audio_24k_mono/evansb-likesomeoneinlove-johnsonmlabarberaj-1980-f8b4f914.wav,30.000000,10.000000,24000,1980,Bill Evans,Bill Evans
evansb-likesomeoneinlove-johnsonmlabarberaj-1980-f8b4f914__00007,evansb-likesomeoneinlove-johnsonmlabarberaj-1980-f8b4f914,Like Someone in Love,5,Bill Evans / Bill Evans,0,0,data/processed/jtd_group_cv_16/audio_24k_mono/evansb-likesomeoneinlove-johnsonmlabarberaj-1980-f8b4f914.wav,35.000000,10.000000,24000,1980,Bill Evans,Bill Evans
evansb-likesomeoneinlove-johnsonmlabarberaj-1980-f8b4f914__00008,evansb-likesomeoneinlove-johnsonmlabarberaj-1980-f8b4f914,Like Someone in Love,5,Bill Evans / Bill Evans,0,0,data/processed/jtd_group_cv_16/audio_24k_mono/evansb-likesomeoneinlove-johnsonmlabarberaj-1980-f8b4f914.wav,40.000000,10.000000,24000,1980,Bill Evans,Bill Evans
evansb-likesomeoneinlove-johnsonmlabarberaj-1980-f8b4f914__00009,evansb-likesomeoneinlove-johnsonmlabarberaj-1980-f8b4f914,Like Someone in Love,5,Bill Evans / Bill Evans,0,0,data/processed/jtd_group_cv_16/audio_24k_mono/evansb-likesomeoneinlove-johnsonmlabarberaj-1980-f8b4f914.wav,45.000000,10.000000,24000,1980,Bill Evans,Bill Evans
evansb-likesomeoneinlove-johnsonmlabarberaj-1980-f8b4f914__00010,evansb-likesomeoneinlove-johnsonmlabarberaj-1980-f8b4f914,Like Someone in Love,5,Bill Evans / Bill Evans,0,0,data/processed/jtd_group_cv_16/audio_24k_mono/evansb-likesomeoneinlove-johnsonmlabarberaj-1980-f8b4f914.wav,50.000000,10.000000,24000,1980,Bill Evans,Bill Evans
evansb-likesomeoneinlove-johnsonmlabarberaj-1980-f8b4f914__00011,evansb-likesomeoneinlove-johnsonmlabarberaj-1980-f8b4f914,Like Someone in Love,5,Bill Evans / Bill Evans,0,0,data/processed/jtd_group_cv_16/audio_24k_mono/evansb-likesomeoneinlove-johnsonmlabarberaj-1980-f8b4f914.wav,55.000000,10.000000,24000,1980,Bill Evans,Bill Evans
evansb-likesomeoneinlove-johnsonmlabarberaj-1980-f8b4f914__00012,evansb-likesomeoneinlove-johnsonmlabarberaj-1980-f8b4f914,Like Someone in Love,5,Bill Evans / Bill Evans,0,0,data/processed/jtd_group_cv_16/audio_24k_mono/evansb-likesomeoneinlove-johnsonmlabarberaj-1980-f8b4f914.wav,60.000000,10.000000,24000,1980,Bill Evans,Bill Evans
evansb-likesomeoneinlove-johnsonmlabarberaj-1980-f8b4f914__00013,evansb-likesomeoneinlove-johnsonmlabarberaj-1980-f8b4f914,Like Someone in Love,5,Bill Evans / Bill Evans,0,0,data/processed/jtd_group_cv_16/audio_24k_mono/evansb-likesomeoneinlove-johnsonmlabarberaj-1980-f8b4f914.wav,65.000000,10.000000,24000,1980,Bill Evans,Bill Evans
powellb-likesomeoneinlove-michelotpclarkek-1953-cebd562d__00000,powellb-likesomeoneinlove-michelotpclarkek-1953-cebd562d,Like Someone in Love,5,Bud Powell / Bud Powell,3,3,data/processed/jtd_group_cv_16/audio_24k_mono/powellb-likesomeoneinlove-michelotpclarkek-1953-cebd562d.wav,0.000000,10.000000,24000,1953,Bud Powell,Bud Powell
powellb-likesomeoneinlove-michelotpclarkek-1953-cebd562d__00001,powellb-likesomeoneinlove-michelotpclarkek-1953-cebd562d,Like Someone in Love,5,Bud Powell / Bud Powell,3,3,data/processed/jtd_group_cv_16/audio_24k_mono/powellb-likesomeoneinlove-michelotpclarkek-1953-cebd562d.wav,5.000000,10.000000,24000,1953,Bud Powell,Bud Powell
powellb-likesomeoneinlove-michelotpclarkek-1953-cebd562d__00002,powellb-likesomeoneinlove-michelotpclarkek-1953-cebd562d,Like Someone in Love,5,Bud Powell / Bud Powell,3,3,data/processed/jtd_group_cv_16/audio_24k_mono/powellb-likesomeoneinlove-michelotpclarkek-1953-cebd562d.wav,10.000000,10.000000,24000,1953,Bud Powell,Bud Powell
powellb-likesomeoneinlove-michelotpclarkek-1953-cebd562d__00003,powellb-likesomeoneinlove-michelotpclarkek-1953-cebd562d,Like Someone in Love,5,Bud Powell / Bud Powell,3,3,data/processed/jtd_group_cv_16/audio_24k_mono/powellb-likesomeoneinlove-michelotpclarkek-1953-cebd562d.wav,15.000000,10.000000,24000,1953,Bud Powell,Bud Powell
powellb-likesomeoneinlove-michelotpclarkek-1953-cebd562d__00004,powellb-likesomeoneinlove-michelotpclarkek-1953-cebd562d,Like Someone in Love,5,Bud Powell / Bud Powell,3,3,data/processed/jtd_group_cv_16/audio_24k_mono/powellb-likesomeoneinlove-michelotpclarkek-1953-cebd562d.wav,20.000000,10.000000,24000,1953,Bud Powell,Bud Powell
powellb-likesomeoneinlove-michelotpclarkek-1953-cebd562d__00005,powellb-likesomeoneinlove-michelotpclarkek-1953-cebd562d,Like Someone in Love,5,Bud Powell / Bud Powell,3,3,data/processed/jtd_group_cv_16/audio_24k_mono/powellb-likesomeoneinlove-michelotpclarkek-1953-cebd562d.wav,25.000000,10.000000,24000,1953,Bud Powell,Bud Powell
powellb-likesomeoneinlove-michelotpclarkek-1953-cebd562d__00006,powellb-likesomeoneinlove-michelotpclarkek-1953-cebd562d,Like Someone in Love,5,Bud Powell / Bud Powell,3,3,data/processed/jtd_group_cv_16/audio_24k_mono/powellb-likesomeoneinlove-michelotpclarkek-1953-cebd562d.wav,30.000000,10.000000,24000,1953,Bud Powell,Bud Powell
powellb-likesomeoneinlove-michelotpclarkek-1953-cebd562d__00007,powellb-likesomeoneinlove-michelotpclarkek-1953-cebd562d,Like Someone in Love,5,Bud Powell / Bud Powell,3,3,data/processed/jtd_group_cv_16/audio_24k_mono/powellb-likesomeoneinlove-michelotpclarkek-1953-cebd562d.wav,35.000000,10.000000,24000,1953,Bud Powell,Bud Powell
powellb-likesomeoneinlove-michelotpclarkek-1953-cebd562d__00008,powellb-likesomeoneinlove-michelotpclarkek-1953-cebd562d,Like Someone in Love,5,Bud Powell / Bud Powell,3,3,data/processed/jtd_group_cv_16/audio_24k_mono/powellb-likesomeoneinlove-michelotpclarkek-1953-cebd562d.wav,40.000000,10.000000,24000,1953,Bud Powell,Bud Powell
powellb-likesomeoneinlove-michelotpclarkek-1953-cebd562d__00009,powellb-likesomeoneinlove-michelotpclarkek-1953-cebd562d,Like Someone in Love,5,Bud Powell / Bud Powell,3,3,data/processed/jtd_group_cv_16/audio_24k_mono/powellb-likesomeoneinlove-michelotpclarkek-1953-cebd562d.wav,45.000000,10.000000,24000,1953,Bud Powell,Bud Powell
powellb-likesomeoneinlove-michelotpclarkek-1953-cebd562d__00010,powellb-likesomeoneinlove-michelotpclarkek-1953-cebd562d,Like Someone in Love,5,Bud Powell / Bud Powell,3,3,data/processed/jtd_group_cv_16/audio_24k_mono/powellb-likesomeoneinlove-michelotpclarkek-1953-cebd562d.wav,50.000000,10.000000,24000,1953,Bud Powell,Bud Powell
powellb-likesomeoneinlove-michelotpclarkek-1953-cebd562d__00011,powellb-likesomeoneinlove-michelotpclarkek-1953-cebd562d,Like Someone in Love,5,Bud Powell / Bud Powell,3,3,data/processed/jtd_group_cv_16/audio_24k_mono/powellb-likesomeoneinlove-michelotpclarkek-1953-cebd562d.wav,55.000000,10.000000,24000,1953,Bud Powell,Bud Powell
powellb-likesomeoneinlove-michelotpclarkek-1953-cebd562d__00012,powellb-likesomeoneinlove-michelotpclarkek-1953-cebd562d,Like Someone in Love,5,Bud Powell / Bud Powell,3,3,data/processed/jtd_group_cv_16/audio_24k_mono/powellb-likesomeoneinlove-michelotpclarkek-1953-cebd562d.wav,60.000000,10.000000,24000,1953,Bud Powell,Bud Powell
powellb-likesomeoneinlove-michelotpclarkek-1953-cebd562d__00013,powellb-likesomeoneinlove-michelotpclarkek-1953-cebd562d,Like Someone in Love,5,Bud Powell / Bud Powell,3,3,data/processed/jtd_group_cv_16/audio_24k_mono/powellb-likesomeoneinlove-michelotpclarkek-1953-cebd562d.wav,65.000000,10.000000,24000,1953,Bud Powell,Bud Powell
powellb-likesomeoneinlove-michelotpclarkek-1953-cebd562d__00014,powellb-likesomeoneinlove-michelotpclarkek-1953-cebd562d,Like Someone in Love,5,Bud Powell / Bud Powell,3,3,data/processed/jtd_group_cv_16/audio_24k_mono/powellb-likesomeoneinlove-michelotpclarkek-1953-cebd562d.wav,70.000000,10.000000,24000,1953,Bud Powell,Bud Powell
powellb-likesomeoneinlove-michelotpclarkek-1953-cebd562d__00015,powellb-likesomeoneinlove-michelotpclarkek-1953-cebd562d,Like Someone in Love,5,Bud Powell / Bud Powell,3,3,data/processed/jtd_group_cv_16/audio_24k_mono/powellb-likesomeoneinlove-michelotpclarkek-1953-cebd562d.wav,75.000000,10.000000,24000,1953,Bud Powell,Bud Powell
powellb-likesomeoneinlove-michelotpclarkek-1953-cebd562d__00016,powellb-likesomeoneinlove-michelotpclarkek-1953-cebd562d,Like Someone in Love,5,Bud Powell / Bud Powell,3,3,data/processed/jtd_group_cv_16/audio_24k_mono/powellb-likesomeoneinlove-michelotpclarkek-1953-cebd562d.wav,80.000000,10.000000,24000,1953,Bud Powell,Bud Powell
powellb-likesomeoneinlove-michelotpclarkek-1953-cebd562d__00017,powellb-likesomeoneinlove-michelotpclarkek-1953-cebd562d,Like Someone in Love,5,Bud Powell / Bud Powell,3,3,data/processed/jtd_group_cv_16/audio_24k_mono/powellb-likesomeoneinlove-michelotpclarkek-1953-cebd562d.wav,85.000000,10.000000,24000,1953,Bud Powell,Bud Powell
powellb-likesomeoneinlove-michelotpclarkek-1953-cebd562d__00018,powellb-likesomeoneinlove-michelotpclarkek-1953-cebd562d,Like Someone in Love,5,Bud Powell / Bud Powell,3,3,data/processed/jtd_group_cv_16/audio_24k_mono/powellb-likesomeoneinlove-michelotpclarkek-1953-cebd562d.wav,90.000000,10.000000,24000,1953,Bud Powell,Bud Powell
powellb-likesomeoneinlove-michelotpclarkek-1953-cebd562d__00019,powellb-likesomeoneinlove-michelotpclarkek-1953-cebd562d,Like Someone in Love,5,Bud Powell / Bud Powell,3,3,data/processed/jtd_group_cv_16/audio_24k_mono/powellb-likesomeoneinlove-michelotpclarkek-1953-cebd562d.wav,95.000000,10.000000,24000,1953,Bud Powell,Bud Powell
jonesh-likesomeoneinlove-duviviergjacksono-1977-75081d2b__00000,jonesh-likesomeoneinlove-duviviergjacksono-1977-75081d2b,Like Someone in Love,5,Hank Jones / Hank Jones,2,2,data/processed/jtd_group_cv_16/audio_24k_mono/jonesh-likesomeoneinlove-duviviergjacksono-1977-75081d2b.wav,0.000000,10.000000,24000,1977,Hank Jones,Hank Jones
jonesh-likesomeoneinlove-duviviergjacksono-1977-75081d2b__00001,jonesh-likesomeoneinlove-duviviergjacksono-1977-75081d2b,Like Someone in Love,5,Hank Jones / Hank Jones,2,2,data/processed/jtd_group_cv_16/audio_24k_mono/jonesh-likesomeoneinlove-duviviergjacksono-1977-75081d2b.wav,5.000000,10.000000,24000,1977,Hank Jones,Hank Jones
jonesh-likesomeoneinlove-duviviergjacksono-1977-75081d2b__00002,jonesh-likesomeoneinlove-duviviergjacksono-1977-75081d2b,Like Someone in Love,5,Hank Jones / Hank Jones,2,2,data/processed/jtd_group_cv_16/audio_24k_mono/jonesh-likesomeoneinlove-duviviergjacksono-1977-75081d2b.wav,10.000000,10.000000,24000,1977,Hank Jones,Hank Jones
jonesh-likesomeoneinlove-duviviergjacksono-1977-75081d2b__00003,jonesh-likesomeoneinlove-duviviergjacksono-1977-75081d2b,Like Someone in Love,5,Hank Jones / Hank Jones,2,2,data/processed/jtd_group_cv_16/audio_24k_mono/jonesh-likesomeoneinlove-duviviergjacksono-1977-75081d2b.wav,15.000000,10.000000,24000,1977,Hank Jones,Hank Jones
jonesh-likesomeoneinlove-duviviergjacksono-1977-75081d2b__00004,jonesh-likesomeoneinlove-duviviergjacksono-1977-75081d2b,Like Someone in Love,5,Hank Jones / Hank Jones,2,2,data/processed/jtd_group_cv_16/audio_24k_mono/jonesh-likesomeoneinlove-duviviergjacksono-1977-75081d2b.wav,20.000000,10.000000,24000,1977,Hank Jones,Hank Jones
jonesh-likesomeoneinlove-duviviergjacksono-1977-75081d2b__00005,jonesh-likesomeoneinlove-duviviergjacksono-1977-75081d2b,Like Someone in Love,5,Hank Jones / Hank Jones,2,2,data/processed/jtd_group_cv_16/audio_24k_mono/jonesh-likesomeoneinlove-duviviergjacksono-1977-75081d2b.wav,25.000000,10.000000,24000,1977,Hank Jones,Hank Jones
jonesh-likesomeoneinlove-duviviergjacksono-1977-75081d2b__00006,jonesh-likesomeoneinlove-duviviergjacksono-1977-75081d2b,Like Someone in Love,5,Hank Jones / Hank Jones,2,2,data/processed/jtd_group_cv_16/audio_24k_mono/jonesh-likesomeoneinlove-duviviergjacksono-1977-75081d2b.wav,30.000000,10.000000,24000,1977,Hank Jones,Hank Jones
jonesh-likesomeoneinlove-duviviergjacksono-1977-75081d2b__00007,jonesh-likesomeoneinlove-duviviergjacksono-1977-75081d2b,Like Someone in Love,5,Hank Jones / Hank Jones,2,2,data/processed/jtd_group_cv_16/audio_24k_mono/jonesh-likesomeoneinlove-duviviergjacksono-1977-75081d2b.wav,35.000000,10.000000,24000,1977,Hank Jones,Hank Jones
jonesh-likesomeoneinlove-duviviergjacksono-1977-75081d2b__00008,jonesh-likesomeoneinlove-duviviergjacksono-1977-75081d2b,Like Someone in Love,5,Hank Jones / Hank Jones,2,2,data/processed/jtd_group_cv_16/audio_24k_mono/jonesh-likesomeoneinlove-duviviergjacksono-1977-75081d2b.wav,40.000000,10.000000,24000,1977,Hank Jones,Hank Jones
jonesh-likesomeoneinlove-duviviergjacksono-1977-75081d2b__00009,jonesh-likesomeoneinlove-duviviergjacksono-1977-75081d2b,Like Someone in Love,5,Hank Jones / Hank Jones,2,2,data/processed/jtd_group_cv_16/audio_24k_mono/jonesh-likesomeoneinlove-duviviergjacksono-1977-75081d2b.wav,45.000000,10.000000,24000,1977,Hank Jones,Hank Jones
jonesh-likesomeoneinlove-duviviergjacksono-1977-75081d2b__00010,jonesh-likesomeoneinlove-duviviergjacksono-1977-75081d2b,Like Someone in Love,5,Hank Jones / Hank Jones,2,2,data/processed/jtd_group_cv_16/audio_24k_mono/jonesh-likesomeoneinlove-duviviergjacksono-1977-75081d2b.wav,50.000000,10.000000,24000,1977,Hank Jones,Hank Jones
tynerm-likesomeoneinlove-sharpeascotta-1991-4909cf12__00000,tynerm-likesomeoneinlove-sharpeascotta-1991-4909cf12,Like Someone in Love,5,McCoy Tyner / McCoy Tyner,1,1,data/processed/jtd_group_cv_16/audio_24k_mono/tynerm-likesomeoneinlove-sharpeascotta-1991-4909cf12.wav,0.000000,10.000000,24000,1991,McCoy Tyner,McCoy Tyner
tynerm-likesomeoneinlove-sharpeascotta-1991-4909cf12__00001,tynerm-likesomeoneinlove-sharpeascotta-1991-4909cf12,Like Someone in Love,5,McCoy Tyner / McCoy Tyner,1,1,data/processed/jtd_group_cv_16/audio_24k_mono/tynerm-likesomeoneinlove-sharpeascotta-1991-4909cf12.wav,5.000000,10.000000,24000,1991,McCoy Tyner,McCoy Tyner
tynerm-likesomeoneinlove-sharpeascotta-1991-4909cf12__00002,tynerm-likesomeoneinlove-sharpeascotta-1991-4909cf12,Like Someone in Love,5,McCoy Tyner / McCoy Tyner,1,1,data/processed/jtd_group_cv_16/audio_24k_mono/tynerm-likesomeoneinlove-sharpeascotta-1991-4909cf12.wav,10.000000,10.000000,24000,1991,McCoy Tyner,McCoy Tyner
tynerm-likesomeoneinlove-sharpeascotta-1991-4909cf12__00003,tynerm-likesomeoneinlove-sharpeascotta-1991-4909cf12,Like Someone in Love,5,McCoy Tyner / McCoy Tyner,1,1,data/processed/jtd_group_cv_16/audio_24k_mono/tynerm-likesomeoneinlove-sharpeascotta-1991-4909cf12.wav,15.000000,10.000000,24000,1991,McCoy Tyner,McCoy Tyner
tynerm-likesomeoneinlove-sharpeascotta-1991-4909cf12__00004,tynerm-likesomeoneinlove-sharpeascotta-1991-4909cf12,Like Someone in Love,5,McCoy Tyner / McCoy Tyner,1,1,data/processed/jtd_group_cv_16/audio_24k_mono/tynerm-likesomeoneinlove-sharpeascotta-1991-4909cf12.wav,20.000000,10.000000,24000,1991,McCoy Tyner,McCoy Tyner
tynerm-likesomeoneinlove-sharpeascotta-1991-4909cf12__00005,tynerm-likesomeoneinlove-sharpeascotta-1991-4909cf12,Like Someone in Love,5,McCoy Tyner / McCoy Tyner,1,1,data/processed/jtd_group_cv_16/audio_24k_mono/tynerm-likesomeoneinlove-sharpeascotta-1991-4909cf12.wav,25.000000,10.000000,24000,1991,McCoy Tyner,McCoy Tyner
tynerm-likesomeoneinlove-sharpeascotta-1991-4909cf12__00006,tynerm-likesomeoneinlove-sharpeascotta-1991-4909cf12,Like Someone in Love,5,McCoy Tyner / McCoy Tyner,1,1,data/processed/jtd_group_cv_16/audio_24k_mono/tynerm-likesomeoneinlove-sharpeascotta-1991-4909cf12.wav,30.000000,10.000000,24000,1991,McCoy Tyner,McCoy Tyner
tynerm-likesomeoneinlove-sharpeascotta-1991-4909cf12__00007,tynerm-likesomeoneinlove-sharpeascotta-1991-4909cf12,Like Someone in Love,5,McCoy Tyner / McCoy Tyner,1,1,data/processed/jtd_group_cv_16/audio_24k_mono/tynerm-likesomeoneinlove-sharpeascotta-1991-4909cf12.wav,35.000000,10.000000,24000,1991,McCoy Tyner,McCoy Tyner
tynerm-likesomeoneinlove-sharpeascotta-1991-4909cf12__00008,tynerm-likesomeoneinlove-sharpeascotta-1991-4909cf12,Like Someone in Love,5,McCoy Tyner / McCoy Tyner,1,1,data/processed/jtd_group_cv_16/audio_24k_mono/tynerm-likesomeoneinlove-sharpeascotta-1991-4909cf12.wav,40.000000,10.000000,24000,1991,McCoy Tyner,McCoy Tyner
tynerm-likesomeoneinlove-sharpeascotta-1991-4909cf12__00009,tynerm-likesomeoneinlove-sharpeascotta-1991-4909cf12,Like Someone in Love,5,McCoy Tyner / McCoy Tyner,1,1,data/processed/jtd_group_cv_16/audio_24k_mono/tynerm-likesomeoneinlove-sharpeascotta-1991-4909cf12.wav,45.000000,10.000000,24000,1991,McCoy Tyner,McCoy Tyner
tynerm-likesomeoneinlove-sharpeascotta-1991-4909cf12__00010,tynerm-likesomeoneinlove-sharpeascotta-1991-4909cf12,Like Someone in Love,5,McCoy Tyner / McCoy Tyner,1,1,data/processed/jtd_group_cv_16/audio_24k_mono/tynerm-likesomeoneinlove-sharpeascotta-1991-4909cf12.wav,50.000000,10.000000,24000,1991,McCoy Tyner,McCoy Tyner
tynerm-likesomeoneinlove-sharpeascotta-1991-4909cf12__00011,tynerm-likesomeoneinlove-sharpeascotta-1991-4909cf12,Like Someone in Love,5,McCoy Tyner / McCoy Tyner,1,1,data/processed/jtd_group_cv_16/audio_24k_mono/tynerm-likesomeoneinlove-sharpeascotta-1991-4909cf12.wav,55.000000,10.000000,24000,1991,McCoy Tyner,McCoy Tyner
tynerm-likesomeoneinlove-sharpeascotta-1991-4909cf12__00012,tynerm-likesomeoneinlove-sharpeascotta-1991-4909cf12,Like Someone in Love,5,McCoy Tyner / McCoy Tyner,1,1,data/processed/jtd_group_cv_16/audio_24k_mono/tynerm-likesomeoneinlove-sharpeascotta-1991-4909cf12.wav,60.000000,10.000000,24000,1991,McCoy Tyner,McCoy Tyner
tynerm-likesomeoneinlove-sharpeascotta-1991-4909cf12__00013,tynerm-likesomeoneinlove-sharpeascotta-1991-4909cf12,Like Someone in Love,5,McCoy Tyner / McCoy Tyner,1,1,data/processed/jtd_group_cv_16/audio_24k_mono/tynerm-likesomeoneinlove-sharpeascotta-1991-4909cf12.wav,65.000000,10.000000,24000,1991,McCoy Tyner,McCoy Tyner
tynerm-likesomeoneinlove-sharpeascotta-1991-4909cf12__00014,tynerm-likesomeoneinlove-sharpeascotta-1991-4909cf12,Like Someone in Love,5,McCoy Tyner / McCoy Tyner,1,1,data/processed/jtd_group_cv_16/audio_24k_mono/tynerm-likesomeoneinlove-sharpeascotta-1991-4909cf12.wav,70.000000,10.000000,24000,1991,McCoy Tyner,McCoy Tyner
tynerm-likesomeoneinlove-sharpeascotta-1991-4909cf12__00015,tynerm-likesomeoneinlove-sharpeascotta-1991-4909cf12,Like Someone in Love,5,McCoy Tyner / McCoy Tyner,1,1,data/processed/jtd_group_cv_16/audio_24k_mono/tynerm-likesomeoneinlove-sharpeascotta-1991-4909cf12.wav,75.000000,10.000000,24000,1991,McCoy Tyner,McCoy Tyner
tynerm-likesomeoneinlove-sharpeascotta-1991-4909cf12__00016,tynerm-likesomeoneinlove-sharpeascotta-1991-4909cf12,Like Someone in Love,5,McCoy Tyner / McCoy Tyner,1,1,data/processed/jtd_group_cv_16/audio_24k_mono/tynerm-likesomeoneinlove-sharpeascotta-1991-4909cf12.wav,80.000000,10.000000,24000,1991,McCoy Tyner,McCoy Tyner
tynerm-likesomeoneinlove-sharpeascotta-1991-4909cf12__00017,tynerm-likesomeoneinlove-sharpeascotta-1991-4909cf12,Like Someone in Love,5,McCoy Tyner / McCoy Tyner,1,1,data/processed/jtd_group_cv_16/audio_24k_mono/tynerm-likesomeoneinlove-sharpeascotta-1991-4909cf12.wav,85.000000,10.000000,24000,1991,McCoy Tyner,McCoy Tyner
tynerm-likesomeoneinlove-sharpeascotta-1991-4909cf12__00018,tynerm-likesomeoneinlove-sharpeascotta-1991-4909cf12,Like Someone in Love,5,McCoy Tyner / McCoy Tyner,1,1,data/processed/jtd_group_cv_16/audio_24k_mono/tynerm-likesomeoneinlove-sharpeascotta-1991-4909cf12.wav,90.000000,10.000000,24000,1991,McCoy Tyner,McCoy Tyner
tynerm-likesomeoneinlove-sharpeascotta-1991-4909cf12__00019,tynerm-likesomeoneinlove-sharpeascotta-1991-4909cf12,Like Someone in Love,5,McCoy Tyner / McCoy Tyner,1,1,data/processed/jtd_group_cv_16/audio_24k_mono/tynerm-likesomeoneinlove-sharpeascotta-1991-4909cf12.wav,95.000000,10.000000,24000,1991,McCoy Tyner,McCoy Tyner
tynerm-likesomeoneinlove-sharpeascotta-1991-4909cf12__00020,tynerm-likesomeoneinlove-sharpeascotta-1991-4909cf12,Like Someone in Love,5,McCoy Tyner / McCoy Tyner,1,1,data/processed/jtd_group_cv_16/audio_24k_mono/tynerm-likesomeoneinlove-sharpeascotta-1991-4909cf12.wav,100.000000,10.000000,24000,1991,McCoy Tyner,McCoy Tyner
tynerm-likesomeoneinlove-sharpeascotta-1991-4909cf12__00021,tynerm-likesomeoneinlove-sharpeascotta-1991-4909cf12,Like Someone in Love,5,McCoy Tyner / McCoy Tyner,1,1,data/processed/jtd_group_cv_16/audio_24k_mono/tynerm-likesomeoneinlove-sharpeascotta-1991-4909cf12.wav,105.000000,10.000000,24000,1991,McCoy Tyner,McCoy Tyner
tynerm-likesomeoneinlove-sharpeascotta-1991-4909cf12__00022,tynerm-likesomeoneinlove-sharpeascotta-1991-4909cf12,Like Someone in Love,5,McCoy Tyner / McCoy Tyner,1,1,data/processed/jtd_group_cv_16/audio_24k_mono/tynerm-likesomeoneinlove-sharpeascotta-1991-4909cf12.wav,110.000000,10.000000,24000,1991,McCoy Tyner,McCoy Tyner
tynerm-likesomeoneinlove-sharpeascotta-1991-4909cf12__00023,tynerm-likesomeoneinlove-sharpeascotta-1991-4909cf12,Like Someone in Love,5,McCoy Tyner / McCoy Tyner,1,1,data/processed/jtd_group_cv_16/audio_24k_mono/tynerm-likesomeoneinlove-sharpeascotta-1991-4909cf12.wav,115.000000,10.000000,24000,1991,McCoy Tyner,McCoy Tyner
tynerm-likesomeoneinlove-sharpeascotta-1991-4909cf12__00024,tynerm-likesomeoneinlove-sharpeascotta-1991-4909cf12,Like Someone in Love,5,McCoy Tyner / McCoy Tyner,1,1,data/processed/jtd_group_cv_16/audio_24k_mono/tynerm-likesomeoneinlove-sharpeascotta-1991-4909cf12.wav,120.000000,10.000000,24000,1991,McCoy Tyner,McCoy Tyner
tynerm-likesomeoneinlove-sharpeascotta-1991-4909cf12__00025,tynerm-likesomeoneinlove-sharpeascotta-1991-4909cf12,Like Someone in Love,5,McCoy Tyner / McCoy Tyner,1,1,data/processed/jtd_group_cv_16/audio_24k_mono/tynerm-likesomeoneinlove-sharpeascotta-1991-4909cf12.wav,125.000000,10.000000,24000,1991,McCoy Tyner,McCoy Tyner
tynerm-likesomeoneinlove-sharpeascotta-1991-4909cf12__00026,tynerm-likesomeoneinlove-sharpeascotta-1991-4909cf12,Like Someone in Love,5,McCoy Tyner / McCoy Tyner,1,1,data/processed/jtd_group_cv_16/audio_24k_mono/tynerm-likesomeoneinlove-sharpeascotta-1991-4909cf12.wav,130.000000,10.000000,24000,1991,McCoy Tyner,McCoy Tyner
tynerm-likesomeoneinlove-sharpeascotta-1991-4909cf12__00027,tynerm-likesomeoneinlove-sharpeascotta-1991-4909cf12,Like Someone in Love,5,McCoy Tyner / McCoy Tyner,1,1,data/processed/jtd_group_cv_16/audio_24k_mono/tynerm-likesomeoneinlove-sharpeascotta-1991-4909cf12.wav,135.000000,10.000000,24000,1991,McCoy Tyner,McCoy Tyner
tynerm-likesomeoneinlove-sharpeascotta-1991-4909cf12__00028,tynerm-likesomeoneinlove-sharpeascotta-1991-4909cf12,Like Someone in Love,5,McCoy Tyner / McCoy Tyner,1,1,data/processed/jtd_group_cv_16/audio_24k_mono/tynerm-likesomeoneinlove-sharpeascotta-1991-4909cf12.wav,140.000000,10.000000,24000,1991,McCoy Tyner,McCoy Tyner
tynerm-likesomeoneinlove-sharpeascotta-1991-4909cf12__00029,tynerm-likesomeoneinlove-sharpeascotta-1991-4909cf12,Like Someone in Love,5,McCoy Tyner / McCoy Tyner,1,1,data/processed/jtd_group_cv_16/audio_24k_mono/tynerm-likesomeoneinlove-sharpeascotta-1991-4909cf12.wav,145.000000,10.000000,24000,1991,McCoy Tyner,McCoy Tyner
tynerm-likesomeoneinlove-sharpeascotta-1991-4909cf12__00030,tynerm-likesomeoneinlove-sharpeascotta-1991-4909cf12,Like Someone in Love,5,McCoy Tyner / McCoy Tyner,1,1,data/processed/jtd_group_cv_16/audio_24k_mono/tynerm-likesomeoneinlove-sharpeascotta-1991-4909cf12.wav,150.000000,10.000000,24000,1991,McCoy Tyner,McCoy Tyner
tynerm-likesomeoneinlove-sharpeascotta-1991-4909cf12__00031,tynerm-likesomeoneinlove-sharpeascotta-1991-4909cf12,Like Someone in Love,5,McCoy Tyner / McCoy Tyner,1,1,data/processed/jtd_group_cv_16/audio_24k_mono/tynerm-likesomeoneinlove-sharpeascotta-1991-4909cf12.wav,155.000000,10.000000,24000,1991,McCoy Tyner,McCoy Tyner
tynerm-likesomeoneinlove-sharpeascotta-1991-4909cf12__00032,tynerm-likesomeoneinlove-sharpeascotta-1991-4909cf12,Like Someone in Love,5,McCoy Tyner / McCoy Tyner,1,1,data/processed/jtd_group_cv_16/audio_24k_mono/tynerm-likesomeoneinlove-sharpeascotta-1991-4909cf12.wav,160.000000,10.000000,24000,1991,McCoy Tyner,McCoy Tyner
tynerm-likesomeoneinlove-sharpeascotta-1991-4909cf12__00033,tynerm-likesomeoneinlove-sharpeascotta-1991-4909cf12,Like Someone in Love,5,McCoy Tyner / McCoy Tyner,1,1,data/processed/jtd_group_cv_16/audio_24k_mono/tynerm-likesomeoneinlove-sharpeascotta-1991-4909cf12.wav,165.000000,10.000000,24000,1991,McCoy Tyner,McCoy Tyner
tynerm-likesomeoneinlove-sharpeascotta-1991-4909cf12__00034,tynerm-likesomeoneinlove-sharpeascotta-1991-4909cf12,Like Someone in Love,5,McCoy Tyner / McCoy Tyner,1,1,data/processed/jtd_group_cv_16/audio_24k_mono/tynerm-likesomeoneinlove-sharpeascotta-1991-4909cf12.wav,170.000000,10.000000,24000,1991,McCoy Tyner,McCoy Tyner
tynerm-likesomeoneinlove-sharpeascotta-1991-4909cf12__00035,tynerm-likesomeoneinlove-sharpeascotta-1991-4909cf12,Like Someone in Love,5,McCoy Tyner / McCoy Tyner,1,1,data/processed/jtd_group_cv_16/audio_24k_mono/tynerm-likesomeoneinlove-sharpeascotta-1991-4909cf12.wav,175.000000,10.000000,24000,1991,McCoy Tyner,McCoy Tyner
tynerm-likesomeoneinlove-sharpeascotta-1991-4909cf12__00036,tynerm-likesomeoneinlove-sharpeascotta-1991-4909cf12,Like Someone in Love,5,McCoy Tyner / McCoy Tyner,1,1,data/processed/jtd_group_cv_16/audio_24k_mono/tynerm-likesomeoneinlove-sharpeascotta-1991-4909cf12.wav,180.000000,10.000000,24000,1991,McCoy Tyner,McCoy Tyner
flanagant-likesomeoneinlove-tuckerbbaileyd-1961-d5cd9dde__00000,flanagant-likesomeoneinlove-tuckerbbaileyd-1961-d5cd9dde,Like Someone in Love,5,Tommy Flanagan / Tommy Flanagan,5,5,data/processed/jtd_group_cv_16/audio_24k_mono/flanagant-likesomeoneinlove-tuckerbbaileyd-1961-d5cd9dde.wav,0.000000,10.000000,24000,1961,Tommy Flanagan,Tommy Flanagan
flanagant-likesomeoneinlove-tuckerbbaileyd-1961-d5cd9dde__00001,flanagant-likesomeoneinlove-tuckerbbaileyd-1961-d5cd9dde,Like Someone in Love,5,Tommy Flanagan / Tommy Flanagan,5,5,data/processed/jtd_group_cv_16/audio_24k_mono/flanagant-likesomeoneinlove-tuckerbbaileyd-1961-d5cd9dde.wav,5.000000,10.000000,24000,1961,Tommy Flanagan,Tommy Flanagan
flanagant-likesomeoneinlove-tuckerbbaileyd-1961-d5cd9dde__00002,flanagant-likesomeoneinlove-tuckerbbaileyd-1961-d5cd9dde,Like Someone in Love,5,Tommy Flanagan / Tommy Flanagan,5,5,data/processed/jtd_group_cv_16/audio_24k_mono/flanagant-likesomeoneinlove-tuckerbbaileyd-1961-d5cd9dde.wav,10.000000,10.000000,24000,1961,Tommy Flanagan,Tommy Flanagan
flanagant-likesomeoneinlove-tuckerbbaileyd-1961-d5cd9dde__00003,flanagant-likesomeoneinlove-tuckerbbaileyd-1961-d5cd9dde,Like Someone in Love,5,Tommy Flanagan / Tommy Flanagan,5,5,data/processed/jtd_group_cv_16/audio_24k_mono/flanagant-likesomeoneinlove-tuckerbbaileyd-1961-d5cd9dde.wav,15.000000,10.000000,24000,1961,Tommy Flanagan,Tommy Flanagan
flanagant-likesomeoneinlove-tuckerbbaileyd-1961-d5cd9dde__00004,flanagant-likesomeoneinlove-tuckerbbaileyd-1961-d5cd9dde,Like Someone in Love,5,Tommy Flanagan / Tommy Flanagan,5,5,data/processed/jtd_group_cv_16/audio_24k_mono/flanagant-likesomeoneinlove-tuckerbbaileyd-1961-d5cd9dde.wav,20.000000,10.000000,24000,1961,Tommy Flanagan,Tommy Flanagan
flanagant-likesomeoneinlove-tuckerbbaileyd-1961-d5cd9dde__00005,flanagant-likesomeoneinlove-tuckerbbaileyd-1961-d5cd9dde,Like Someone in Love,5,Tommy Flanagan / Tommy Flanagan,5,5,data/processed/jtd_group_cv_16/audio_24k_mono/flanagant-likesomeoneinlove-tuckerbbaileyd-1961-d5cd9dde.wav,25.000000,10.000000,24000,1961,Tommy Flanagan,Tommy Flanagan
flanagant-likesomeoneinlove-tuckerbbaileyd-1961-d5cd9dde__00006,flanagant-likesomeoneinlove-tuckerbbaileyd-1961-d5cd9dde,Like Someone in Love,5,Tommy Flanagan / Tommy Flanagan,5,5,data/processed/jtd_group_cv_16/audio_24k_mono/flanagant-likesomeoneinlove-tuckerbbaileyd-1961-d5cd9dde.wav,30.000000,10.000000,24000,1961,Tommy Flanagan,Tommy Flanagan
flanagant-likesomeoneinlove-tuckerbbaileyd-1961-d5cd9dde__00007,flanagant-likesomeoneinlove-tuckerbbaileyd-1961-d5cd9dde,Like Someone in Love,5,Tommy Flanagan / Tommy Flanagan,5,5,data/processed/jtd_group_cv_16/audio_24k_mono/flanagant-likesomeoneinlove-tuckerbbaileyd-1961-d5cd9dde.wav,35.000000,10.000000,24000,1961,Tommy Flanagan,Tommy Flanagan
flanagant-likesomeoneinlove-tuckerbbaileyd-1961-d5cd9dde__00008,flanagant-likesomeoneinlove-tuckerbbaileyd-1961-d5cd9dde,Like Someone in Love,5,Tommy Flanagan / Tommy Flanagan,5,5,data/processed/jtd_group_cv_16/audio_24k_mono/flanagant-likesomeoneinlove-tuckerbbaileyd-1961-d5cd9dde.wav,40.000000,10.000000,24000,1961,Tommy Flanagan,Tommy Flanagan
evansb-myromance-johnsonmlabarberaj-1977-6fe9d497__00000,evansb-myromance-johnsonmlabarberaj-1977-6fe9d497,My Romance,6,Bill Evans / Bill Evans,2,2,data/processed/jtd_group_cv_16/audio_24k_mono/evansb-myromance-johnsonmlabarberaj-1977-6fe9d497.wav,0.000000,10.000000,24000,1977,Bill Evans,Bill Evans
evansb-myromance-johnsonmlabarberaj-1977-6fe9d497__00001,evansb-myromance-johnsonmlabarberaj-1977-6fe9d497,My Romance,6,Bill Evans / Bill Evans,2,2,data/processed/jtd_group_cv_16/audio_24k_mono/evansb-myromance-johnsonmlabarberaj-1977-6fe9d497.wav,5.000000,10.000000,24000,1977,Bill Evans,Bill Evans
evansb-myromance-johnsonmlabarberaj-1977-6fe9d497__00002,evansb-myromance-johnsonmlabarberaj-1977-6fe9d497,My Romance,6,Bill Evans / Bill Evans,2,2,data/processed/jtd_group_cv_16/audio_24k_mono/evansb-myromance-johnsonmlabarberaj-1977-6fe9d497.wav,10.000000,10.000000,24000,1977,Bill Evans,Bill Evans
evansb-myromance-johnsonmlabarberaj-1977-6fe9d497__00003,evansb-myromance-johnsonmlabarberaj-1977-6fe9d497,My Romance,6,Bill Evans / Bill Evans,2,2,data/processed/jtd_group_cv_16/audio_24k_mono/evansb-myromance-johnsonmlabarberaj-1977-6fe9d497.wav,15.000000,10.000000,24000,1977,Bill Evans,Bill Evans
hawesh-myromance-mitchellrduckd-1966-b64be2c4__00000,hawesh-myromance-mitchellrduckd-1966-b64be2c4,My Romance,6,Hampton Hawes / Hampton Hawes,0,0,data/processed/jtd_group_cv_16/audio_24k_mono/hawesh-myromance-mitchellrduckd-1966-b64be2c4.wav,0.000000,10.000000,24000,1966,Hampton Hawes,Hampton Hawes
hawesh-myromance-mitchellrduckd-1966-b64be2c4__00001,hawesh-myromance-mitchellrduckd-1966-b64be2c4,My Romance,6,Hampton Hawes / Hampton Hawes,0,0,data/processed/jtd_group_cv_16/audio_24k_mono/hawesh-myromance-mitchellrduckd-1966-b64be2c4.wav,5.000000,10.000000,24000,1966,Hampton Hawes,Hampton Hawes
hawesh-myromance-mitchellrduckd-1966-b64be2c4__00002,hawesh-myromance-mitchellrduckd-1966-b64be2c4,My Romance,6,Hampton Hawes / Hampton Hawes,0,0,data/processed/jtd_group_cv_16/audio_24k_mono/hawesh-myromance-mitchellrduckd-1966-b64be2c4.wav,10.000000,10.000000,24000,1966,Hampton Hawes,Hampton Hawes
hawesh-myromance-mitchellrduckd-1966-b64be2c4__00003,hawesh-myromance-mitchellrduckd-1966-b64be2c4,My Romance,6,Hampton Hawes / Hampton Hawes,0,0,data/processed/jtd_group_cv_16/audio_24k_mono/hawesh-myromance-mitchellrduckd-1966-b64be2c4.wav,15.000000,10.000000,24000,1966,Hampton Hawes,Hampton Hawes
hawesh-myromance-mitchellrduckd-1966-b64be2c4__00004,hawesh-myromance-mitchellrduckd-1966-b64be2c4,My Romance,6,Hampton Hawes / Hampton Hawes,0,0,data/processed/jtd_group_cv_16/audio_24k_mono/hawesh-myromance-mitchellrduckd-1966-b64be2c4.wav,20.000000,10.000000,24000,1966,Hampton Hawes,Hampton Hawes
brownr-myromance-moronidnashl-1994-21fb6b42__00000,brownr-myromance-moronidnashl-1994-21fb6b42,My Romance,6,Ray Brown / Dado Moroni,1,1,data/processed/jtd_group_cv_16/audio_24k_mono/brownr-myromance-moronidnashl-1994-21fb6b42.wav,0.000000,10.000000,24000,1994,Ray Brown,Dado Moroni
brownr-myromance-moronidnashl-1994-21fb6b42__00001,brownr-myromance-moronidnashl-1994-21fb6b42,My Romance,6,Ray Brown / Dado Moroni,1,1,data/processed/jtd_group_cv_16/audio_24k_mono/brownr-myromance-moronidnashl-1994-21fb6b42.wav,5.000000,10.000000,24000,1994,Ray Brown,Dado Moroni
brownr-myromance-moronidnashl-1994-21fb6b42__00002,brownr-myromance-moronidnashl-1994-21fb6b42,My Romance,6,Ray Brown / Dado Moroni,1,1,data/processed/jtd_group_cv_16/audio_24k_mono/brownr-myromance-moronidnashl-1994-21fb6b42.wav,10.000000,10.000000,24000,1994,Ray Brown,Dado Moroni
brownr-myromance-moronidnashl-1994-21fb6b42__00003,brownr-myromance-moronidnashl-1994-21fb6b42,My Romance,6,Ray Brown / Dado Moroni,1,1,data/processed/jtd_group_cv_16/audio_24k_mono/brownr-myromance-moronidnashl-1994-21fb6b42.wav,15.000000,10.000000,24000,1994,Ray Brown,Dado Moroni
brownr-myromance-moronidnashl-1994-21fb6b42__00004,brownr-myromance-moronidnashl-1994-21fb6b42,My Romance,6,Ray Brown / Dado Moroni,1,1,data/processed/jtd_group_cv_16/audio_24k_mono/brownr-myromance-moronidnashl-1994-21fb6b42.wav,20.000000,10.000000,24000,1994,Ray Brown,Dado Moroni
brownr-myromance-moronidnashl-1994-21fb6b42__00005,brownr-myromance-moronidnashl-1994-21fb6b42,My Romance,6,Ray Brown / Dado Moroni,1,1,data/processed/jtd_group_cv_16/audio_24k_mono/brownr-myromance-moronidnashl-1994-21fb6b42.wav,25.000000,10.000000,24000,1994,Ray Brown,Dado Moroni
brownr-myromance-moronidnashl-1994-21fb6b42__00006,brownr-myromance-moronidnashl-1994-21fb6b42,My Romance,6,Ray Brown / Dado Moroni,1,1,data/processed/jtd_group_cv_16/audio_24k_mono/brownr-myromance-moronidnashl-1994-21fb6b42.wav,30.000000,10.000000,24000,1994,Ray Brown,Dado Moroni
brownr-myromance-moronidnashl-1994-21fb6b42__00007,brownr-myromance-moronidnashl-1994-21fb6b42,My Romance,6,Ray Brown / Dado Moroni,1,1,data/processed/jtd_group_cv_16/audio_24k_mono/brownr-myromance-moronidnashl-1994-21fb6b42.wav,35.000000,10.000000,24000,1994,Ray Brown,Dado Moroni
brownr-myromance-moronidnashl-1994-21fb6b42__00008,brownr-myromance-moronidnashl-1994-21fb6b42,My Romance,6,Ray Brown / Dado Moroni,1,1,data/processed/jtd_group_cv_16/audio_24k_mono/brownr-myromance-moronidnashl-1994-21fb6b42.wav,40.000000,10.000000,24000,1994,Ray Brown,Dado Moroni
brownr-myromance-moronidnashl-1994-21fb6b42__00009,brownr-myromance-moronidnashl-1994-21fb6b42,My Romance,6,Ray Brown / Dado Moroni,1,1,data/processed/jtd_group_cv_16/audio_24k_mono/brownr-myromance-moronidnashl-1994-21fb6b42.wav,45.000000,10.000000,24000,1994,Ray Brown,Dado Moroni
brownr-myromance-moronidnashl-1994-21fb6b42__00010,brownr-myromance-moronidnashl-1994-21fb6b42,My Romance,6,Ray Brown / Dado Moroni,1,1,data/processed/jtd_group_cv_16/audio_24k_mono/brownr-myromance-moronidnashl-1994-21fb6b42.wav,50.000000,10.000000,24000,1994,Ray Brown,Dado Moroni
brownr-myromance-moronidnashl-1994-21fb6b42__00011,brownr-myromance-moronidnashl-1994-21fb6b42,My Romance,6,Ray Brown / Dado Moroni,1,1,data/processed/jtd_group_cv_16/audio_24k_mono/brownr-myromance-moronidnashl-1994-21fb6b42.wav,55.000000,10.000000,24000,1994,Ray Brown,Dado Moroni
brownr-myromance-moronidnashl-1994-21fb6b42__00012,brownr-myromance-moronidnashl-1994-21fb6b42,My Romance,6,Ray Brown / Dado Moroni,1,1,data/processed/jtd_group_cv_16/audio_24k_mono/brownr-myromance-moronidnashl-1994-21fb6b42.wav,60.000000,10.000000,24000,1994,Ray Brown,Dado Moroni
brownr-myromance-harrisghamiltonj-1991-037d485a__00000,brownr-myromance-harrisghamiltonj-1991-037d485a,My Romance,6,Ray Brown / Gene Harris,3,3,data/processed/jtd_group_cv_16/audio_24k_mono/brownr-myromance-harrisghamiltonj-1991-037d485a.wav,0.000000,10.000000,24000,1991,Ray Brown,Gene Harris
brownr-myromance-harrisghamiltonj-1991-037d485a__00001,brownr-myromance-harrisghamiltonj-1991-037d485a,My Romance,6,Ray Brown / Gene Harris,3,3,data/processed/jtd_group_cv_16/audio_24k_mono/brownr-myromance-harrisghamiltonj-1991-037d485a.wav,5.000000,10.000000,24000,1991,Ray Brown,Gene Harris
brownr-myromance-harrisghamiltonj-1991-037d485a__00002,brownr-myromance-harrisghamiltonj-1991-037d485a,My Romance,6,Ray Brown / Gene Harris,3,3,data/processed/jtd_group_cv_16/audio_24k_mono/brownr-myromance-harrisghamiltonj-1991-037d485a.wav,10.000000,10.000000,24000,1991,Ray Brown,Gene Harris
brownr-myromance-harrisghamiltonj-1991-037d485a__00003,brownr-myromance-harrisghamiltonj-1991-037d485a,My Romance,6,Ray Brown / Gene Harris,3,3,data/processed/jtd_group_cv_16/audio_24k_mono/brownr-myromance-harrisghamiltonj-1991-037d485a.wav,15.000000,10.000000,24000,1991,Ray Brown,Gene Harris
brownr-myromance-harrisghamiltonj-1991-037d485a__00004,brownr-myromance-harrisghamiltonj-1991-037d485a,My Romance,6,Ray Brown / Gene Harris,3,3,data/processed/jtd_group_cv_16/audio_24k_mono/brownr-myromance-harrisghamiltonj-1991-037d485a.wav,20.000000,10.000000,24000,1991,Ray Brown,Gene Harris
brownr-myromance-harrisghamiltonj-1991-037d485a__00005,brownr-myromance-harrisghamiltonj-1991-037d485a,My Romance,6,Ray Brown / Gene Harris,3,3,data/processed/jtd_group_cv_16/audio_24k_mono/brownr-myromance-harrisghamiltonj-1991-037d485a.wav,25.000000,10.000000,24000,1991,Ray Brown,Gene Harris
brownr-myromance-harrisghamiltonj-1991-037d485a__00006,brownr-myromance-harrisghamiltonj-1991-037d485a,My Romance,6,Ray Brown / Gene Harris,3,3,data/processed/jtd_group_cv_16/audio_24k_mono/brownr-myromance-harrisghamiltonj-1991-037d485a.wav,30.000000,10.000000,24000,1991,Ray Brown,Gene Harris
brownr-myromance-harrisghamiltonj-1991-037d485a__00007,brownr-myromance-harrisghamiltonj-1991-037d485a,My Romance,6,Ray Brown / Gene Harris,3,3,data/processed/jtd_group_cv_16/audio_24k_mono/brownr-myromance-harrisghamiltonj-1991-037d485a.wav,35.000000,10.000000,24000,1991,Ray Brown,Gene Harris
brownr-myromance-harrisghamiltonj-1991-037d485a__00008,brownr-myromance-harrisghamiltonj-1991-037d485a,My Romance,6,Ray Brown / Gene Harris,3,3,data/processed/jtd_group_cv_16/audio_24k_mono/brownr-myromance-harrisghamiltonj-1991-037d485a.wav,40.000000,10.000000,24000,1991,Ray Brown,Gene Harris
brownr-myromance-harrisghamiltonj-1991-037d485a__00009,brownr-myromance-harrisghamiltonj-1991-037d485a,My Romance,6,Ray Brown / Gene Harris,3,3,data/processed/jtd_group_cv_16/audio_24k_mono/brownr-myromance-harrisghamiltonj-1991-037d485a.wav,45.000000,10.000000,24000,1991,Ray Brown,Gene Harris
brownr-myromance-harrisghamiltonj-1991-037d485a__00010,brownr-myromance-harrisghamiltonj-1991-037d485a,My Romance,6,Ray Brown / Gene Harris,3,3,data/processed/jtd_group_cv_16/audio_24k_mono/brownr-myromance-harrisghamiltonj-1991-037d485a.wav,50.000000,10.000000,24000,1991,Ray Brown,Gene Harris
brownr-myromance-harrisghamiltonj-1991-037d485a__00011,brownr-myromance-harrisghamiltonj-1991-037d485a,My Romance,6,Ray Brown / Gene Harris,3,3,data/processed/jtd_group_cv_16/audio_24k_mono/brownr-myromance-harrisghamiltonj-1991-037d485a.wav,55.000000,10.000000,24000,1991,Ray Brown,Gene Harris
brownr-myromance-harrisghamiltonj-1991-037d485a__00012,brownr-myromance-harrisghamiltonj-1991-037d485a,My Romance,6,Ray Brown / Gene Harris,3,3,data/processed/jtd_group_cv_16/audio_24k_mono/brownr-myromance-harrisghamiltonj-1991-037d485a.wav,60.000000,10.000000,24000,1991,Ray Brown,Gene Harris
brownr-myromance-harrisghamiltonj-1991-037d485a__00013,brownr-myromance-harrisghamiltonj-1991-037d485a,My Romance,6,Ray Brown / Gene Harris,3,3,data/processed/jtd_group_cv_16/audio_24k_mono/brownr-myromance-harrisghamiltonj-1991-037d485a.wav,65.000000,10.000000,24000,1991,Ray Brown,Gene Harris
brownr-myromance-harrisghamiltonj-1991-037d485a__00014,brownr-myromance-harrisghamiltonj-1991-037d485a,My Romance,6,Ray Brown / Gene Harris,3,3,data/processed/jtd_group_cv_16/audio_24k_mono/brownr-myromance-harrisghamiltonj-1991-037d485a.wav,70.000000,10.000000,24000,1991,Ray Brown,Gene Harris
brownr-myromance-harrisghamiltonj-1991-037d485a__00015,brownr-myromance-harrisghamiltonj-1991-037d485a,My Romance,6,Ray Brown / Gene Harris,3,3,data/processed/jtd_group_cv_16/audio_24k_mono/brownr-myromance-harrisghamiltonj-1991-037d485a.wav,75.000000,10.000000,24000,1991,Ray Brown,Gene Harris
brownr-myromance-harrisghamiltonj-1991-037d485a__00016,brownr-myromance-harrisghamiltonj-1991-037d485a,My Romance,6,Ray Brown / Gene Harris,3,3,data/processed/jtd_group_cv_16/audio_24k_mono/brownr-myromance-harrisghamiltonj-1991-037d485a.wav,80.000000,10.000000,24000,1991,Ray Brown,Gene Harris
brownr-myromance-harrisghamiltonj-1991-037d485a__00017,brownr-myromance-harrisghamiltonj-1991-037d485a,My Romance,6,Ray Brown / Gene Harris,3,3,data/processed/jtd_group_cv_16/audio_24k_mono/brownr-myromance-harrisghamiltonj-1991-037d485a.wav,85.000000,10.000000,24000,1991,Ray Brown,Gene Harris
brownr-myromance-harrisghamiltonj-1991-037d485a__00018,brownr-myromance-harrisghamiltonj-1991-037d485a,My Romance,6,Ray Brown / Gene Harris,3,3,data/processed/jtd_group_cv_16/audio_24k_mono/brownr-myromance-harrisghamiltonj-1991-037d485a.wav,90.000000,10.000000,24000,1991,Ray Brown,Gene Harris
brownr-myromance-harrisghamiltonj-1991-037d485a__00019,brownr-myromance-harrisghamiltonj-1991-037d485a,My Romance,6,Ray Brown / Gene Harris,3,3,data/processed/jtd_group_cv_16/audio_24k_mono/brownr-myromance-harrisghamiltonj-1991-037d485a.wav,95.000000,10.000000,24000,1991,Ray Brown,Gene Harris
brownr-myromance-harrisghamiltonj-1991-037d485a__00020,brownr-myromance-harrisghamiltonj-1991-037d485a,My Romance,6,Ray Brown / Gene Harris,3,3,data/processed/jtd_group_cv_16/audio_24k_mono/brownr-myromance-harrisghamiltonj-1991-037d485a.wav,100.000000,10.000000,24000,1991,Ray Brown,Gene Harris
brownr-myromance-harrisghamiltonj-1991-037d485a__00021,brownr-myromance-harrisghamiltonj-1991-037d485a,My Romance,6,Ray Brown / Gene Harris,3,3,data/processed/jtd_group_cv_16/audio_24k_mono/brownr-myromance-harrisghamiltonj-1991-037d485a.wav,105.000000,10.000000,24000,1991,Ray Brown,Gene Harris
brownr-myromance-harrisghamiltonj-1991-037d485a__00022,brownr-myromance-harrisghamiltonj-1991-037d485a,My Romance,6,Ray Brown / Gene Harris,3,3,data/processed/jtd_group_cv_16/audio_24k_mono/brownr-myromance-harrisghamiltonj-1991-037d485a.wav,110.000000,10.000000,24000,1991,Ray Brown,Gene Harris
brownr-myromance-harrisghamiltonj-1991-037d485a__00023,brownr-myromance-harrisghamiltonj-1991-037d485a,My Romance,6,Ray Brown / Gene Harris,3,3,data/processed/jtd_group_cv_16/audio_24k_mono/brownr-myromance-harrisghamiltonj-1991-037d485a.wav,115.000000,10.000000,24000,1991,Ray Brown,Gene Harris
brownr-myromance-harrisghamiltonj-1991-037d485a__00024,brownr-myromance-harrisghamiltonj-1991-037d485a,My Romance,6,Ray Brown / Gene Harris,3,3,data/processed/jtd_group_cv_16/audio_24k_mono/brownr-myromance-harrisghamiltonj-1991-037d485a.wav,120.000000,10.000000,24000,1991,Ray Brown,Gene Harris
brownr-myromance-harrisghamiltonj-1991-037d485a__00025,brownr-myromance-harrisghamiltonj-1991-037d485a,My Romance,6,Ray Brown / Gene Harris,3,3,data/processed/jtd_group_cv_16/audio_24k_mono/brownr-myromance-harrisghamiltonj-1991-037d485a.wav,125.000000,10.000000,24000,1991,Ray Brown,Gene Harris
brownr-myromance-harrisghamiltonj-1991-037d485a__00026,brownr-myromance-harrisghamiltonj-1991-037d485a,My Romance,6,Ray Brown / Gene Harris,3,3,data/processed/jtd_group_cv_16/audio_24k_mono/brownr-myromance-harrisghamiltonj-1991-037d485a.wav,130.000000,10.000000,24000,1991,Ray Brown,Gene Harris
brownr-myromance-harrisghamiltonj-1991-037d485a__00027,brownr-myromance-harrisghamiltonj-1991-037d485a,My Romance,6,Ray Brown / Gene Harris,3,3,data/processed/jtd_group_cv_16/audio_24k_mono/brownr-myromance-harrisghamiltonj-1991-037d485a.wav,135.000000,10.000000,24000,1991,Ray Brown,Gene Harris
jamala-ongreendolphinstreet-crosbyifournierv-1959-8ff3c6f7__00000,jamala-ongreendolphinstreet-crosbyifournierv-1959-8ff3c6f7,On Green Dolphin Street,7,Ahmad Jamal / Ahmad Jamal,0,0,data/processed/jtd_group_cv_16/audio_24k_mono/jamala-ongreendolphinstreet-crosbyifournierv-1959-8ff3c6f7.wav,0.000000,10.000000,24000,1959,Ahmad Jamal,Ahmad Jamal
jamala-ongreendolphinstreet-crosbyifournierv-1959-8ff3c6f7__00001,jamala-ongreendolphinstreet-crosbyifournierv-1959-8ff3c6f7,On Green Dolphin Street,7,Ahmad Jamal / Ahmad Jamal,0,0,data/processed/jtd_group_cv_16/audio_24k_mono/jamala-ongreendolphinstreet-crosbyifournierv-1959-8ff3c6f7.wav,5.000000,10.000000,24000,1959,Ahmad Jamal,Ahmad Jamal
jamala-ongreendolphinstreet-crosbyifournierv-1959-8ff3c6f7__00002,jamala-ongreendolphinstreet-crosbyifournierv-1959-8ff3c6f7,On Green Dolphin Street,7,Ahmad Jamal / Ahmad Jamal,0,0,data/processed/jtd_group_cv_16/audio_24k_mono/jamala-ongreendolphinstreet-crosbyifournierv-1959-8ff3c6f7.wav,10.000000,10.000000,24000,1959,Ahmad Jamal,Ahmad Jamal
jamala-ongreendolphinstreet-crosbyifournierv-1959-8ff3c6f7__00003,jamala-ongreendolphinstreet-crosbyifournierv-1959-8ff3c6f7,On Green Dolphin Street,7,Ahmad Jamal / Ahmad Jamal,0,0,data/processed/jtd_group_cv_16/audio_24k_mono/jamala-ongreendolphinstreet-crosbyifournierv-1959-8ff3c6f7.wav,15.000000,10.000000,24000,1959,Ahmad Jamal,Ahmad Jamal
jamala-ongreendolphinstreet-crosbyifournierv-1959-8ff3c6f7__00004,jamala-ongreendolphinstreet-crosbyifournierv-1959-8ff3c6f7,On Green Dolphin Street,7,Ahmad Jamal / Ahmad Jamal,0,0,data/processed/jtd_group_cv_16/audio_24k_mono/jamala-ongreendolphinstreet-crosbyifournierv-1959-8ff3c6f7.wav,20.000000,10.000000,24000,1959,Ahmad Jamal,Ahmad Jamal
jamala-ongreendolphinstreet-crosbyifournierv-1959-8ff3c6f7__00005,jamala-ongreendolphinstreet-crosbyifournierv-1959-8ff3c6f7,On Green Dolphin Street,7,Ahmad Jamal / Ahmad Jamal,0,0,data/processed/jtd_group_cv_16/audio_24k_mono/jamala-ongreendolphinstreet-crosbyifournierv-1959-8ff3c6f7.wav,25.000000,10.000000,24000,1959,Ahmad Jamal,Ahmad Jamal
jamala-ongreendolphinstreet-crosbyifournierv-1959-8ff3c6f7__00006,jamala-ongreendolphinstreet-crosbyifournierv-1959-8ff3c6f7,On Green Dolphin Street,7,Ahmad Jamal / Ahmad Jamal,0,0,data/processed/jtd_group_cv_16/audio_24k_mono/jamala-ongreendolphinstreet-crosbyifournierv-1959-8ff3c6f7.wav,30.000000,10.000000,24000,1959,Ahmad Jamal,Ahmad Jamal
jamala-ongreendolphinstreet-crosbyifournierv-1959-8ff3c6f7__00007,jamala-ongreendolphinstreet-crosbyifournierv-1959-8ff3c6f7,On Green Dolphin Street,7,Ahmad Jamal / Ahmad Jamal,0,0,data/processed/jtd_group_cv_16/audio_24k_mono/jamala-ongreendolphinstreet-crosbyifournierv-1959-8ff3c6f7.wav,35.000000,10.000000,24000,1959,Ahmad Jamal,Ahmad Jamal
jamala-ongreendolphinstreet-crosbyifournierv-1959-8ff3c6f7__00008,jamala-ongreendolphinstreet-crosbyifournierv-1959-8ff3c6f7,On Green Dolphin Street,7,Ahmad Jamal / Ahmad Jamal,0,0,data/processed/jtd_group_cv_16/audio_24k_mono/jamala-ongreendolphinstreet-crosbyifournierv-1959-8ff3c6f7.wav,40.000000,10.000000,24000,1959,Ahmad Jamal,Ahmad Jamal
jamala-ongreendolphinstreet-crosbyifournierv-1959-8ff3c6f7__00009,jamala-ongreendolphinstreet-crosbyifournierv-1959-8ff3c6f7,On Green Dolphin Street,7,Ahmad Jamal / Ahmad Jamal,0,0,data/processed/jtd_group_cv_16/audio_24k_mono/jamala-ongreendolphinstreet-crosbyifournierv-1959-8ff3c6f7.wav,45.000000,10.000000,24000,1959,Ahmad Jamal,Ahmad Jamal
jamala-ongreendolphinstreet-crosbyifournierv-1959-8ff3c6f7__00010,jamala-ongreendolphinstreet-crosbyifournierv-1959-8ff3c6f7,On Green Dolphin Street,7,Ahmad Jamal / Ahmad Jamal,0,0,data/processed/jtd_group_cv_16/audio_24k_mono/jamala-ongreendolphinstreet-crosbyifournierv-1959-8ff3c6f7.wav,50.000000,10.000000,24000,1959,Ahmad Jamal,Ahmad Jamal
jamala-ongreendolphinstreet-crosbyifournierv-1959-8ff3c6f7__00011,jamala-ongreendolphinstreet-crosbyifournierv-1959-8ff3c6f7,On Green Dolphin Street,7,Ahmad Jamal / Ahmad Jamal,0,0,data/processed/jtd_group_cv_16/audio_24k_mono/jamala-ongreendolphinstreet-crosbyifournierv-1959-8ff3c6f7.wav,55.000000,10.000000,24000,1959,Ahmad Jamal,Ahmad Jamal
jamala-ongreendolphinstreet-crosbyifournierv-1959-8ff3c6f7__00012,jamala-ongreendolphinstreet-crosbyifournierv-1959-8ff3c6f7,On Green Dolphin Street,7,Ahmad Jamal / Ahmad Jamal,0,0,data/processed/jtd_group_cv_16/audio_24k_mono/jamala-ongreendolphinstreet-crosbyifournierv-1959-8ff3c6f7.wav,60.000000,10.000000,24000,1959,Ahmad Jamal,Ahmad Jamal
jamala-ongreendolphinstreet-crosbyifournierv-1959-8ff3c6f7__00013,jamala-ongreendolphinstreet-crosbyifournierv-1959-8ff3c6f7,On Green Dolphin Street,7,Ahmad Jamal / Ahmad Jamal,0,0,data/processed/jtd_group_cv_16/audio_24k_mono/jamala-ongreendolphinstreet-crosbyifournierv-1959-8ff3c6f7.wav,65.000000,10.000000,24000,1959,Ahmad Jamal,Ahmad Jamal
jamala-ongreendolphinstreet-crosbyifournierv-1959-8ff3c6f7__00014,jamala-ongreendolphinstreet-crosbyifournierv-1959-8ff3c6f7,On Green Dolphin Street,7,Ahmad Jamal / Ahmad Jamal,0,0,data/processed/jtd_group_cv_16/audio_24k_mono/jamala-ongreendolphinstreet-crosbyifournierv-1959-8ff3c6f7.wav,70.000000,10.000000,24000,1959,Ahmad Jamal,Ahmad Jamal
jamala-ongreendolphinstreet-crosbyifournierv-1959-8ff3c6f7__00015,jamala-ongreendolphinstreet-crosbyifournierv-1959-8ff3c6f7,On Green Dolphin Street,7,Ahmad Jamal / Ahmad Jamal,0,0,data/processed/jtd_group_cv_16/audio_24k_mono/jamala-ongreendolphinstreet-crosbyifournierv-1959-8ff3c6f7.wav,75.000000,10.000000,24000,1959,Ahmad Jamal,Ahmad Jamal
jamala-ongreendolphinstreet-crosbyifournierv-1959-8ff3c6f7__00016,jamala-ongreendolphinstreet-crosbyifournierv-1959-8ff3c6f7,On Green Dolphin Street,7,Ahmad Jamal / Ahmad Jamal,0,0,data/processed/jtd_group_cv_16/audio_24k_mono/jamala-ongreendolphinstreet-crosbyifournierv-1959-8ff3c6f7.wav,80.000000,10.000000,24000,1959,Ahmad Jamal,Ahmad Jamal
evansb-ongreendolphinstreet-gomezedejohnettej-1967-e580f47d__00000,evansb-ongreendolphinstreet-gomezedejohnettej-1967-e580f47d,On Green Dolphin Street,7,Bill Evans / Bill Evans,1,1,data/processed/jtd_group_cv_16/audio_24k_mono/evansb-ongreendolphinstreet-gomezedejohnettej-1967-e580f47d.wav,0.000000,10.000000,24000,1967,Bill Evans,Bill Evans
evansb-ongreendolphinstreet-gomezedejohnettej-1967-e580f47d__00001,evansb-ongreendolphinstreet-gomezedejohnettej-1967-e580f47d,On Green Dolphin Street,7,Bill Evans / Bill Evans,1,1,data/processed/jtd_group_cv_16/audio_24k_mono/evansb-ongreendolphinstreet-gomezedejohnettej-1967-e580f47d.wav,5.000000,10.000000,24000,1967,Bill Evans,Bill Evans
evansb-ongreendolphinstreet-gomezedejohnettej-1967-e580f47d__00002,evansb-ongreendolphinstreet-gomezedejohnettej-1967-e580f47d,On Green Dolphin Street,7,Bill Evans / Bill Evans,1,1,data/processed/jtd_group_cv_16/audio_24k_mono/evansb-ongreendolphinstreet-gomezedejohnettej-1967-e580f47d.wav,10.000000,10.000000,24000,1967,Bill Evans,Bill Evans
evansb-ongreendolphinstreet-gomezedejohnettej-1967-e580f47d__00003,evansb-ongreendolphinstreet-gomezedejohnettej-1967-e580f47d,On Green Dolphin Street,7,Bill Evans / Bill Evans,1,1,data/processed/jtd_group_cv_16/audio_24k_mono/evansb-ongreendolphinstreet-gomezedejohnettej-1967-e580f47d.wav,15.000000,10.000000,24000,1967,Bill Evans,Bill Evans
evansb-ongreendolphinstreet-gomezedejohnettej-1967-e580f47d__00004,evansb-ongreendolphinstreet-gomezedejohnettej-1967-e580f47d,On Green Dolphin Street,7,Bill Evans / Bill Evans,1,1,data/processed/jtd_group_cv_16/audio_24k_mono/evansb-ongreendolphinstreet-gomezedejohnettej-1967-e580f47d.wav,20.000000,10.000000,24000,1967,Bill Evans,Bill Evans
evansb-ongreendolphinstreet-gomezedejohnettej-1967-e580f47d__00005,evansb-ongreendolphinstreet-gomezedejohnettej-1967-e580f47d,On Green Dolphin Street,7,Bill Evans / Bill Evans,1,1,data/processed/jtd_group_cv_16/audio_24k_mono/evansb-ongreendolphinstreet-gomezedejohnettej-1967-e580f47d.wav,25.000000,10.000000,24000,1967,Bill Evans,Bill Evans
evansb-ongreendolphinstreet-gomezedejohnettej-1967-e580f47d__00006,evansb-ongreendolphinstreet-gomezedejohnettej-1967-e580f47d,On Green Dolphin Street,7,Bill Evans / Bill Evans,1,1,data/processed/jtd_group_cv_16/audio_24k_mono/evansb-ongreendolphinstreet-gomezedejohnettej-1967-e580f47d.wav,30.000000,10.000000,24000,1967,Bill Evans,Bill Evans
evansb-ongreendolphinstreet-gomezedejohnettej-1967-e580f47d__00007,evansb-ongreendolphinstreet-gomezedejohnettej-1967-e580f47d,On Green Dolphin Street,7,Bill Evans / Bill Evans,1,1,data/processed/jtd_group_cv_16/audio_24k_mono/evansb-ongreendolphinstreet-gomezedejohnettej-1967-e580f47d.wav,35.000000,10.000000,24000,1967,Bill Evans,Bill Evans
evansb-ongreendolphinstreet-gomezedejohnettej-1967-e580f47d__00008,evansb-ongreendolphinstreet-gomezedejohnettej-1967-e580f47d,On Green Dolphin Street,7,Bill Evans / Bill Evans,1,1,data/processed/jtd_group_cv_16/audio_24k_mono/evansb-ongreendolphinstreet-gomezedejohnettej-1967-e580f47d.wav,40.000000,10.000000,24000,1967,Bill Evans,Bill Evans
evansb-ongreendolphinstreet-gomezedejohnettej-1967-e580f47d__00009,evansb-ongreendolphinstreet-gomezedejohnettej-1967-e580f47d,On Green Dolphin Street,7,Bill Evans / Bill Evans,1,1,data/processed/jtd_group_cv_16/audio_24k_mono/evansb-ongreendolphinstreet-gomezedejohnettej-1967-e580f47d.wav,45.000000,10.000000,24000,1967,Bill Evans,Bill Evans
evansb-ongreendolphinstreet-gomezedejohnettej-1967-e580f47d__00010,evansb-ongreendolphinstreet-gomezedejohnettej-1967-e580f47d,On Green Dolphin Street,7,Bill Evans / Bill Evans,1,1,data/processed/jtd_group_cv_16/audio_24k_mono/evansb-ongreendolphinstreet-gomezedejohnettej-1967-e580f47d.wav,50.000000,10.000000,24000,1967,Bill Evans,Bill Evans
evansb-ongreendolphinstreet-gomezedejohnettej-1967-e580f47d__00011,evansb-ongreendolphinstreet-gomezedejohnettej-1967-e580f47d,On Green Dolphin Street,7,Bill Evans / Bill Evans,1,1,data/processed/jtd_group_cv_16/audio_24k_mono/evansb-ongreendolphinstreet-gomezedejohnettej-1967-e580f47d.wav,55.000000,10.000000,24000,1967,Bill Evans,Bill Evans
evansb-ongreendolphinstreet-gomezedejohnettej-1967-e580f47d__00012,evansb-ongreendolphinstreet-gomezedejohnettej-1967-e580f47d,On Green Dolphin Street,7,Bill Evans / Bill Evans,1,1,data/processed/jtd_group_cv_16/audio_24k_mono/evansb-ongreendolphinstreet-gomezedejohnettej-1967-e580f47d.wav,60.000000,10.000000,24000,1967,Bill Evans,Bill Evans
petersono-ongreendolphinstreet-brownrthigpene-1961-940fa118__00000,petersono-ongreendolphinstreet-brownrthigpene-1961-940fa118,On Green Dolphin Street,7,Oscar Peterson / Oscar Peterson,5,5,data/processed/jtd_group_cv_16/audio_24k_mono/petersono-ongreendolphinstreet-brownrthigpene-1961-940fa118.wav,0.000000,10.000000,24000,1961,Oscar Peterson,Oscar Peterson
petersono-ongreendolphinstreet-brownrthigpene-1961-940fa118__00001,petersono-ongreendolphinstreet-brownrthigpene-1961-940fa118,On Green Dolphin Street,7,Oscar Peterson / Oscar Peterson,5,5,data/processed/jtd_group_cv_16/audio_24k_mono/petersono-ongreendolphinstreet-brownrthigpene-1961-940fa118.wav,5.000000,10.000000,24000,1961,Oscar Peterson,Oscar Peterson
petersono-ongreendolphinstreet-brownrthigpene-1961-940fa118__00002,petersono-ongreendolphinstreet-brownrthigpene-1961-940fa118,On Green Dolphin Street,7,Oscar Peterson / Oscar Peterson,5,5,data/processed/jtd_group_cv_16/audio_24k_mono/petersono-ongreendolphinstreet-brownrthigpene-1961-940fa118.wav,10.000000,10.000000,24000,1961,Oscar Peterson,Oscar Peterson
petersono-ongreendolphinstreet-brownrthigpene-1961-940fa118__00003,petersono-ongreendolphinstreet-brownrthigpene-1961-940fa118,On Green Dolphin Street,7,Oscar Peterson / Oscar Peterson,5,5,data/processed/jtd_group_cv_16/audio_24k_mono/petersono-ongreendolphinstreet-brownrthigpene-1961-940fa118.wav,15.000000,10.000000,24000,1961,Oscar Peterson,Oscar Peterson
petersono-ongreendolphinstreet-brownrthigpene-1961-940fa118__00004,petersono-ongreendolphinstreet-brownrthigpene-1961-940fa118,On Green Dolphin Street,7,Oscar Peterson / Oscar Peterson,5,5,data/processed/jtd_group_cv_16/audio_24k_mono/petersono-ongreendolphinstreet-brownrthigpene-1961-940fa118.wav,20.000000,10.000000,24000,1961,Oscar Peterson,Oscar Peterson
petersono-ongreendolphinstreet-brownrthigpene-1961-940fa118__00005,petersono-ongreendolphinstreet-brownrthigpene-1961-940fa118,On Green Dolphin Street,7,Oscar Peterson / Oscar Peterson,5,5,data/processed/jtd_group_cv_16/audio_24k_mono/petersono-ongreendolphinstreet-brownrthigpene-1961-940fa118.wav,25.000000,10.000000,24000,1961,Oscar Peterson,Oscar Peterson
petersono-ongreendolphinstreet-brownrthigpene-1961-940fa118__00006,petersono-ongreendolphinstreet-brownrthigpene-1961-940fa118,On Green Dolphin Street,7,Oscar Peterson / Oscar Peterson,5,5,data/processed/jtd_group_cv_16/audio_24k_mono/petersono-ongreendolphinstreet-brownrthigpene-1961-940fa118.wav,30.000000,10.000000,24000,1961,Oscar Peterson,Oscar Peterson
petersono-ongreendolphinstreet-brownrthigpene-1961-940fa118__00007,petersono-ongreendolphinstreet-brownrthigpene-1961-940fa118,On Green Dolphin Street,7,Oscar Peterson / Oscar Peterson,5,5,data/processed/jtd_group_cv_16/audio_24k_mono/petersono-ongreendolphinstreet-brownrthigpene-1961-940fa118.wav,35.000000,10.000000,24000,1961,Oscar Peterson,Oscar Peterson
petersono-ongreendolphinstreet-brownrthigpene-1961-940fa118__00008,petersono-ongreendolphinstreet-brownrthigpene-1961-940fa118,On Green Dolphin Street,7,Oscar Peterson / Oscar Peterson,5,5,data/processed/jtd_group_cv_16/audio_24k_mono/petersono-ongreendolphinstreet-brownrthigpene-1961-940fa118.wav,40.000000,10.000000,24000,1961,Oscar Peterson,Oscar Peterson
petersono-ongreendolphinstreet-brownrthigpene-1961-940fa118__00009,petersono-ongreendolphinstreet-brownrthigpene-1961-940fa118,On Green Dolphin Street,7,Oscar Peterson / Oscar Peterson,5,5,data/processed/jtd_group_cv_16/audio_24k_mono/petersono-ongreendolphinstreet-brownrthigpene-1961-940fa118.wav,45.000000,10.000000,24000,1961,Oscar Peterson,Oscar Peterson
petersono-ongreendolphinstreet-brownrthigpene-1961-940fa118__00010,petersono-ongreendolphinstreet-brownrthigpene-1961-940fa118,On Green Dolphin Street,7,Oscar Peterson / Oscar Peterson,5,5,data/processed/jtd_group_cv_16/audio_24k_mono/petersono-ongreendolphinstreet-brownrthigpene-1961-940fa118.wav,50.000000,10.000000,24000,1961,Oscar Peterson,Oscar Peterson
petersono-ongreendolphinstreet-brownrthigpene-1961-940fa118__00011,petersono-ongreendolphinstreet-brownrthigpene-1961-940fa118,On Green Dolphin Street,7,Oscar Peterson / Oscar Peterson,5,5,data/processed/jtd_group_cv_16/audio_24k_mono/petersono-ongreendolphinstreet-brownrthigpene-1961-940fa118.wav,55.000000,10.000000,24000,1961,Oscar Peterson,Oscar Peterson
petersono-ongreendolphinstreet-brownrthigpene-1961-940fa118__00012,petersono-ongreendolphinstreet-brownrthigpene-1961-940fa118,On Green Dolphin Street,7,Oscar Peterson / Oscar Peterson,5,5,data/processed/jtd_group_cv_16/audio_24k_mono/petersono-ongreendolphinstreet-brownrthigpene-1961-940fa118.wav,60.000000,10.000000,24000,1961,Oscar Peterson,Oscar Peterson
petersono-ongreendolphinstreet-brownrthigpene-1961-940fa118__00013,petersono-ongreendolphinstreet-brownrthigpene-1961-940fa118,On Green Dolphin Street,7,Oscar Peterson / Oscar Peterson,5,5,data/processed/jtd_group_cv_16/audio_24k_mono/petersono-ongreendolphinstreet-brownrthigpene-1961-940fa118.wav,65.000000,10.000000,24000,1961,Oscar Peterson,Oscar Peterson
petersono-ongreendolphinstreet-brownrthigpene-1961-940fa118__00014,petersono-ongreendolphinstreet-brownrthigpene-1961-940fa118,On Green Dolphin Street,7,Oscar Peterson / Oscar Peterson,5,5,data/processed/jtd_group_cv_16/audio_24k_mono/petersono-ongreendolphinstreet-brownrthigpene-1961-940fa118.wav,70.000000,10.000000,24000,1961,Oscar Peterson,Oscar Peterson
petersono-ongreendolphinstreet-brownrthigpene-1961-940fa118__00015,petersono-ongreendolphinstreet-brownrthigpene-1961-940fa118,On Green Dolphin Street,7,Oscar Peterson / Oscar Peterson,5,5,data/processed/jtd_group_cv_16/audio_24k_mono/petersono-ongreendolphinstreet-brownrthigpene-1961-940fa118.wav,75.000000,10.000000,24000,1961,Oscar Peterson,Oscar Peterson
petersono-ongreendolphinstreet-brownrthigpene-1961-940fa118__00016,petersono-ongreendolphinstreet-brownrthigpene-1961-940fa118,On Green Dolphin Street,7,Oscar Peterson / Oscar Peterson,5,5,data/processed/jtd_group_cv_16/audio_24k_mono/petersono-ongreendolphinstreet-brownrthigpene-1961-940fa118.wav,80.000000,10.000000,24000,1961,Oscar Peterson,Oscar Peterson
petersono-ongreendolphinstreet-brownrthigpene-1961-940fa118__00017,petersono-ongreendolphinstreet-brownrthigpene-1961-940fa118,On Green Dolphin Street,7,Oscar Peterson / Oscar Peterson,5,5,data/processed/jtd_group_cv_16/audio_24k_mono/petersono-ongreendolphinstreet-brownrthigpene-1961-940fa118.wav,85.000000,10.000000,24000,1961,Oscar Peterson,Oscar Peterson
petersono-ongreendolphinstreet-brownrthigpene-1961-940fa118__00018,petersono-ongreendolphinstreet-brownrthigpene-1961-940fa118,On Green Dolphin Street,7,Oscar Peterson / Oscar Peterson,5,5,data/processed/jtd_group_cv_16/audio_24k_mono/petersono-ongreendolphinstreet-brownrthigpene-1961-940fa118.wav,90.000000,10.000000,24000,1961,Oscar Peterson,Oscar Peterson
petersono-ongreendolphinstreet-brownrthigpene-1961-940fa118__00019,petersono-ongreendolphinstreet-brownrthigpene-1961-940fa118,On Green Dolphin Street,7,Oscar Peterson / Oscar Peterson,5,5,data/processed/jtd_group_cv_16/audio_24k_mono/petersono-ongreendolphinstreet-brownrthigpene-1961-940fa118.wav,95.000000,10.000000,24000,1961,Oscar Peterson,Oscar Peterson
petersono-ongreendolphinstreet-brownrthigpene-1961-940fa118__00020,petersono-ongreendolphinstreet-brownrthigpene-1961-940fa118,On Green Dolphin Street,7,Oscar Peterson / Oscar Peterson,5,5,data/processed/jtd_group_cv_16/audio_24k_mono/petersono-ongreendolphinstreet-brownrthigpene-1961-940fa118.wav,100.000000,10.000000,24000,1961,Oscar Peterson,Oscar Peterson
petersono-ongreendolphinstreet-brownrthigpene-1961-940fa118__00021,petersono-ongreendolphinstreet-brownrthigpene-1961-940fa118,On Green Dolphin Street,7,Oscar Peterson / Oscar Peterson,5,5,data/processed/jtd_group_cv_16/audio_24k_mono/petersono-ongreendolphinstreet-brownrthigpene-1961-940fa118.wav,105.000000,10.000000,24000,1961,Oscar Peterson,Oscar Peterson
petersono-ongreendolphinstreet-brownrthigpene-1961-940fa118__00022,petersono-ongreendolphinstreet-brownrthigpene-1961-940fa118,On Green Dolphin Street,7,Oscar Peterson / Oscar Peterson,5,5,data/processed/jtd_group_cv_16/audio_24k_mono/petersono-ongreendolphinstreet-brownrthigpene-1961-940fa118.wav,110.000000,10.000000,24000,1961,Oscar Peterson,Oscar Peterson
petersono-ongreendolphinstreet-brownrthigpene-1961-940fa118__00023,petersono-ongreendolphinstreet-brownrthigpene-1961-940fa118,On Green Dolphin Street,7,Oscar Peterson / Oscar Peterson,5,5,data/processed/jtd_group_cv_16/audio_24k_mono/petersono-ongreendolphinstreet-brownrthigpene-1961-940fa118.wav,115.000000,10.000000,24000,1961,Oscar Peterson,Oscar Peterson
petersono-ongreendolphinstreet-brownrthigpene-1961-940fa118__00024,petersono-ongreendolphinstreet-brownrthigpene-1961-940fa118,On Green Dolphin Street,7,Oscar Peterson / Oscar Peterson,5,5,data/processed/jtd_group_cv_16/audio_24k_mono/petersono-ongreendolphinstreet-brownrthigpene-1961-940fa118.wav,120.000000,10.000000,24000,1961,Oscar Peterson,Oscar Peterson
petersono-ongreendolphinstreet-brownrthigpene-1961-940fa118__00025,petersono-ongreendolphinstreet-brownrthigpene-1961-940fa118,On Green Dolphin Street,7,Oscar Peterson / Oscar Peterson,5,5,data/processed/jtd_group_cv_16/audio_24k_mono/petersono-ongreendolphinstreet-brownrthigpene-1961-940fa118.wav,125.000000,10.000000,24000,1961,Oscar Peterson,Oscar Peterson
petersono-ongreendolphinstreet-brownrthigpene-1961-940fa118__00026,petersono-ongreendolphinstreet-brownrthigpene-1961-940fa118,On Green Dolphin Street,7,Oscar Peterson / Oscar Peterson,5,5,data/processed/jtd_group_cv_16/audio_24k_mono/petersono-ongreendolphinstreet-brownrthigpene-1961-940fa118.wav,130.000000,10.000000,24000,1961,Oscar Peterson,Oscar Peterson
petersono-ongreendolphinstreet-brownrthigpene-1961-940fa118__00027,petersono-ongreendolphinstreet-brownrthigpene-1961-940fa118,On Green Dolphin Street,7,Oscar Peterson / Oscar Peterson,5,5,data/processed/jtd_group_cv_16/audio_24k_mono/petersono-ongreendolphinstreet-brownrthigpene-1961-940fa118.wav,135.000000,10.000000,24000,1961,Oscar Peterson,Oscar Peterson
petersono-ongreendolphinstreet-brownrthigpene-1961-940fa118__00028,petersono-ongreendolphinstreet-brownrthigpene-1961-940fa118,On Green Dolphin Street,7,Oscar Peterson / Oscar Peterson,5,5,data/processed/jtd_group_cv_16/audio_24k_mono/petersono-ongreendolphinstreet-brownrthigpene-1961-940fa118.wav,140.000000,10.000000,24000,1961,Oscar Peterson,Oscar Peterson
petersono-ongreendolphinstreet-brownrthigpene-1961-940fa118__00029,petersono-ongreendolphinstreet-brownrthigpene-1961-940fa118,On Green Dolphin Street,7,Oscar Peterson / Oscar Peterson,5,5,data/processed/jtd_group_cv_16/audio_24k_mono/petersono-ongreendolphinstreet-brownrthigpene-1961-940fa118.wav,145.000000,10.000000,24000,1961,Oscar Peterson,Oscar Peterson
petersono-ongreendolphinstreet-brownrthigpene-1961-940fa118__00030,petersono-ongreendolphinstreet-brownrthigpene-1961-940fa118,On Green Dolphin Street,7,Oscar Peterson / Oscar Peterson,5,5,data/processed/jtd_group_cv_16/audio_24k_mono/petersono-ongreendolphinstreet-brownrthigpene-1961-940fa118.wav,150.000000,10.000000,24000,1961,Oscar Peterson,Oscar Peterson
petersono-ongreendolphinstreet-brownrthigpene-1961-940fa118__00031,petersono-ongreendolphinstreet-brownrthigpene-1961-940fa118,On Green Dolphin Street,7,Oscar Peterson / Oscar Peterson,5,5,data/processed/jtd_group_cv_16/audio_24k_mono/petersono-ongreendolphinstreet-brownrthigpene-1961-940fa118.wav,155.000000,10.000000,24000,1961,Oscar Peterson,Oscar Peterson
petersono-ongreendolphinstreet-brownrthigpene-1961-940fa118__00032,petersono-ongreendolphinstreet-brownrthigpene-1961-940fa118,On Green Dolphin Street,7,Oscar Peterson / Oscar Peterson,5,5,data/processed/jtd_group_cv_16/audio_24k_mono/petersono-ongreendolphinstreet-brownrthigpene-1961-940fa118.wav,160.000000,10.000000,24000,1961,Oscar Peterson,Oscar Peterson
petersono-ongreendolphinstreet-brownrthigpene-1961-940fa118__00033,petersono-ongreendolphinstreet-brownrthigpene-1961-940fa118,On Green Dolphin Street,7,Oscar Peterson / Oscar Peterson,5,5,data/processed/jtd_group_cv_16/audio_24k_mono/petersono-ongreendolphinstreet-brownrthigpene-1961-940fa118.wav,165.000000,10.000000,24000,1961,Oscar Peterson,Oscar Peterson
petersono-ongreendolphinstreet-brownrthigpene-1961-940fa118__00034,petersono-ongreendolphinstreet-brownrthigpene-1961-940fa118,On Green Dolphin Street,7,Oscar Peterson / Oscar Peterson,5,5,data/processed/jtd_group_cv_16/audio_24k_mono/petersono-ongreendolphinstreet-brownrthigpene-1961-940fa118.wav,170.000000,10.000000,24000,1961,Oscar Peterson,Oscar Peterson
petersono-ongreendolphinstreet-brownrthigpene-1961-940fa118__00035,petersono-ongreendolphinstreet-brownrthigpene-1961-940fa118,On Green Dolphin Street,7,Oscar Peterson / Oscar Peterson,5,5,data/processed/jtd_group_cv_16/audio_24k_mono/petersono-ongreendolphinstreet-brownrthigpene-1961-940fa118.wav,175.000000,10.000000,24000,1961,Oscar Peterson,Oscar Peterson
petersono-ongreendolphinstreet-brownrthigpene-1961-940fa118__00036,petersono-ongreendolphinstreet-brownrthigpene-1961-940fa118,On Green Dolphin Street,7,Oscar Peterson / Oscar Peterson,5,5,data/processed/jtd_group_cv_16/audio_24k_mono/petersono-ongreendolphinstreet-brownrthigpene-1961-940fa118.wav,180.000000,10.000000,24000,1961,Oscar Peterson,Oscar Peterson
brownr-ongreendolphinstreet-samplejmannes-1975-9a9278d1__00000,brownr-ongreendolphinstreet-samplejmannes-1975-9a9278d1,On Green Dolphin Street,7,Ray Brown / Joe Sample,3,3,data/processed/jtd_group_cv_16/audio_24k_mono/brownr-ongreendolphinstreet-samplejmannes-1975-9a9278d1.wav,0.000000,10.000000,24000,1975,Ray Brown,Joe Sample
brownr-ongreendolphinstreet-samplejmannes-1975-9a9278d1__00001,brownr-ongreendolphinstreet-samplejmannes-1975-9a9278d1,On Green Dolphin Street,7,Ray Brown / Joe Sample,3,3,data/processed/jtd_group_cv_16/audio_24k_mono/brownr-ongreendolphinstreet-samplejmannes-1975-9a9278d1.wav,5.000000,10.000000,24000,1975,Ray Brown,Joe Sample
brownr-ongreendolphinstreet-samplejmannes-1975-9a9278d1__00002,brownr-ongreendolphinstreet-samplejmannes-1975-9a9278d1,On Green Dolphin Street,7,Ray Brown / Joe Sample,3,3,data/processed/jtd_group_cv_16/audio_24k_mono/brownr-ongreendolphinstreet-samplejmannes-1975-9a9278d1.wav,10.000000,10.000000,24000,1975,Ray Brown,Joe Sample
brownr-ongreendolphinstreet-samplejmannes-1975-9a9278d1__00003,brownr-ongreendolphinstreet-samplejmannes-1975-9a9278d1,On Green Dolphin Street,7,Ray Brown / Joe Sample,3,3,data/processed/jtd_group_cv_16/audio_24k_mono/brownr-ongreendolphinstreet-samplejmannes-1975-9a9278d1.wav,15.000000,10.000000,24000,1975,Ray Brown,Joe Sample
brownr-ongreendolphinstreet-samplejmannes-1975-9a9278d1__00004,brownr-ongreendolphinstreet-samplejmannes-1975-9a9278d1,On Green Dolphin Street,7,Ray Brown / Joe Sample,3,3,data/processed/jtd_group_cv_16/audio_24k_mono/brownr-ongreendolphinstreet-samplejmannes-1975-9a9278d1.wav,20.000000,10.000000,24000,1975,Ray Brown,Joe Sample
brownr-ongreendolphinstreet-samplejmannes-1975-9a9278d1__00005,brownr-ongreendolphinstreet-samplejmannes-1975-9a9278d1,On Green Dolphin Street,7,Ray Brown / Joe Sample,3,3,data/processed/jtd_group_cv_16/audio_24k_mono/brownr-ongreendolphinstreet-samplejmannes-1975-9a9278d1.wav,25.000000,10.000000,24000,1975,Ray Brown,Joe Sample
brownr-ongreendolphinstreet-samplejmannes-1975-9a9278d1__00006,brownr-ongreendolphinstreet-samplejmannes-1975-9a9278d1,On Green Dolphin Street,7,Ray Brown / Joe Sample,3,3,data/processed/jtd_group_cv_16/audio_24k_mono/brownr-ongreendolphinstreet-samplejmannes-1975-9a9278d1.wav,30.000000,10.000000,24000,1975,Ray Brown,Joe Sample
brownr-ongreendolphinstreet-samplejmannes-1975-9a9278d1__00007,brownr-ongreendolphinstreet-samplejmannes-1975-9a9278d1,On Green Dolphin Street,7,Ray Brown / Joe Sample,3,3,data/processed/jtd_group_cv_16/audio_24k_mono/brownr-ongreendolphinstreet-samplejmannes-1975-9a9278d1.wav,35.000000,10.000000,24000,1975,Ray Brown,Joe Sample
brownr-ongreendolphinstreet-samplejmannes-1975-9a9278d1__00008,brownr-ongreendolphinstreet-samplejmannes-1975-9a9278d1,On Green Dolphin Street,7,Ray Brown / Joe Sample,3,3,data/processed/jtd_group_cv_16/audio_24k_mono/brownr-ongreendolphinstreet-samplejmannes-1975-9a9278d1.wav,40.000000,10.000000,24000,1975,Ray Brown,Joe Sample
brownr-ongreendolphinstreet-samplejmannes-1975-9a9278d1__00009,brownr-ongreendolphinstreet-samplejmannes-1975-9a9278d1,On Green Dolphin Street,7,Ray Brown / Joe Sample,3,3,data/processed/jtd_group_cv_16/audio_24k_mono/brownr-ongreendolphinstreet-samplejmannes-1975-9a9278d1.wav,45.000000,10.000000,24000,1975,Ray Brown,Joe Sample
brownr-ongreendolphinstreet-samplejmannes-1975-9a9278d1__00010,brownr-ongreendolphinstreet-samplejmannes-1975-9a9278d1,On Green Dolphin Street,7,Ray Brown / Joe Sample,3,3,data/processed/jtd_group_cv_16/audio_24k_mono/brownr-ongreendolphinstreet-samplejmannes-1975-9a9278d1.wav,50.000000,10.000000,24000,1975,Ray Brown,Joe Sample
brownr-ongreendolphinstreet-samplejmannes-1975-9a9278d1__00011,brownr-ongreendolphinstreet-samplejmannes-1975-9a9278d1,On Green Dolphin Street,7,Ray Brown / Joe Sample,3,3,data/processed/jtd_group_cv_16/audio_24k_mono/brownr-ongreendolphinstreet-samplejmannes-1975-9a9278d1.wav,55.000000,10.000000,24000,1975,Ray Brown,Joe Sample
brownr-ongreendolphinstreet-samplejmannes-1975-9a9278d1__00012,brownr-ongreendolphinstreet-samplejmannes-1975-9a9278d1,On Green Dolphin Street,7,Ray Brown / Joe Sample,3,3,data/processed/jtd_group_cv_16/audio_24k_mono/brownr-ongreendolphinstreet-samplejmannes-1975-9a9278d1.wav,60.000000,10.000000,24000,1975,Ray Brown,Joe Sample
brownr-ongreendolphinstreet-samplejmannes-1975-9a9278d1__00013,brownr-ongreendolphinstreet-samplejmannes-1975-9a9278d1,On Green Dolphin Street,7,Ray Brown / Joe Sample,3,3,data/processed/jtd_group_cv_16/audio_24k_mono/brownr-ongreendolphinstreet-samplejmannes-1975-9a9278d1.wav,65.000000,10.000000,24000,1975,Ray Brown,Joe Sample
brownr-ongreendolphinstreet-samplejmannes-1975-9a9278d1__00014,brownr-ongreendolphinstreet-samplejmannes-1975-9a9278d1,On Green Dolphin Street,7,Ray Brown / Joe Sample,3,3,data/processed/jtd_group_cv_16/audio_24k_mono/brownr-ongreendolphinstreet-samplejmannes-1975-9a9278d1.wav,70.000000,10.000000,24000,1975,Ray Brown,Joe Sample
garlandr-ongreendolphinstreet-jonesspersipc-1961-b88d062a__00000,garlandr-ongreendolphinstreet-jonesspersipc-1961-b88d062a,On Green Dolphin Street,7,Red Garland / Red Garland,4,4,data/processed/jtd_group_cv_16/audio_24k_mono/garlandr-ongreendolphinstreet-jonesspersipc-1961-b88d062a.wav,0.000000,10.000000,24000,1961,Red Garland,Red Garland
garlandr-ongreendolphinstreet-jonesspersipc-1961-b88d062a__00001,garlandr-ongreendolphinstreet-jonesspersipc-1961-b88d062a,On Green Dolphin Street,7,Red Garland / Red Garland,4,4,data/processed/jtd_group_cv_16/audio_24k_mono/garlandr-ongreendolphinstreet-jonesspersipc-1961-b88d062a.wav,5.000000,10.000000,24000,1961,Red Garland,Red Garland
garlandr-ongreendolphinstreet-jonesspersipc-1961-b88d062a__00002,garlandr-ongreendolphinstreet-jonesspersipc-1961-b88d062a,On Green Dolphin Street,7,Red Garland / Red Garland,4,4,data/processed/jtd_group_cv_16/audio_24k_mono/garlandr-ongreendolphinstreet-jonesspersipc-1961-b88d062a.wav,10.000000,10.000000,24000,1961,Red Garland,Red Garland
garlandr-ongreendolphinstreet-jonesspersipc-1961-b88d062a__00003,garlandr-ongreendolphinstreet-jonesspersipc-1961-b88d062a,On Green Dolphin Street,7,Red Garland / Red Garland,4,4,data/processed/jtd_group_cv_16/audio_24k_mono/garlandr-ongreendolphinstreet-jonesspersipc-1961-b88d062a.wav,15.000000,10.000000,24000,1961,Red Garland,Red Garland
garlandr-ongreendolphinstreet-jonesspersipc-1961-b88d062a__00004,garlandr-ongreendolphinstreet-jonesspersipc-1961-b88d062a,On Green Dolphin Street,7,Red Garland / Red Garland,4,4,data/processed/jtd_group_cv_16/audio_24k_mono/garlandr-ongreendolphinstreet-jonesspersipc-1961-b88d062a.wav,20.000000,10.000000,24000,1961,Red Garland,Red Garland
garlandr-ongreendolphinstreet-jonesspersipc-1961-b88d062a__00005,garlandr-ongreendolphinstreet-jonesspersipc-1961-b88d062a,On Green Dolphin Street,7,Red Garland / Red Garland,4,4,data/processed/jtd_group_cv_16/audio_24k_mono/garlandr-ongreendolphinstreet-jonesspersipc-1961-b88d062a.wav,25.000000,10.000000,24000,1961,Red Garland,Red Garland
garlandr-ongreendolphinstreet-jonesspersipc-1961-b88d062a__00006,garlandr-ongreendolphinstreet-jonesspersipc-1961-b88d062a,On Green Dolphin Street,7,Red Garland / Red Garland,4,4,data/processed/jtd_group_cv_16/audio_24k_mono/garlandr-ongreendolphinstreet-jonesspersipc-1961-b88d062a.wav,30.000000,10.000000,24000,1961,Red Garland,Red Garland
kellyw-ongreendolphinstreet-chamberspcobbj-1955-3e123c7e__00000,kellyw-ongreendolphinstreet-chamberspcobbj-1955-3e123c7e,On Green Dolphin Street,7,Wynton Kelly / Wynton Kelly,2,2,data/processed/jtd_group_cv_16/audio_24k_mono/kellyw-ongreendolphinstreet-chamberspcobbj-1955-3e123c7e.wav,0.000000,10.000000,24000,1955,Wynton Kelly,Wynton Kelly
kellyw-ongreendolphinstreet-chamberspcobbj-1955-3e123c7e__00001,kellyw-ongreendolphinstreet-chamberspcobbj-1955-3e123c7e,On Green Dolphin Street,7,Wynton Kelly / Wynton Kelly,2,2,data/processed/jtd_group_cv_16/audio_24k_mono/kellyw-ongreendolphinstreet-chamberspcobbj-1955-3e123c7e.wav,5.000000,10.000000,24000,1955,Wynton Kelly,Wynton Kelly
kellyw-ongreendolphinstreet-chamberspcobbj-1955-3e123c7e__00002,kellyw-ongreendolphinstreet-chamberspcobbj-1955-3e123c7e,On Green Dolphin Street,7,Wynton Kelly / Wynton Kelly,2,2,data/processed/jtd_group_cv_16/audio_24k_mono/kellyw-ongreendolphinstreet-chamberspcobbj-1955-3e123c7e.wav,10.000000,10.000000,24000,1955,Wynton Kelly,Wynton Kelly
kellyw-ongreendolphinstreet-chamberspcobbj-1955-3e123c7e__00003,kellyw-ongreendolphinstreet-chamberspcobbj-1955-3e123c7e,On Green Dolphin Street,7,Wynton Kelly / Wynton Kelly,2,2,data/processed/jtd_group_cv_16/audio_24k_mono/kellyw-ongreendolphinstreet-chamberspcobbj-1955-3e123c7e.wav,15.000000,10.000000,24000,1955,Wynton Kelly,Wynton Kelly
kellyw-ongreendolphinstreet-chamberspcobbj-1955-3e123c7e__00004,kellyw-ongreendolphinstreet-chamberspcobbj-1955-3e123c7e,On Green Dolphin Street,7,Wynton Kelly / Wynton Kelly,2,2,data/processed/jtd_group_cv_16/audio_24k_mono/kellyw-ongreendolphinstreet-chamberspcobbj-1955-3e123c7e.wav,20.000000,10.000000,24000,1955,Wynton Kelly,Wynton Kelly
kellyw-ongreendolphinstreet-chamberspcobbj-1955-3e123c7e__00005,kellyw-ongreendolphinstreet-chamberspcobbj-1955-3e123c7e,On Green Dolphin Street,7,Wynton Kelly / Wynton Kelly,2,2,data/processed/jtd_group_cv_16/audio_24k_mono/kellyw-ongreendolphinstreet-chamberspcobbj-1955-3e123c7e.wav,25.000000,10.000000,24000,1955,Wynton Kelly,Wynton Kelly
kellyw-ongreendolphinstreet-chamberspcobbj-1955-3e123c7e__00006,kellyw-ongreendolphinstreet-chamberspcobbj-1955-3e123c7e,On Green Dolphin Street,7,Wynton Kelly / Wynton Kelly,2,2,data/processed/jtd_group_cv_16/audio_24k_mono/kellyw-ongreendolphinstreet-chamberspcobbj-1955-3e123c7e.wav,30.000000,10.000000,24000,1955,Wynton Kelly,Wynton Kelly
kellyw-ongreendolphinstreet-chamberspcobbj-1955-3e123c7e__00007,kellyw-ongreendolphinstreet-chamberspcobbj-1955-3e123c7e,On Green Dolphin Street,7,Wynton Kelly / Wynton Kelly,2,2,data/processed/jtd_group_cv_16/audio_24k_mono/kellyw-ongreendolphinstreet-chamberspcobbj-1955-3e123c7e.wav,35.000000,10.000000,24000,1955,Wynton Kelly,Wynton Kelly
kellyw-ongreendolphinstreet-chamberspcobbj-1955-3e123c7e__00008,kellyw-ongreendolphinstreet-chamberspcobbj-1955-3e123c7e,On Green Dolphin Street,7,Wynton Kelly / Wynton Kelly,2,2,data/processed/jtd_group_cv_16/audio_24k_mono/kellyw-ongreendolphinstreet-chamberspcobbj-1955-3e123c7e.wav,40.000000,10.000000,24000,1955,Wynton Kelly,Wynton Kelly
kellyw-ongreendolphinstreet-chamberspcobbj-1955-3e123c7e__00009,kellyw-ongreendolphinstreet-chamberspcobbj-1955-3e123c7e,On Green Dolphin Street,7,Wynton Kelly / Wynton Kelly,2,2,data/processed/jtd_group_cv_16/audio_24k_mono/kellyw-ongreendolphinstreet-chamberspcobbj-1955-3e123c7e.wav,45.000000,10.000000,24000,1955,Wynton Kelly,Wynton Kelly
kellyw-ongreendolphinstreet-chamberspcobbj-1955-3e123c7e__00010,kellyw-ongreendolphinstreet-chamberspcobbj-1955-3e123c7e,On Green Dolphin Street,7,Wynton Kelly / Wynton Kelly,2,2,data/processed/jtd_group_cv_16/audio_24k_mono/kellyw-ongreendolphinstreet-chamberspcobbj-1955-3e123c7e.wav,50.000000,10.000000,24000,1955,Wynton Kelly,Wynton Kelly
kellyw-ongreendolphinstreet-chamberspcobbj-1955-3e123c7e__00011,kellyw-ongreendolphinstreet-chamberspcobbj-1955-3e123c7e,On Green Dolphin Street,7,Wynton Kelly / Wynton Kelly,2,2,data/processed/jtd_group_cv_16/audio_24k_mono/kellyw-ongreendolphinstreet-chamberspcobbj-1955-3e123c7e.wav,55.000000,10.000000,24000,1955,Wynton Kelly,Wynton Kelly
kellyw-ongreendolphinstreet-chamberspcobbj-1955-3e123c7e__00012,kellyw-ongreendolphinstreet-chamberspcobbj-1955-3e123c7e,On Green Dolphin Street,7,Wynton Kelly / Wynton Kelly,2,2,data/processed/jtd_group_cv_16/audio_24k_mono/kellyw-ongreendolphinstreet-chamberspcobbj-1955-3e123c7e.wav,60.000000,10.000000,24000,1955,Wynton Kelly,Wynton Kelly
kellyw-ongreendolphinstreet-chamberspcobbj-1955-3e123c7e__00013,kellyw-ongreendolphinstreet-chamberspcobbj-1955-3e123c7e,On Green Dolphin Street,7,Wynton Kelly / Wynton Kelly,2,2,data/processed/jtd_group_cv_16/audio_24k_mono/kellyw-ongreendolphinstreet-chamberspcobbj-1955-3e123c7e.wav,65.000000,10.000000,24000,1955,Wynton Kelly,Wynton Kelly
kellyw-ongreendolphinstreet-chamberspcobbj-1955-3e123c7e__00014,kellyw-ongreendolphinstreet-chamberspcobbj-1955-3e123c7e,On Green Dolphin Street,7,Wynton Kelly / Wynton Kelly,2,2,data/processed/jtd_group_cv_16/audio_24k_mono/kellyw-ongreendolphinstreet-chamberspcobbj-1955-3e123c7e.wav,70.000000,10.000000,24000,1955,Wynton Kelly,Wynton Kelly
kellyw-ongreendolphinstreet-chamberspcobbj-1955-3e123c7e__00015,kellyw-ongreendolphinstreet-chamberspcobbj-1955-3e123c7e,On Green Dolphin Street,7,Wynton Kelly / Wynton Kelly,2,2,data/processed/jtd_group_cv_16/audio_24k_mono/kellyw-ongreendolphinstreet-chamberspcobbj-1955-3e123c7e.wav,75.000000,10.000000,24000,1955,Wynton Kelly,Wynton Kelly
kellyw-ongreendolphinstreet-chamberspcobbj-1955-3e123c7e__00016,kellyw-ongreendolphinstreet-chamberspcobbj-1955-3e123c7e,On Green Dolphin Street,7,Wynton Kelly / Wynton Kelly,2,2,data/processed/jtd_group_cv_16/audio_24k_mono/kellyw-ongreendolphinstreet-chamberspcobbj-1955-3e123c7e.wav,80.000000,10.000000,24000,1955,Wynton Kelly,Wynton Kelly
kellyw-ongreendolphinstreet-chamberspcobbj-1955-3e123c7e__00017,kellyw-ongreendolphinstreet-chamberspcobbj-1955-3e123c7e,On Green Dolphin Street,7,Wynton Kelly / Wynton Kelly,2,2,data/processed/jtd_group_cv_16/audio_24k_mono/kellyw-ongreendolphinstreet-chamberspcobbj-1955-3e123c7e.wav,85.000000,10.000000,24000,1955,Wynton Kelly,Wynton Kelly
kellyw-ongreendolphinstreet-chamberspcobbj-1955-3e123c7e__00018,kellyw-ongreendolphinstreet-chamberspcobbj-1955-3e123c7e,On Green Dolphin Street,7,Wynton Kelly / Wynton Kelly,2,2,data/processed/jtd_group_cv_16/audio_24k_mono/kellyw-ongreendolphinstreet-chamberspcobbj-1955-3e123c7e.wav,90.000000,10.000000,24000,1955,Wynton Kelly,Wynton Kelly
kellyw-ongreendolphinstreet-chamberspcobbj-1955-3e123c7e__00019,kellyw-ongreendolphinstreet-chamberspcobbj-1955-3e123c7e,On Green Dolphin Street,7,Wynton Kelly / Wynton Kelly,2,2,data/processed/jtd_group_cv_16/audio_24k_mono/kellyw-ongreendolphinstreet-chamberspcobbj-1955-3e123c7e.wav,95.000000,10.000000,24000,1955,Wynton Kelly,Wynton Kelly
kellyw-ongreendolphinstreet-chamberspcobbj-1955-3e123c7e__00020,kellyw-ongreendolphinstreet-chamberspcobbj-1955-3e123c7e,On Green Dolphin Street,7,Wynton Kelly / Wynton Kelly,2,2,data/processed/jtd_group_cv_16/audio_24k_mono/kellyw-ongreendolphinstreet-chamberspcobbj-1955-3e123c7e.wav,100.000000,10.000000,24000,1955,Wynton Kelly,Wynton Kelly
kellyw-ongreendolphinstreet-chamberspcobbj-1955-3e123c7e__00021,kellyw-ongreendolphinstreet-chamberspcobbj-1955-3e123c7e,On Green Dolphin Street,7,Wynton Kelly / Wynton Kelly,2,2,data/processed/jtd_group_cv_16/audio_24k_mono/kellyw-ongreendolphinstreet-chamberspcobbj-1955-3e123c7e.wav,105.000000,10.000000,24000,1955,Wynton Kelly,Wynton Kelly
kellyw-ongreendolphinstreet-chamberspcobbj-1955-3e123c7e__00022,kellyw-ongreendolphinstreet-chamberspcobbj-1955-3e123c7e,On Green Dolphin Street,7,Wynton Kelly / Wynton Kelly,2,2,data/processed/jtd_group_cv_16/audio_24k_mono/kellyw-ongreendolphinstreet-chamberspcobbj-1955-3e123c7e.wav,110.000000,10.000000,24000,1955,Wynton Kelly,Wynton Kelly
kellyw-ongreendolphinstreet-chamberspcobbj-1955-3e123c7e__00023,kellyw-ongreendolphinstreet-chamberspcobbj-1955-3e123c7e,On Green Dolphin Street,7,Wynton Kelly / Wynton Kelly,2,2,data/processed/jtd_group_cv_16/audio_24k_mono/kellyw-ongreendolphinstreet-chamberspcobbj-1955-3e123c7e.wav,115.000000,10.000000,24000,1955,Wynton Kelly,Wynton Kelly
kellyw-ongreendolphinstreet-chamberspcobbj-1955-3e123c7e__00024,kellyw-ongreendolphinstreet-chamberspcobbj-1955-3e123c7e,On Green Dolphin Street,7,Wynton Kelly / Wynton Kelly,2,2,data/processed/jtd_group_cv_16/audio_24k_mono/kellyw-ongreendolphinstreet-chamberspcobbj-1955-3e123c7e.wav,120.000000,10.000000,24000,1955,Wynton Kelly,Wynton Kelly
kellyw-ongreendolphinstreet-chamberspcobbj-1955-3e123c7e__00025,kellyw-ongreendolphinstreet-chamberspcobbj-1955-3e123c7e,On Green Dolphin Street,7,Wynton Kelly / Wynton Kelly,2,2,data/processed/jtd_group_cv_16/audio_24k_mono/kellyw-ongreendolphinstreet-chamberspcobbj-1955-3e123c7e.wav,125.000000,10.000000,24000,1955,Wynton Kelly,Wynton Kelly
kellyw-ongreendolphinstreet-chamberspcobbj-1955-3e123c7e__00026,kellyw-ongreendolphinstreet-chamberspcobbj-1955-3e123c7e,On Green Dolphin Street,7,Wynton Kelly / Wynton Kelly,2,2,data/processed/jtd_group_cv_16/audio_24k_mono/kellyw-ongreendolphinstreet-chamberspcobbj-1955-3e123c7e.wav,130.000000,10.000000,24000,1955,Wynton Kelly,Wynton Kelly
kellyw-ongreendolphinstreet-chamberspcobbj-1955-3e123c7e__00027,kellyw-ongreendolphinstreet-chamberspcobbj-1955-3e123c7e,On Green Dolphin Street,7,Wynton Kelly / Wynton Kelly,2,2,data/processed/jtd_group_cv_16/audio_24k_mono/kellyw-ongreendolphinstreet-chamberspcobbj-1955-3e123c7e.wav,135.000000,10.000000,24000,1955,Wynton Kelly,Wynton Kelly
kellyw-ongreendolphinstreet-chamberspcobbj-1955-3e123c7e__00028,kellyw-ongreendolphinstreet-chamberspcobbj-1955-3e123c7e,On Green Dolphin Street,7,Wynton Kelly / Wynton Kelly,2,2,data/processed/jtd_group_cv_16/audio_24k_mono/kellyw-ongreendolphinstreet-chamberspcobbj-1955-3e123c7e.wav,140.000000,10.000000,24000,1955,Wynton Kelly,Wynton Kelly
kellyw-ongreendolphinstreet-chamberspcobbj-1955-3e123c7e__00029,kellyw-ongreendolphinstreet-chamberspcobbj-1955-3e123c7e,On Green Dolphin Street,7,Wynton Kelly / Wynton Kelly,2,2,data/processed/jtd_group_cv_16/audio_24k_mono/kellyw-ongreendolphinstreet-chamberspcobbj-1955-3e123c7e.wav,145.000000,10.000000,24000,1955,Wynton Kelly,Wynton Kelly
kellyw-ongreendolphinstreet-chamberspcobbj-1955-3e123c7e__00030,kellyw-ongreendolphinstreet-chamberspcobbj-1955-3e123c7e,On Green Dolphin Street,7,Wynton Kelly / Wynton Kelly,2,2,data/processed/jtd_group_cv_16/audio_24k_mono/kellyw-ongreendolphinstreet-chamberspcobbj-1955-3e123c7e.wav,150.000000,10.000000,24000,1955,Wynton Kelly,Wynton Kelly
kellyw-ongreendolphinstreet-chamberspcobbj-1955-3e123c7e__00031,kellyw-ongreendolphinstreet-chamberspcobbj-1955-3e123c7e,On Green Dolphin Street,7,Wynton Kelly / Wynton Kelly,2,2,data/processed/jtd_group_cv_16/audio_24k_mono/kellyw-ongreendolphinstreet-chamberspcobbj-1955-3e123c7e.wav,155.000000,10.000000,24000,1955,Wynton Kelly,Wynton Kelly
kellyw-ongreendolphinstreet-chamberspcobbj-1955-3e123c7e__00032,kellyw-ongreendolphinstreet-chamberspcobbj-1955-3e123c7e,On Green Dolphin Street,7,Wynton Kelly / Wynton Kelly,2,2,data/processed/jtd_group_cv_16/audio_24k_mono/kellyw-ongreendolphinstreet-chamberspcobbj-1955-3e123c7e.wav,160.000000,10.000000,24000,1955,Wynton Kelly,Wynton Kelly
kellyw-ongreendolphinstreet-chamberspcobbj-1955-3e123c7e__00033,kellyw-ongreendolphinstreet-chamberspcobbj-1955-3e123c7e,On Green Dolphin Street,7,Wynton Kelly / Wynton Kelly,2,2,data/processed/jtd_group_cv_16/audio_24k_mono/kellyw-ongreendolphinstreet-chamberspcobbj-1955-3e123c7e.wav,165.000000,10.000000,24000,1955,Wynton Kelly,Wynton Kelly
kellyw-ongreendolphinstreet-chamberspcobbj-1955-3e123c7e__00034,kellyw-ongreendolphinstreet-chamberspcobbj-1955-3e123c7e,On Green Dolphin Street,7,Wynton Kelly / Wynton Kelly,2,2,data/processed/jtd_group_cv_16/audio_24k_mono/kellyw-ongreendolphinstreet-chamberspcobbj-1955-3e123c7e.wav,170.000000,10.000000,24000,1955,Wynton Kelly,Wynton Kelly
evansb-santaclausiscomingto-peacockgmotianp-1966-9adb51a4__00000,evansb-santaclausiscomingto-peacockgmotianp-1966-9adb51a4,Santa Claus Is Coming to Town,8,Bill Evans / Bill Evans,1,1,data/processed/jtd_group_cv_16/audio_24k_mono/evansb-santaclausiscomingto-peacockgmotianp-1966-9adb51a4.wav,0.000000,10.000000,24000,1966,Bill Evans,Bill Evans
evansb-santaclausiscomingto-peacockgmotianp-1966-9adb51a4__00001,evansb-santaclausiscomingto-peacockgmotianp-1966-9adb51a4,Santa Claus Is Coming to Town,8,Bill Evans / Bill Evans,1,1,data/processed/jtd_group_cv_16/audio_24k_mono/evansb-santaclausiscomingto-peacockgmotianp-1966-9adb51a4.wav,5.000000,10.000000,24000,1966,Bill Evans,Bill Evans
evansb-santaclausiscomingto-peacockgmotianp-1966-9adb51a4__00002,evansb-santaclausiscomingto-peacockgmotianp-1966-9adb51a4,Santa Claus Is Coming to Town,8,Bill Evans / Bill Evans,1,1,data/processed/jtd_group_cv_16/audio_24k_mono/evansb-santaclausiscomingto-peacockgmotianp-1966-9adb51a4.wav,10.000000,10.000000,24000,1966,Bill Evans,Bill Evans
evansb-santaclausiscomingto-peacockgmotianp-1966-9adb51a4__00003,evansb-santaclausiscomingto-peacockgmotianp-1966-9adb51a4,Santa Claus Is Coming to Town,8,Bill Evans / Bill Evans,1,1,data/processed/jtd_group_cv_16/audio_24k_mono/evansb-santaclausiscomingto-peacockgmotianp-1966-9adb51a4.wav,15.000000,10.000000,24000,1966,Bill Evans,Bill Evans
evansb-santaclausiscomingto-peacockgmotianp-1966-9adb51a4__00004,evansb-santaclausiscomingto-peacockgmotianp-1966-9adb51a4,Santa Claus Is Coming to Town,8,Bill Evans / Bill Evans,1,1,data/processed/jtd_group_cv_16/audio_24k_mono/evansb-santaclausiscomingto-peacockgmotianp-1966-9adb51a4.wav,20.000000,10.000000,24000,1966,Bill Evans,Bill Evans
evansb-santaclausiscomingto-peacockgmotianp-1966-9adb51a4__00005,evansb-santaclausiscomingto-peacockgmotianp-1966-9adb51a4,Santa Claus Is Coming to Town,8,Bill Evans / Bill Evans,1,1,data/processed/jtd_group_cv_16/audio_24k_mono/evansb-santaclausiscomingto-peacockgmotianp-1966-9adb51a4.wav,25.000000,10.000000,24000,1966,Bill Evans,Bill Evans
evansb-santaclausiscomingto-peacockgmotianp-1966-9adb51a4__00006,evansb-santaclausiscomingto-peacockgmotianp-1966-9adb51a4,Santa Claus Is Coming to Town,8,Bill Evans / Bill Evans,1,1,data/processed/jtd_group_cv_16/audio_24k_mono/evansb-santaclausiscomingto-peacockgmotianp-1966-9adb51a4.wav,30.000000,10.000000,24000,1966,Bill Evans,Bill Evans
evansb-santaclausiscomingto-peacockgmotianp-1966-9adb51a4__00007,evansb-santaclausiscomingto-peacockgmotianp-1966-9adb51a4,Santa Claus Is Coming to Town,8,Bill Evans / Bill Evans,1,1,data/processed/jtd_group_cv_16/audio_24k_mono/evansb-santaclausiscomingto-peacockgmotianp-1966-9adb51a4.wav,35.000000,10.000000,24000,1966,Bill Evans,Bill Evans
evansb-santaclausiscomingto-peacockgmotianp-1966-9adb51a4__00008,evansb-santaclausiscomingto-peacockgmotianp-1966-9adb51a4,Santa Claus Is Coming to Town,8,Bill Evans / Bill Evans,1,1,data/processed/jtd_group_cv_16/audio_24k_mono/evansb-santaclausiscomingto-peacockgmotianp-1966-9adb51a4.wav,40.000000,10.000000,24000,1966,Bill Evans,Bill Evans
evansb-santaclausiscomingto-peacockgmotianp-1966-9adb51a4__00009,evansb-santaclausiscomingto-peacockgmotianp-1966-9adb51a4,Santa Claus Is Coming to Town,8,Bill Evans / Bill Evans,1,1,data/processed/jtd_group_cv_16/audio_24k_mono/evansb-santaclausiscomingto-peacockgmotianp-1966-9adb51a4.wav,45.000000,10.000000,24000,1966,Bill Evans,Bill Evans
evansb-santaclausiscomingto-peacockgmotianp-1966-9adb51a4__00010,evansb-santaclausiscomingto-peacockgmotianp-1966-9adb51a4,Santa Claus Is Coming to Town,8,Bill Evans / Bill Evans,1,1,data/processed/jtd_group_cv_16/audio_24k_mono/evansb-santaclausiscomingto-peacockgmotianp-1966-9adb51a4.wav,50.000000,10.000000,24000,1966,Bill Evans,Bill Evans
evansb-santaclausiscomingto-peacockgmotianp-1966-9adb51a4__00011,evansb-santaclausiscomingto-peacockgmotianp-1966-9adb51a4,Santa Claus Is Coming to Town,8,Bill Evans / Bill Evans,1,1,data/processed/jtd_group_cv_16/audio_24k_mono/evansb-santaclausiscomingto-peacockgmotianp-1966-9adb51a4.wav,55.000000,10.000000,24000,1966,Bill Evans,Bill Evans
evansb-santaclausiscomingto-peacockgmotianp-1966-9adb51a4__00012,evansb-santaclausiscomingto-peacockgmotianp-1966-9adb51a4,Santa Claus Is Coming to Town,8,Bill Evans / Bill Evans,1,1,data/processed/jtd_group_cv_16/audio_24k_mono/evansb-santaclausiscomingto-peacockgmotianp-1966-9adb51a4.wav,60.000000,10.000000,24000,1966,Bill Evans,Bill Evans
evansb-santaclausiscomingto-peacockgmotianp-1966-9adb51a4__00013,evansb-santaclausiscomingto-peacockgmotianp-1966-9adb51a4,Santa Claus Is Coming to Town,8,Bill Evans / Bill Evans,1,1,data/processed/jtd_group_cv_16/audio_24k_mono/evansb-santaclausiscomingto-peacockgmotianp-1966-9adb51a4.wav,65.000000,10.000000,24000,1966,Bill Evans,Bill Evans
evansb-santaclausiscomingto-peacockgmotianp-1966-9adb51a4__00014,evansb-santaclausiscomingto-peacockgmotianp-1966-9adb51a4,Santa Claus Is Coming to Town,8,Bill Evans / Bill Evans,1,1,data/processed/jtd_group_cv_16/audio_24k_mono/evansb-santaclausiscomingto-peacockgmotianp-1966-9adb51a4.wav,70.000000,10.000000,24000,1966,Bill Evans,Bill Evans
timmonsb-santaclausiscomingto-warrenbperkinsw-1964-8bb49e78__00000,timmonsb-santaclausiscomingto-warrenbperkinsw-1964-8bb49e78,Santa Claus Is Coming to Town,8,Bobby Timmons / Bobby Timmons,3,3,data/processed/jtd_group_cv_16/audio_24k_mono/timmonsb-santaclausiscomingto-warrenbperkinsw-1964-8bb49e78.wav,0.000000,10.000000,24000,1964,Bobby Timmons,Bobby Timmons
timmonsb-santaclausiscomingto-warrenbperkinsw-1964-8bb49e78__00001,timmonsb-santaclausiscomingto-warrenbperkinsw-1964-8bb49e78,Santa Claus Is Coming to Town,8,Bobby Timmons / Bobby Timmons,3,3,data/processed/jtd_group_cv_16/audio_24k_mono/timmonsb-santaclausiscomingto-warrenbperkinsw-1964-8bb49e78.wav,5.000000,10.000000,24000,1964,Bobby Timmons,Bobby Timmons
timmonsb-santaclausiscomingto-warrenbperkinsw-1964-8bb49e78__00002,timmonsb-santaclausiscomingto-warrenbperkinsw-1964-8bb49e78,Santa Claus Is Coming to Town,8,Bobby Timmons / Bobby Timmons,3,3,data/processed/jtd_group_cv_16/audio_24k_mono/timmonsb-santaclausiscomingto-warrenbperkinsw-1964-8bb49e78.wav,10.000000,10.000000,24000,1964,Bobby Timmons,Bobby Timmons
timmonsb-santaclausiscomingto-warrenbperkinsw-1964-8bb49e78__00003,timmonsb-santaclausiscomingto-warrenbperkinsw-1964-8bb49e78,Santa Claus Is Coming to Town,8,Bobby Timmons / Bobby Timmons,3,3,data/processed/jtd_group_cv_16/audio_24k_mono/timmonsb-santaclausiscomingto-warrenbperkinsw-1964-8bb49e78.wav,15.000000,10.000000,24000,1964,Bobby Timmons,Bobby Timmons
timmonsb-santaclausiscomingto-warrenbperkinsw-1964-8bb49e78__00004,timmonsb-santaclausiscomingto-warrenbperkinsw-1964-8bb49e78,Santa Claus Is Coming to Town,8,Bobby Timmons / Bobby Timmons,3,3,data/processed/jtd_group_cv_16/audio_24k_mono/timmonsb-santaclausiscomingto-warrenbperkinsw-1964-8bb49e78.wav,20.000000,10.000000,24000,1964,Bobby Timmons,Bobby Timmons
timmonsb-santaclausiscomingto-warrenbperkinsw-1964-8bb49e78__00005,timmonsb-santaclausiscomingto-warrenbperkinsw-1964-8bb49e78,Santa Claus Is Coming to Town,8,Bobby Timmons / Bobby Timmons,3,3,data/processed/jtd_group_cv_16/audio_24k_mono/timmonsb-santaclausiscomingto-warrenbperkinsw-1964-8bb49e78.wav,25.000000,10.000000,24000,1964,Bobby Timmons,Bobby Timmons
timmonsb-santaclausiscomingto-warrenbperkinsw-1964-8bb49e78__00006,timmonsb-santaclausiscomingto-warrenbperkinsw-1964-8bb49e78,Santa Claus Is Coming to Town,8,Bobby Timmons / Bobby Timmons,3,3,data/processed/jtd_group_cv_16/audio_24k_mono/timmonsb-santaclausiscomingto-warrenbperkinsw-1964-8bb49e78.wav,30.000000,10.000000,24000,1964,Bobby Timmons,Bobby Timmons
timmonsb-santaclausiscomingto-warrenbperkinsw-1964-8bb49e78__00007,timmonsb-santaclausiscomingto-warrenbperkinsw-1964-8bb49e78,Santa Claus Is Coming to Town,8,Bobby Timmons / Bobby Timmons,3,3,data/processed/jtd_group_cv_16/audio_24k_mono/timmonsb-santaclausiscomingto-warrenbperkinsw-1964-8bb49e78.wav,35.000000,10.000000,24000,1964,Bobby Timmons,Bobby Timmons
timmonsb-santaclausiscomingto-warrenbperkinsw-1964-8bb49e78__00008,timmonsb-santaclausiscomingto-warrenbperkinsw-1964-8bb49e78,Santa Claus Is Coming to Town,8,Bobby Timmons / Bobby Timmons,3,3,data/processed/jtd_group_cv_16/audio_24k_mono/timmonsb-santaclausiscomingto-warrenbperkinsw-1964-8bb49e78.wav,40.000000,10.000000,24000,1964,Bobby Timmons,Bobby Timmons
timmonsb-santaclausiscomingto-warrenbperkinsw-1964-8bb49e78__00009,timmonsb-santaclausiscomingto-warrenbperkinsw-1964-8bb49e78,Santa Claus Is Coming to Town,8,Bobby Timmons / Bobby Timmons,3,3,data/processed/jtd_group_cv_16/audio_24k_mono/timmonsb-santaclausiscomingto-warrenbperkinsw-1964-8bb49e78.wav,45.000000,10.000000,24000,1964,Bobby Timmons,Bobby Timmons
timmonsb-santaclausiscomingto-warrenbperkinsw-1964-8bb49e78__00010,timmonsb-santaclausiscomingto-warrenbperkinsw-1964-8bb49e78,Santa Claus Is Coming to Town,8,Bobby Timmons / Bobby Timmons,3,3,data/processed/jtd_group_cv_16/audio_24k_mono/timmonsb-santaclausiscomingto-warrenbperkinsw-1964-8bb49e78.wav,50.000000,10.000000,24000,1964,Bobby Timmons,Bobby Timmons
timmonsb-santaclausiscomingto-warrenbperkinsw-1964-8bb49e78__00011,timmonsb-santaclausiscomingto-warrenbperkinsw-1964-8bb49e78,Santa Claus Is Coming to Town,8,Bobby Timmons / Bobby Timmons,3,3,data/processed/jtd_group_cv_16/audio_24k_mono/timmonsb-santaclausiscomingto-warrenbperkinsw-1964-8bb49e78.wav,55.000000,10.000000,24000,1964,Bobby Timmons,Bobby Timmons
timmonsb-santaclausiscomingto-warrenbperkinsw-1964-8bb49e78__00012,timmonsb-santaclausiscomingto-warrenbperkinsw-1964-8bb49e78,Santa Claus Is Coming to Town,8,Bobby Timmons / Bobby Timmons,3,3,data/processed/jtd_group_cv_16/audio_24k_mono/timmonsb-santaclausiscomingto-warrenbperkinsw-1964-8bb49e78.wav,60.000000,10.000000,24000,1964,Bobby Timmons,Bobby Timmons
timmonsb-santaclausiscomingto-warrenbperkinsw-1964-8bb49e78__00013,timmonsb-santaclausiscomingto-warrenbperkinsw-1964-8bb49e78,Santa Claus Is Coming to Town,8,Bobby Timmons / Bobby Timmons,3,3,data/processed/jtd_group_cv_16/audio_24k_mono/timmonsb-santaclausiscomingto-warrenbperkinsw-1964-8bb49e78.wav,65.000000,10.000000,24000,1964,Bobby Timmons,Bobby Timmons
timmonsb-santaclausiscomingto-warrenbperkinsw-1964-8bb49e78__00014,timmonsb-santaclausiscomingto-warrenbperkinsw-1964-8bb49e78,Santa Claus Is Coming to Town,8,Bobby Timmons / Bobby Timmons,3,3,data/processed/jtd_group_cv_16/audio_24k_mono/timmonsb-santaclausiscomingto-warrenbperkinsw-1964-8bb49e78.wav,70.000000,10.000000,24000,1964,Bobby Timmons,Bobby Timmons
timmonsb-santaclausiscomingto-warrenbperkinsw-1964-8bb49e78__00015,timmonsb-santaclausiscomingto-warrenbperkinsw-1964-8bb49e78,Santa Claus Is Coming to Town,8,Bobby Timmons / Bobby Timmons,3,3,data/processed/jtd_group_cv_16/audio_24k_mono/timmonsb-santaclausiscomingto-warrenbperkinsw-1964-8bb49e78.wav,75.000000,10.000000,24000,1964,Bobby Timmons,Bobby Timmons
timmonsb-santaclausiscomingto-warrenbperkinsw-1964-8bb49e78__00016,timmonsb-santaclausiscomingto-warrenbperkinsw-1964-8bb49e78,Santa Claus Is Coming to Town,8,Bobby Timmons / Bobby Timmons,3,3,data/processed/jtd_group_cv_16/audio_24k_mono/timmonsb-santaclausiscomingto-warrenbperkinsw-1964-8bb49e78.wav,80.000000,10.000000,24000,1964,Bobby Timmons,Bobby Timmons
timmonsb-santaclausiscomingto-warrenbperkinsw-1964-8bb49e78__00017,timmonsb-santaclausiscomingto-warrenbperkinsw-1964-8bb49e78,Santa Claus Is Coming to Town,8,Bobby Timmons / Bobby Timmons,3,3,data/processed/jtd_group_cv_16/audio_24k_mono/timmonsb-santaclausiscomingto-warrenbperkinsw-1964-8bb49e78.wav,85.000000,10.000000,24000,1964,Bobby Timmons,Bobby Timmons
timmonsb-santaclausiscomingto-warrenbperkinsw-1964-8bb49e78__00018,timmonsb-santaclausiscomingto-warrenbperkinsw-1964-8bb49e78,Santa Claus Is Coming to Town,8,Bobby Timmons / Bobby Timmons,3,3,data/processed/jtd_group_cv_16/audio_24k_mono/timmonsb-santaclausiscomingto-warrenbperkinsw-1964-8bb49e78.wav,90.000000,10.000000,24000,1964,Bobby Timmons,Bobby Timmons
jarrettk-santaclausiscomingto-peacockgdejohnettej-1998-22e04d0b__00000,jarrettk-santaclausiscomingto-peacockgdejohnettej-1998-22e04d0b,Santa Claus Is Coming to Town,8,Keith Jarrett / Keith Jarrett,2,2,data/processed/jtd_group_cv_16/audio_24k_mono/jarrettk-santaclausiscomingto-peacockgdejohnettej-1998-22e04d0b.wav,0.000000,10.000000,24000,1998,Keith Jarrett,Keith Jarrett
jarrettk-santaclausiscomingto-peacockgdejohnettej-1998-22e04d0b__00001,jarrettk-santaclausiscomingto-peacockgdejohnettej-1998-22e04d0b,Santa Claus Is Coming to Town,8,Keith Jarrett / Keith Jarrett,2,2,data/processed/jtd_group_cv_16/audio_24k_mono/jarrettk-santaclausiscomingto-peacockgdejohnettej-1998-22e04d0b.wav,5.000000,10.000000,24000,1998,Keith Jarrett,Keith Jarrett
jarrettk-santaclausiscomingto-peacockgdejohnettej-1998-22e04d0b__00002,jarrettk-santaclausiscomingto-peacockgdejohnettej-1998-22e04d0b,Santa Claus Is Coming to Town,8,Keith Jarrett / Keith Jarrett,2,2,data/processed/jtd_group_cv_16/audio_24k_mono/jarrettk-santaclausiscomingto-peacockgdejohnettej-1998-22e04d0b.wav,10.000000,10.000000,24000,1998,Keith Jarrett,Keith Jarrett
jarrettk-santaclausiscomingto-peacockgdejohnettej-1998-22e04d0b__00003,jarrettk-santaclausiscomingto-peacockgdejohnettej-1998-22e04d0b,Santa Claus Is Coming to Town,8,Keith Jarrett / Keith Jarrett,2,2,data/processed/jtd_group_cv_16/audio_24k_mono/jarrettk-santaclausiscomingto-peacockgdejohnettej-1998-22e04d0b.wav,15.000000,10.000000,24000,1998,Keith Jarrett,Keith Jarrett
jarrettk-santaclausiscomingto-peacockgdejohnettej-1998-22e04d0b__00004,jarrettk-santaclausiscomingto-peacockgdejohnettej-1998-22e04d0b,Santa Claus Is Coming to Town,8,Keith Jarrett / Keith Jarrett,2,2,data/processed/jtd_group_cv_16/audio_24k_mono/jarrettk-santaclausiscomingto-peacockgdejohnettej-1998-22e04d0b.wav,20.000000,10.000000,24000,1998,Keith Jarrett,Keith Jarrett
jarrettk-santaclausiscomingto-peacockgdejohnettej-1998-22e04d0b__00005,jarrettk-santaclausiscomingto-peacockgdejohnettej-1998-22e04d0b,Santa Claus Is Coming to Town,8,Keith Jarrett / Keith Jarrett,2,2,data/processed/jtd_group_cv_16/audio_24k_mono/jarrettk-santaclausiscomingto-peacockgdejohnettej-1998-22e04d0b.wav,25.000000,10.000000,24000,1998,Keith Jarrett,Keith Jarrett
jarrettk-santaclausiscomingto-peacockgdejohnettej-1998-22e04d0b__00006,jarrettk-santaclausiscomingto-peacockgdejohnettej-1998-22e04d0b,Santa Claus Is Coming to Town,8,Keith Jarrett / Keith Jarrett,2,2,data/processed/jtd_group_cv_16/audio_24k_mono/jarrettk-santaclausiscomingto-peacockgdejohnettej-1998-22e04d0b.wav,30.000000,10.000000,24000,1998,Keith Jarrett,Keith Jarrett
jarrettk-santaclausiscomingto-peacockgdejohnettej-1998-22e04d0b__00007,jarrettk-santaclausiscomingto-peacockgdejohnettej-1998-22e04d0b,Santa Claus Is Coming to Town,8,Keith Jarrett / Keith Jarrett,2,2,data/processed/jtd_group_cv_16/audio_24k_mono/jarrettk-santaclausiscomingto-peacockgdejohnettej-1998-22e04d0b.wav,35.000000,10.000000,24000,1998,Keith Jarrett,Keith Jarrett
jarrettk-santaclausiscomingto-peacockgdejohnettej-1998-22e04d0b__00008,jarrettk-santaclausiscomingto-peacockgdejohnettej-1998-22e04d0b,Santa Claus Is Coming to Town,8,Keith Jarrett / Keith Jarrett,2,2,data/processed/jtd_group_cv_16/audio_24k_mono/jarrettk-santaclausiscomingto-peacockgdejohnettej-1998-22e04d0b.wav,40.000000,10.000000,24000,1998,Keith Jarrett,Keith Jarrett
jarrettk-santaclausiscomingto-peacockgdejohnettej-1998-22e04d0b__00009,jarrettk-santaclausiscomingto-peacockgdejohnettej-1998-22e04d0b,Santa Claus Is Coming to Town,8,Keith Jarrett / Keith Jarrett,2,2,data/processed/jtd_group_cv_16/audio_24k_mono/jarrettk-santaclausiscomingto-peacockgdejohnettej-1998-22e04d0b.wav,45.000000,10.000000,24000,1998,Keith Jarrett,Keith Jarrett
jarrettk-santaclausiscomingto-peacockgdejohnettej-1998-22e04d0b__00010,jarrettk-santaclausiscomingto-peacockgdejohnettej-1998-22e04d0b,Santa Claus Is Coming to Town,8,Keith Jarrett / Keith Jarrett,2,2,data/processed/jtd_group_cv_16/audio_24k_mono/jarrettk-santaclausiscomingto-peacockgdejohnettej-1998-22e04d0b.wav,50.000000,10.000000,24000,1998,Keith Jarrett,Keith Jarrett
jarrettk-santaclausiscomingto-peacockgdejohnettej-1998-22e04d0b__00011,jarrettk-santaclausiscomingto-peacockgdejohnettej-1998-22e04d0b,Santa Claus Is Coming to Town,8,Keith Jarrett / Keith Jarrett,2,2,data/processed/jtd_group_cv_16/audio_24k_mono/jarrettk-santaclausiscomingto-peacockgdejohnettej-1998-22e04d0b.wav,55.000000,10.000000,24000,1998,Keith Jarrett,Keith Jarrett
jarrettk-santaclausiscomingto-peacockgdejohnettej-1998-22e04d0b__00012,jarrettk-santaclausiscomingto-peacockgdejohnettej-1998-22e04d0b,Santa Claus Is Coming to Town,8,Keith Jarrett / Keith Jarrett,2,2,data/processed/jtd_group_cv_16/audio_24k_mono/jarrettk-santaclausiscomingto-peacockgdejohnettej-1998-22e04d0b.wav,60.000000,10.000000,24000,1998,Keith Jarrett,Keith Jarrett
jarrettk-santaclausiscomingto-peacockgdejohnettej-1998-22e04d0b__00013,jarrettk-santaclausiscomingto-peacockgdejohnettej-1998-22e04d0b,Santa Claus Is Coming to Town,8,Keith Jarrett / Keith Jarrett,2,2,data/processed/jtd_group_cv_16/audio_24k_mono/jarrettk-santaclausiscomingto-peacockgdejohnettej-1998-22e04d0b.wav,65.000000,10.000000,24000,1998,Keith Jarrett,Keith Jarrett
jarrettk-santaclausiscomingto-peacockgdejohnettej-1998-22e04d0b__00014,jarrettk-santaclausiscomingto-peacockgdejohnettej-1998-22e04d0b,Santa Claus Is Coming to Town,8,Keith Jarrett / Keith Jarrett,2,2,data/processed/jtd_group_cv_16/audio_24k_mono/jarrettk-santaclausiscomingto-peacockgdejohnettej-1998-22e04d0b.wav,70.000000,10.000000,24000,1998,Keith Jarrett,Keith Jarrett
jarrettk-santaclausiscomingto-peacockgdejohnettej-1998-22e04d0b__00015,jarrettk-santaclausiscomingto-peacockgdejohnettej-1998-22e04d0b,Santa Claus Is Coming to Town,8,Keith Jarrett / Keith Jarrett,2,2,data/processed/jtd_group_cv_16/audio_24k_mono/jarrettk-santaclausiscomingto-peacockgdejohnettej-1998-22e04d0b.wav,75.000000,10.000000,24000,1998,Keith Jarrett,Keith Jarrett
jarrettk-santaclausiscomingto-peacockgdejohnettej-1998-22e04d0b__00016,jarrettk-santaclausiscomingto-peacockgdejohnettej-1998-22e04d0b,Santa Claus Is Coming to Town,8,Keith Jarrett / Keith Jarrett,2,2,data/processed/jtd_group_cv_16/audio_24k_mono/jarrettk-santaclausiscomingto-peacockgdejohnettej-1998-22e04d0b.wav,80.000000,10.000000,24000,1998,Keith Jarrett,Keith Jarrett
jarrettk-santaclausiscomingto-peacockgdejohnettej-1998-22e04d0b__00017,jarrettk-santaclausiscomingto-peacockgdejohnettej-1998-22e04d0b,Santa Claus Is Coming to Town,8,Keith Jarrett / Keith Jarrett,2,2,data/processed/jtd_group_cv_16/audio_24k_mono/jarrettk-santaclausiscomingto-peacockgdejohnettej-1998-22e04d0b.wav,85.000000,10.000000,24000,1998,Keith Jarrett,Keith Jarrett
jarrettk-santaclausiscomingto-peacockgdejohnettej-1998-22e04d0b__00018,jarrettk-santaclausiscomingto-peacockgdejohnettej-1998-22e04d0b,Santa Claus Is Coming to Town,8,Keith Jarrett / Keith Jarrett,2,2,data/processed/jtd_group_cv_16/audio_24k_mono/jarrettk-santaclausiscomingto-peacockgdejohnettej-1998-22e04d0b.wav,90.000000,10.000000,24000,1998,Keith Jarrett,Keith Jarrett
jarrettk-santaclausiscomingto-peacockgdejohnettej-1998-22e04d0b__00019,jarrettk-santaclausiscomingto-peacockgdejohnettej-1998-22e04d0b,Santa Claus Is Coming to Town,8,Keith Jarrett / Keith Jarrett,2,2,data/processed/jtd_group_cv_16/audio_24k_mono/jarrettk-santaclausiscomingto-peacockgdejohnettej-1998-22e04d0b.wav,95.000000,10.000000,24000,1998,Keith Jarrett,Keith Jarrett
jarrettk-santaclausiscomingto-peacockgdejohnettej-1998-22e04d0b__00020,jarrettk-santaclausiscomingto-peacockgdejohnettej-1998-22e04d0b,Santa Claus Is Coming to Town,8,Keith Jarrett / Keith Jarrett,2,2,data/processed/jtd_group_cv_16/audio_24k_mono/jarrettk-santaclausiscomingto-peacockgdejohnettej-1998-22e04d0b.wav,100.000000,10.000000,24000,1998,Keith Jarrett,Keith Jarrett
jarrettk-santaclausiscomingto-peacockgdejohnettej-1998-22e04d0b__00021,jarrettk-santaclausiscomingto-peacockgdejohnettej-1998-22e04d0b,Santa Claus Is Coming to Town,8,Keith Jarrett / Keith Jarrett,2,2,data/processed/jtd_group_cv_16/audio_24k_mono/jarrettk-santaclausiscomingto-peacockgdejohnettej-1998-22e04d0b.wav,105.000000,10.000000,24000,1998,Keith Jarrett,Keith Jarrett
jarrettk-santaclausiscomingto-peacockgdejohnettej-1998-22e04d0b__00022,jarrettk-santaclausiscomingto-peacockgdejohnettej-1998-22e04d0b,Santa Claus Is Coming to Town,8,Keith Jarrett / Keith Jarrett,2,2,data/processed/jtd_group_cv_16/audio_24k_mono/jarrettk-santaclausiscomingto-peacockgdejohnettej-1998-22e04d0b.wav,110.000000,10.000000,24000,1998,Keith Jarrett,Keith Jarrett
jarrettk-santaclausiscomingto-peacockgdejohnettej-1998-22e04d0b__00023,jarrettk-santaclausiscomingto-peacockgdejohnettej-1998-22e04d0b,Santa Claus Is Coming to Town,8,Keith Jarrett / Keith Jarrett,2,2,data/processed/jtd_group_cv_16/audio_24k_mono/jarrettk-santaclausiscomingto-peacockgdejohnettej-1998-22e04d0b.wav,115.000000,10.000000,24000,1998,Keith Jarrett,Keith Jarrett
jarrettk-santaclausiscomingto-peacockgdejohnettej-1998-22e04d0b__00024,jarrettk-santaclausiscomingto-peacockgdejohnettej-1998-22e04d0b,Santa Claus Is Coming to Town,8,Keith Jarrett / Keith Jarrett,2,2,data/processed/jtd_group_cv_16/audio_24k_mono/jarrettk-santaclausiscomingto-peacockgdejohnettej-1998-22e04d0b.wav,120.000000,10.000000,24000,1998,Keith Jarrett,Keith Jarrett
jarrettk-santaclausiscomingto-peacockgdejohnettej-1998-22e04d0b__00025,jarrettk-santaclausiscomingto-peacockgdejohnettej-1998-22e04d0b,Santa Claus Is Coming to Town,8,Keith Jarrett / Keith Jarrett,2,2,data/processed/jtd_group_cv_16/audio_24k_mono/jarrettk-santaclausiscomingto-peacockgdejohnettej-1998-22e04d0b.wav,125.000000,10.000000,24000,1998,Keith Jarrett,Keith Jarrett
jarrettk-santaclausiscomingto-peacockgdejohnettej-1998-22e04d0b__00026,jarrettk-santaclausiscomingto-peacockgdejohnettej-1998-22e04d0b,Santa Claus Is Coming to Town,8,Keith Jarrett / Keith Jarrett,2,2,data/processed/jtd_group_cv_16/audio_24k_mono/jarrettk-santaclausiscomingto-peacockgdejohnettej-1998-22e04d0b.wav,130.000000,10.000000,24000,1998,Keith Jarrett,Keith Jarrett
jarrettk-santaclausiscomingto-peacockgdejohnettej-1998-22e04d0b__00027,jarrettk-santaclausiscomingto-peacockgdejohnettej-1998-22e04d0b,Santa Claus Is Coming to Town,8,Keith Jarrett / Keith Jarrett,2,2,data/processed/jtd_group_cv_16/audio_24k_mono/jarrettk-santaclausiscomingto-peacockgdejohnettej-1998-22e04d0b.wav,135.000000,10.000000,24000,1998,Keith Jarrett,Keith Jarrett
jarrettk-santaclausiscomingto-peacockgdejohnettej-1998-22e04d0b__00028,jarrettk-santaclausiscomingto-peacockgdejohnettej-1998-22e04d0b,Santa Claus Is Coming to Town,8,Keith Jarrett / Keith Jarrett,2,2,data/processed/jtd_group_cv_16/audio_24k_mono/jarrettk-santaclausiscomingto-peacockgdejohnettej-1998-22e04d0b.wav,140.000000,10.000000,24000,1998,Keith Jarrett,Keith Jarrett
jarrettk-santaclausiscomingto-peacockgdejohnettej-1998-22e04d0b__00029,jarrettk-santaclausiscomingto-peacockgdejohnettej-1998-22e04d0b,Santa Claus Is Coming to Town,8,Keith Jarrett / Keith Jarrett,2,2,data/processed/jtd_group_cv_16/audio_24k_mono/jarrettk-santaclausiscomingto-peacockgdejohnettej-1998-22e04d0b.wav,145.000000,10.000000,24000,1998,Keith Jarrett,Keith Jarrett
jarrettk-santaclausiscomingto-peacockgdejohnettej-1998-22e04d0b__00030,jarrettk-santaclausiscomingto-peacockgdejohnettej-1998-22e04d0b,Santa Claus Is Coming to Town,8,Keith Jarrett / Keith Jarrett,2,2,data/processed/jtd_group_cv_16/audio_24k_mono/jarrettk-santaclausiscomingto-peacockgdejohnettej-1998-22e04d0b.wav,150.000000,10.000000,24000,1998,Keith Jarrett,Keith Jarrett
jarrettk-santaclausiscomingto-peacockgdejohnettej-1998-22e04d0b__00031,jarrettk-santaclausiscomingto-peacockgdejohnettej-1998-22e04d0b,Santa Claus Is Coming to Town,8,Keith Jarrett / Keith Jarrett,2,2,data/processed/jtd_group_cv_16/audio_24k_mono/jarrettk-santaclausiscomingto-peacockgdejohnettej-1998-22e04d0b.wav,155.000000,10.000000,24000,1998,Keith Jarrett,Keith Jarrett
jarrettk-santaclausiscomingto-peacockgdejohnettej-1998-22e04d0b__00032,jarrettk-santaclausiscomingto-peacockgdejohnettej-1998-22e04d0b,Santa Claus Is Coming to Town,8,Keith Jarrett / Keith Jarrett,2,2,data/processed/jtd_group_cv_16/audio_24k_mono/jarrettk-santaclausiscomingto-peacockgdejohnettej-1998-22e04d0b.wav,160.000000,10.000000,24000,1998,Keith Jarrett,Keith Jarrett
jarrettk-santaclausiscomingto-peacockgdejohnettej-1998-22e04d0b__00033,jarrettk-santaclausiscomingto-peacockgdejohnettej-1998-22e04d0b,Santa Claus Is Coming to Town,8,Keith Jarrett / Keith Jarrett,2,2,data/processed/jtd_group_cv_16/audio_24k_mono/jarrettk-santaclausiscomingto-peacockgdejohnettej-1998-22e04d0b.wav,165.000000,10.000000,24000,1998,Keith Jarrett,Keith Jarrett
jarrettk-santaclausiscomingto-peacockgdejohnettej-1998-22e04d0b__00034,jarrettk-santaclausiscomingto-peacockgdejohnettej-1998-22e04d0b,Santa Claus Is Coming to Town,8,Keith Jarrett / Keith Jarrett,2,2,data/processed/jtd_group_cv_16/audio_24k_mono/jarrettk-santaclausiscomingto-peacockgdejohnettej-1998-22e04d0b.wav,170.000000,10.000000,24000,1998,Keith Jarrett,Keith Jarrett
jarrettk-santaclausiscomingto-peacockgdejohnettej-1998-22e04d0b__00035,jarrettk-santaclausiscomingto-peacockgdejohnettej-1998-22e04d0b,Santa Claus Is Coming to Town,8,Keith Jarrett / Keith Jarrett,2,2,data/processed/jtd_group_cv_16/audio_24k_mono/jarrettk-santaclausiscomingto-peacockgdejohnettej-1998-22e04d0b.wav,175.000000,10.000000,24000,1998,Keith Jarrett,Keith Jarrett
jarrettk-santaclausiscomingto-peacockgdejohnettej-1998-22e04d0b__00036,jarrettk-santaclausiscomingto-peacockgdejohnettej-1998-22e04d0b,Santa Claus Is Coming to Town,8,Keith Jarrett / Keith Jarrett,2,2,data/processed/jtd_group_cv_16/audio_24k_mono/jarrettk-santaclausiscomingto-peacockgdejohnettej-1998-22e04d0b.wav,180.000000,10.000000,24000,1998,Keith Jarrett,Keith Jarrett
jarrettk-santaclausiscomingto-peacockgdejohnettej-1998-22e04d0b__00037,jarrettk-santaclausiscomingto-peacockgdejohnettej-1998-22e04d0b,Santa Claus Is Coming to Town,8,Keith Jarrett / Keith Jarrett,2,2,data/processed/jtd_group_cv_16/audio_24k_mono/jarrettk-santaclausiscomingto-peacockgdejohnettej-1998-22e04d0b.wav,185.000000,10.000000,24000,1998,Keith Jarrett,Keith Jarrett
jarrettk-santaclausiscomingto-peacockgdejohnettej-1998-22e04d0b__00038,jarrettk-santaclausiscomingto-peacockgdejohnettej-1998-22e04d0b,Santa Claus Is Coming to Town,8,Keith Jarrett / Keith Jarrett,2,2,data/processed/jtd_group_cv_16/audio_24k_mono/jarrettk-santaclausiscomingto-peacockgdejohnettej-1998-22e04d0b.wav,190.000000,10.000000,24000,1998,Keith Jarrett,Keith Jarrett
jarrettk-santaclausiscomingto-peacockgdejohnettej-1998-22e04d0b__00039,jarrettk-santaclausiscomingto-peacockgdejohnettej-1998-22e04d0b,Santa Claus Is Coming to Town,8,Keith Jarrett / Keith Jarrett,2,2,data/processed/jtd_group_cv_16/audio_24k_mono/jarrettk-santaclausiscomingto-peacockgdejohnettej-1998-22e04d0b.wav,195.000000,10.000000,24000,1998,Keith Jarrett,Keith Jarrett
jarrettk-santaclausiscomingto-peacockgdejohnettej-1998-22e04d0b__00040,jarrettk-santaclausiscomingto-peacockgdejohnettej-1998-22e04d0b,Santa Claus Is Coming to Town,8,Keith Jarrett / Keith Jarrett,2,2,data/processed/jtd_group_cv_16/audio_24k_mono/jarrettk-santaclausiscomingto-peacockgdejohnettej-1998-22e04d0b.wav,200.000000,10.000000,24000,1998,Keith Jarrett,Keith Jarrett
bleyp-santaclausiscomingto-lundgaardjhartb-1985-6917dfd6__00000,bleyp-santaclausiscomingto-lundgaardjhartb-1985-6917dfd6,Santa Claus Is Coming to Town,8,Paul Bley / Paul Bley,0,0,data/processed/jtd_group_cv_16/audio_24k_mono/bleyp-santaclausiscomingto-lundgaardjhartb-1985-6917dfd6.wav,0.000000,10.000000,24000,1985,Paul Bley,Paul Bley
bleyp-santaclausiscomingto-lundgaardjhartb-1985-6917dfd6__00001,bleyp-santaclausiscomingto-lundgaardjhartb-1985-6917dfd6,Santa Claus Is Coming to Town,8,Paul Bley / Paul Bley,0,0,data/processed/jtd_group_cv_16/audio_24k_mono/bleyp-santaclausiscomingto-lundgaardjhartb-1985-6917dfd6.wav,5.000000,10.000000,24000,1985,Paul Bley,Paul Bley
bleyp-santaclausiscomingto-lundgaardjhartb-1985-6917dfd6__00002,bleyp-santaclausiscomingto-lundgaardjhartb-1985-6917dfd6,Santa Claus Is Coming to Town,8,Paul Bley / Paul Bley,0,0,data/processed/jtd_group_cv_16/audio_24k_mono/bleyp-santaclausiscomingto-lundgaardjhartb-1985-6917dfd6.wav,10.000000,10.000000,24000,1985,Paul Bley,Paul Bley
bleyp-santaclausiscomingto-lundgaardjhartb-1985-6917dfd6__00003,bleyp-santaclausiscomingto-lundgaardjhartb-1985-6917dfd6,Santa Claus Is Coming to Town,8,Paul Bley / Paul Bley,0,0,data/processed/jtd_group_cv_16/audio_24k_mono/bleyp-santaclausiscomingto-lundgaardjhartb-1985-6917dfd6.wav,15.000000,10.000000,24000,1985,Paul Bley,Paul Bley
bleyp-santaclausiscomingto-lundgaardjhartb-1985-6917dfd6__00004,bleyp-santaclausiscomingto-lundgaardjhartb-1985-6917dfd6,Santa Claus Is Coming to Town,8,Paul Bley / Paul Bley,0,0,data/processed/jtd_group_cv_16/audio_24k_mono/bleyp-santaclausiscomingto-lundgaardjhartb-1985-6917dfd6.wav,20.000000,10.000000,24000,1985,Paul Bley,Paul Bley
bleyp-santaclausiscomingto-lundgaardjhartb-1985-6917dfd6__00005,bleyp-santaclausiscomingto-lundgaardjhartb-1985-6917dfd6,Santa Claus Is Coming to Town,8,Paul Bley / Paul Bley,0,0,data/processed/jtd_group_cv_16/audio_24k_mono/bleyp-santaclausiscomingto-lundgaardjhartb-1985-6917dfd6.wav,25.000000,10.000000,24000,1985,Paul Bley,Paul Bley
bleyp-santaclausiscomingto-lundgaardjhartb-1985-6917dfd6__00006,bleyp-santaclausiscomingto-lundgaardjhartb-1985-6917dfd6,Santa Claus Is Coming to Town,8,Paul Bley / Paul Bley,0,0,data/processed/jtd_group_cv_16/audio_24k_mono/bleyp-santaclausiscomingto-lundgaardjhartb-1985-6917dfd6.wav,30.000000,10.000000,24000,1985,Paul Bley,Paul Bley
bleyp-santaclausiscomingto-lundgaardjhartb-1985-6917dfd6__00007,bleyp-santaclausiscomingto-lundgaardjhartb-1985-6917dfd6,Santa Claus Is Coming to Town,8,Paul Bley / Paul Bley,0,0,data/processed/jtd_group_cv_16/audio_24k_mono/bleyp-santaclausiscomingto-lundgaardjhartb-1985-6917dfd6.wav,35.000000,10.000000,24000,1985,Paul Bley,Paul Bley
bleyp-santaclausiscomingto-lundgaardjhartb-1985-6917dfd6__00008,bleyp-santaclausiscomingto-lundgaardjhartb-1985-6917dfd6,Santa Claus Is Coming to Town,8,Paul Bley / Paul Bley,0,0,data/processed/jtd_group_cv_16/audio_24k_mono/bleyp-santaclausiscomingto-lundgaardjhartb-1985-6917dfd6.wav,40.000000,10.000000,24000,1985,Paul Bley,Paul Bley
bleyp-santaclausiscomingto-lundgaardjhartb-1985-6917dfd6__00009,bleyp-santaclausiscomingto-lundgaardjhartb-1985-6917dfd6,Santa Claus Is Coming to Town,8,Paul Bley / Paul Bley,0,0,data/processed/jtd_group_cv_16/audio_24k_mono/bleyp-santaclausiscomingto-lundgaardjhartb-1985-6917dfd6.wav,45.000000,10.000000,24000,1985,Paul Bley,Paul Bley
bleyp-santaclausiscomingto-lundgaardjhartb-1985-6917dfd6__00010,bleyp-santaclausiscomingto-lundgaardjhartb-1985-6917dfd6,Santa Claus Is Coming to Town,8,Paul Bley / Paul Bley,0,0,data/processed/jtd_group_cv_16/audio_24k_mono/bleyp-santaclausiscomingto-lundgaardjhartb-1985-6917dfd6.wav,50.000000,10.000000,24000,1985,Paul Bley,Paul Bley
bleyp-santaclausiscomingto-lundgaardjhartb-1985-6917dfd6__00011,bleyp-santaclausiscomingto-lundgaardjhartb-1985-6917dfd6,Santa Claus Is Coming to Town,8,Paul Bley / Paul Bley,0,0,data/processed/jtd_group_cv_16/audio_24k_mono/bleyp-santaclausiscomingto-lundgaardjhartb-1985-6917dfd6.wav,55.000000,10.000000,24000,1985,Paul Bley,Paul Bley
powellb-satindoll-bibigfieldsk-1961-cf73bbe5__00000,powellb-satindoll-bibigfieldsk-1961-cf73bbe5,Satin Doll,9,Bud Powell / Bud Powell,3,3,data/processed/jtd_group_cv_16/audio_24k_mono/powellb-satindoll-bibigfieldsk-1961-cf73bbe5.wav,0.000000,10.000000,24000,1961,Bud Powell,Bud Powell
powellb-satindoll-bibigfieldsk-1961-cf73bbe5__00001,powellb-satindoll-bibigfieldsk-1961-cf73bbe5,Satin Doll,9,Bud Powell / Bud Powell,3,3,data/processed/jtd_group_cv_16/audio_24k_mono/powellb-satindoll-bibigfieldsk-1961-cf73bbe5.wav,5.000000,10.000000,24000,1961,Bud Powell,Bud Powell
powellb-satindoll-bibigfieldsk-1961-cf73bbe5__00002,powellb-satindoll-bibigfieldsk-1961-cf73bbe5,Satin Doll,9,Bud Powell / Bud Powell,3,3,data/processed/jtd_group_cv_16/audio_24k_mono/powellb-satindoll-bibigfieldsk-1961-cf73bbe5.wav,10.000000,10.000000,24000,1961,Bud Powell,Bud Powell
powellb-satindoll-bibigfieldsk-1961-cf73bbe5__00003,powellb-satindoll-bibigfieldsk-1961-cf73bbe5,Satin Doll,9,Bud Powell / Bud Powell,3,3,data/processed/jtd_group_cv_16/audio_24k_mono/powellb-satindoll-bibigfieldsk-1961-cf73bbe5.wav,15.000000,10.000000,24000,1961,Bud Powell,Bud Powell
powellb-satindoll-bibigfieldsk-1961-cf73bbe5__00004,powellb-satindoll-bibigfieldsk-1961-cf73bbe5,Satin Doll,9,Bud Powell / Bud Powell,3,3,data/processed/jtd_group_cv_16/audio_24k_mono/powellb-satindoll-bibigfieldsk-1961-cf73bbe5.wav,20.000000,10.000000,24000,1961,Bud Powell,Bud Powell
powellb-satindoll-bibigfieldsk-1961-cf73bbe5__00005,powellb-satindoll-bibigfieldsk-1961-cf73bbe5,Satin Doll,9,Bud Powell / Bud Powell,3,3,data/processed/jtd_group_cv_16/audio_24k_mono/powellb-satindoll-bibigfieldsk-1961-cf73bbe5.wav,25.000000,10.000000,24000,1961,Bud Powell,Bud Powell
powellb-satindoll-bibigfieldsk-1961-cf73bbe5__00006,powellb-satindoll-bibigfieldsk-1961-cf73bbe5,Satin Doll,9,Bud Powell / Bud Powell,3,3,data/processed/jtd_group_cv_16/audio_24k_mono/powellb-satindoll-bibigfieldsk-1961-cf73bbe5.wav,30.000000,10.000000,24000,1961,Bud Powell,Bud Powell
powellb-satindoll-bibigfieldsk-1961-cf73bbe5__00007,powellb-satindoll-bibigfieldsk-1961-cf73bbe5,Satin Doll,9,Bud Powell / Bud Powell,3,3,data/processed/jtd_group_cv_16/audio_24k_mono/powellb-satindoll-bibigfieldsk-1961-cf73bbe5.wav,35.000000,10.000000,24000,1961,Bud Powell,Bud Powell
powellb-satindoll-bibigfieldsk-1961-cf73bbe5__00008,powellb-satindoll-bibigfieldsk-1961-cf73bbe5,Satin Doll,9,Bud Powell / Bud Powell,3,3,data/processed/jtd_group_cv_16/audio_24k_mono/powellb-satindoll-bibigfieldsk-1961-cf73bbe5.wav,40.000000,10.000000,24000,1961,Bud Powell,Bud Powell
powellb-satindoll-bibigfieldsk-1961-cf73bbe5__00009,powellb-satindoll-bibigfieldsk-1961-cf73bbe5,Satin Doll,9,Bud Powell / Bud Powell,3,3,data/processed/jtd_group_cv_16/audio_24k_mono/powellb-satindoll-bibigfieldsk-1961-cf73bbe5.wav,45.000000,10.000000,24000,1961,Bud Powell,Bud Powell
powellb-satindoll-bibigfieldsk-1961-cf73bbe5__00010,powellb-satindoll-bibigfieldsk-1961-cf73bbe5,Satin Doll,9,Bud Powell / Bud Powell,3,3,data/processed/jtd_group_cv_16/audio_24k_mono/powellb-satindoll-bibigfieldsk-1961-cf73bbe5.wav,50.000000,10.000000,24000,1961,Bud Powell,Bud Powell
powellb-satindoll-bibigfieldsk-1961-cf73bbe5__00011,powellb-satindoll-bibigfieldsk-1961-cf73bbe5,Satin Doll,9,Bud Powell / Bud Powell,3,3,data/processed/jtd_group_cv_16/audio_24k_mono/powellb-satindoll-bibigfieldsk-1961-cf73bbe5.wav,55.000000,10.000000,24000,1961,Bud Powell,Bud Powell
powellb-satindoll-bibigfieldsk-1961-cf73bbe5__00012,powellb-satindoll-bibigfieldsk-1961-cf73bbe5,Satin Doll,9,Bud Powell / Bud Powell,3,3,data/processed/jtd_group_cv_16/audio_24k_mono/powellb-satindoll-bibigfieldsk-1961-cf73bbe5.wav,60.000000,10.000000,24000,1961,Bud Powell,Bud Powell
powellb-satindoll-bibigfieldsk-1961-cf73bbe5__00013,powellb-satindoll-bibigfieldsk-1961-cf73bbe5,Satin Doll,9,Bud Powell / Bud Powell,3,3,data/processed/jtd_group_cv_16/audio_24k_mono/powellb-satindoll-bibigfieldsk-1961-cf73bbe5.wav,65.000000,10.000000,24000,1961,Bud Powell,Bud Powell
powellb-satindoll-bibigfieldsk-1961-cf73bbe5__00014,powellb-satindoll-bibigfieldsk-1961-cf73bbe5,Satin Doll,9,Bud Powell / Bud Powell,3,3,data/processed/jtd_group_cv_16/audio_24k_mono/powellb-satindoll-bibigfieldsk-1961-cf73bbe5.wav,70.000000,10.000000,24000,1961,Bud Powell,Bud Powell
powellb-satindoll-bibigfieldsk-1961-cf73bbe5__00015,powellb-satindoll-bibigfieldsk-1961-cf73bbe5,Satin Doll,9,Bud Powell / Bud Powell,3,3,data/processed/jtd_group_cv_16/audio_24k_mono/powellb-satindoll-bibigfieldsk-1961-cf73bbe5.wav,75.000000,10.000000,24000,1961,Bud Powell,Bud Powell
powellb-satindoll-bibigfieldsk-1961-cf73bbe5__00016,powellb-satindoll-bibigfieldsk-1961-cf73bbe5,Satin Doll,9,Bud Powell / Bud Powell,3,3,data/processed/jtd_group_cv_16/audio_24k_mono/powellb-satindoll-bibigfieldsk-1961-cf73bbe5.wav,80.000000,10.000000,24000,1961,Bud Powell,Bud Powell
powellb-satindoll-bibigfieldsk-1961-cf73bbe5__00017,powellb-satindoll-bibigfieldsk-1961-cf73bbe5,Satin Doll,9,Bud Powell / Bud Powell,3,3,data/processed/jtd_group_cv_16/audio_24k_mono/powellb-satindoll-bibigfieldsk-1961-cf73bbe5.wav,85.000000,10.000000,24000,1961,Bud Powell,Bud Powell
powellb-satindoll-bibigfieldsk-1961-cf73bbe5__00018,powellb-satindoll-bibigfieldsk-1961-cf73bbe5,Satin Doll,9,Bud Powell / Bud Powell,3,3,data/processed/jtd_group_cv_16/audio_24k_mono/powellb-satindoll-bibigfieldsk-1961-cf73bbe5.wav,90.000000,10.000000,24000,1961,Bud Powell,Bud Powell
powellb-satindoll-bibigfieldsk-1961-cf73bbe5__00019,powellb-satindoll-bibigfieldsk-1961-cf73bbe5,Satin Doll,9,Bud Powell / Bud Powell,3,3,data/processed/jtd_group_cv_16/audio_24k_mono/powellb-satindoll-bibigfieldsk-1961-cf73bbe5.wav,95.000000,10.000000,24000,1961,Bud Powell,Bud Powell
powellb-satindoll-bibigfieldsk-1961-cf73bbe5__00020,powellb-satindoll-bibigfieldsk-1961-cf73bbe5,Satin Doll,9,Bud Powell / Bud Powell,3,3,data/processed/jtd_group_cv_16/audio_24k_mono/powellb-satindoll-bibigfieldsk-1961-cf73bbe5.wav,100.000000,10.000000,24000,1961,Bud Powell,Bud Powell
powellb-satindoll-bibigfieldsk-1961-cf73bbe5__00021,powellb-satindoll-bibigfieldsk-1961-cf73bbe5,Satin Doll,9,Bud Powell / Bud Powell,3,3,data/processed/jtd_group_cv_16/audio_24k_mono/powellb-satindoll-bibigfieldsk-1961-cf73bbe5.wav,105.000000,10.000000,24000,1961,Bud Powell,Bud Powell
powellb-satindoll-bibigfieldsk-1961-cf73bbe5__00022,powellb-satindoll-bibigfieldsk-1961-cf73bbe5,Satin Doll,9,Bud Powell / Bud Powell,3,3,data/processed/jtd_group_cv_16/audio_24k_mono/powellb-satindoll-bibigfieldsk-1961-cf73bbe5.wav,110.000000,10.000000,24000,1961,Bud Powell,Bud Powell
powellb-satindoll-bibigfieldsk-1961-cf73bbe5__00023,powellb-satindoll-bibigfieldsk-1961-cf73bbe5,Satin Doll,9,Bud Powell / Bud Powell,3,3,data/processed/jtd_group_cv_16/audio_24k_mono/powellb-satindoll-bibigfieldsk-1961-cf73bbe5.wav,115.000000,10.000000,24000,1961,Bud Powell,Bud Powell
powellb-satindoll-bibigfieldsk-1961-cf73bbe5__00024,powellb-satindoll-bibigfieldsk-1961-cf73bbe5,Satin Doll,9,Bud Powell / Bud Powell,3,3,data/processed/jtd_group_cv_16/audio_24k_mono/powellb-satindoll-bibigfieldsk-1961-cf73bbe5.wav,120.000000,10.000000,24000,1961,Bud Powell,Bud Powell
powellb-satindoll-bibigfieldsk-1961-cf73bbe5__00025,powellb-satindoll-bibigfieldsk-1961-cf73bbe5,Satin Doll,9,Bud Powell / Bud Powell,3,3,data/processed/jtd_group_cv_16/audio_24k_mono/powellb-satindoll-bibigfieldsk-1961-cf73bbe5.wav,125.000000,10.000000,24000,1961,Bud Powell,Bud Powell
tynerm-satindoll-sharpeahayesl-1986-e475823a__00000,tynerm-satindoll-sharpeahayesl-1986-e475823a,Satin Doll,9,McCoy Tyner / McCoy Tyner,1,1,data/processed/jtd_group_cv_16/audio_24k_mono/tynerm-satindoll-sharpeahayesl-1986-e475823a.wav,0.000000,10.000000,24000,1986,McCoy Tyner,McCoy Tyner
tynerm-satindoll-sharpeahayesl-1986-e475823a__00001,tynerm-satindoll-sharpeahayesl-1986-e475823a,Satin Doll,9,McCoy Tyner / McCoy Tyner,1,1,data/processed/jtd_group_cv_16/audio_24k_mono/tynerm-satindoll-sharpeahayesl-1986-e475823a.wav,5.000000,10.000000,24000,1986,McCoy Tyner,McCoy Tyner
tynerm-satindoll-sharpeahayesl-1986-e475823a__00002,tynerm-satindoll-sharpeahayesl-1986-e475823a,Satin Doll,9,McCoy Tyner / McCoy Tyner,1,1,data/processed/jtd_group_cv_16/audio_24k_mono/tynerm-satindoll-sharpeahayesl-1986-e475823a.wav,10.000000,10.000000,24000,1986,McCoy Tyner,McCoy Tyner
tynerm-satindoll-sharpeahayesl-1986-e475823a__00003,tynerm-satindoll-sharpeahayesl-1986-e475823a,Satin Doll,9,McCoy Tyner / McCoy Tyner,1,1,data/processed/jtd_group_cv_16/audio_24k_mono/tynerm-satindoll-sharpeahayesl-1986-e475823a.wav,15.000000,10.000000,24000,1986,McCoy Tyner,McCoy Tyner
tynerm-satindoll-sharpeahayesl-1986-e475823a__00004,tynerm-satindoll-sharpeahayesl-1986-e475823a,Satin Doll,9,McCoy Tyner / McCoy Tyner,1,1,data/processed/jtd_group_cv_16/audio_24k_mono/tynerm-satindoll-sharpeahayesl-1986-e475823a.wav,20.000000,10.000000,24000,1986,McCoy Tyner,McCoy Tyner
tynerm-satindoll-sharpeahayesl-1986-e475823a__00005,tynerm-satindoll-sharpeahayesl-1986-e475823a,Satin Doll,9,McCoy Tyner / McCoy Tyner,1,1,data/processed/jtd_group_cv_16/audio_24k_mono/tynerm-satindoll-sharpeahayesl-1986-e475823a.wav,25.000000,10.000000,24000,1986,McCoy Tyner,McCoy Tyner
tynerm-satindoll-sharpeahayesl-1986-e475823a__00006,tynerm-satindoll-sharpeahayesl-1986-e475823a,Satin Doll,9,McCoy Tyner / McCoy Tyner,1,1,data/processed/jtd_group_cv_16/audio_24k_mono/tynerm-satindoll-sharpeahayesl-1986-e475823a.wav,30.000000,10.000000,24000,1986,McCoy Tyner,McCoy Tyner
tynerm-satindoll-sharpeahayesl-1986-e475823a__00007,tynerm-satindoll-sharpeahayesl-1986-e475823a,Satin Doll,9,McCoy Tyner / McCoy Tyner,1,1,data/processed/jtd_group_cv_16/audio_24k_mono/tynerm-satindoll-sharpeahayesl-1986-e475823a.wav,35.000000,10.000000,24000,1986,McCoy Tyner,McCoy Tyner
tynerm-satindoll-sharpeahayesl-1986-e475823a__00008,tynerm-satindoll-sharpeahayesl-1986-e475823a,Satin Doll,9,McCoy Tyner / McCoy Tyner,1,1,data/processed/jtd_group_cv_16/audio_24k_mono/tynerm-satindoll-sharpeahayesl-1986-e475823a.wav,40.000000,10.000000,24000,1986,McCoy Tyner,McCoy Tyner
tynerm-satindoll-sharpeahayesl-1986-e475823a__00009,tynerm-satindoll-sharpeahayesl-1986-e475823a,Satin Doll,9,McCoy Tyner / McCoy Tyner,1,1,data/processed/jtd_group_cv_16/audio_24k_mono/tynerm-satindoll-sharpeahayesl-1986-e475823a.wav,45.000000,10.000000,24000,1986,McCoy Tyner,McCoy Tyner
tynerm-satindoll-sharpeahayesl-1986-e475823a__00010,tynerm-satindoll-sharpeahayesl-1986-e475823a,Satin Doll,9,McCoy Tyner / McCoy Tyner,1,1,data/processed/jtd_group_cv_16/audio_24k_mono/tynerm-satindoll-sharpeahayesl-1986-e475823a.wav,50.000000,10.000000,24000,1986,McCoy Tyner,McCoy Tyner
tynerm-satindoll-sharpeahayesl-1986-e475823a__00011,tynerm-satindoll-sharpeahayesl-1986-e475823a,Satin Doll,9,McCoy Tyner / McCoy Tyner,1,1,data/processed/jtd_group_cv_16/audio_24k_mono/tynerm-satindoll-sharpeahayesl-1986-e475823a.wav,55.000000,10.000000,24000,1986,McCoy Tyner,McCoy Tyner
tynerm-satindoll-sharpeahayesl-1986-e475823a__00012,tynerm-satindoll-sharpeahayesl-1986-e475823a,Satin Doll,9,McCoy Tyner / McCoy Tyner,1,1,data/processed/jtd_group_cv_16/audio_24k_mono/tynerm-satindoll-sharpeahayesl-1986-e475823a.wav,60.000000,10.000000,24000,1986,McCoy Tyner,McCoy Tyner
tynerm-satindoll-sharpeahayesl-1986-e475823a__00013,tynerm-satindoll-sharpeahayesl-1986-e475823a,Satin Doll,9,McCoy Tyner / McCoy Tyner,1,1,data/processed/jtd_group_cv_16/audio_24k_mono/tynerm-satindoll-sharpeahayesl-1986-e475823a.wav,65.000000,10.000000,24000,1986,McCoy Tyner,McCoy Tyner
tynerm-satindoll-sharpeahayesl-1986-e475823a__00014,tynerm-satindoll-sharpeahayesl-1986-e475823a,Satin Doll,9,McCoy Tyner / McCoy Tyner,1,1,data/processed/jtd_group_cv_16/audio_24k_mono/tynerm-satindoll-sharpeahayesl-1986-e475823a.wav,70.000000,10.000000,24000,1986,McCoy Tyner,McCoy Tyner
tynerm-satindoll-sharpeahayesl-1986-e475823a__00015,tynerm-satindoll-sharpeahayesl-1986-e475823a,Satin Doll,9,McCoy Tyner / McCoy Tyner,1,1,data/processed/jtd_group_cv_16/audio_24k_mono/tynerm-satindoll-sharpeahayesl-1986-e475823a.wav,75.000000,10.000000,24000,1986,McCoy Tyner,McCoy Tyner
tynerm-satindoll-sharpeahayesl-1986-e475823a__00016,tynerm-satindoll-sharpeahayesl-1986-e475823a,Satin Doll,9,McCoy Tyner / McCoy Tyner,1,1,data/processed/jtd_group_cv_16/audio_24k_mono/tynerm-satindoll-sharpeahayesl-1986-e475823a.wav,80.000000,10.000000,24000,1986,McCoy Tyner,McCoy Tyner
tynerm-satindoll-sharpeahayesl-1986-e475823a__00017,tynerm-satindoll-sharpeahayesl-1986-e475823a,Satin Doll,9,McCoy Tyner / McCoy Tyner,1,1,data/processed/jtd_group_cv_16/audio_24k_mono/tynerm-satindoll-sharpeahayesl-1986-e475823a.wav,85.000000,10.000000,24000,1986,McCoy Tyner,McCoy Tyner
tynerm-satindoll-sharpeahayesl-1986-e475823a__00018,tynerm-satindoll-sharpeahayesl-1986-e475823a,Satin Doll,9,McCoy Tyner / McCoy Tyner,1,1,data/processed/jtd_group_cv_16/audio_24k_mono/tynerm-satindoll-sharpeahayesl-1986-e475823a.wav,90.000000,10.000000,24000,1986,McCoy Tyner,McCoy Tyner
tynerm-satindoll-sharpeahayesl-1986-e475823a__00019,tynerm-satindoll-sharpeahayesl-1986-e475823a,Satin Doll,9,McCoy Tyner / McCoy Tyner,1,1,data/processed/jtd_group_cv_16/audio_24k_mono/tynerm-satindoll-sharpeahayesl-1986-e475823a.wav,95.000000,10.000000,24000,1986,McCoy Tyner,McCoy Tyner
tynerm-satindoll-sharpeahayesl-1986-e475823a__00020,tynerm-satindoll-sharpeahayesl-1986-e475823a,Satin Doll,9,McCoy Tyner / McCoy Tyner,1,1,data/processed/jtd_group_cv_16/audio_24k_mono/tynerm-satindoll-sharpeahayesl-1986-e475823a.wav,100.000000,10.000000,24000,1986,McCoy Tyner,McCoy Tyner
tynerm-satindoll-sharpeahayesl-1986-e475823a__00021,tynerm-satindoll-sharpeahayesl-1986-e475823a,Satin Doll,9,McCoy Tyner / McCoy Tyner,1,1,data/processed/jtd_group_cv_16/audio_24k_mono/tynerm-satindoll-sharpeahayesl-1986-e475823a.wav,105.000000,10.000000,24000,1986,McCoy Tyner,McCoy Tyner
tynerm-satindoll-sharpeahayesl-1986-e475823a__00022,tynerm-satindoll-sharpeahayesl-1986-e475823a,Satin Doll,9,McCoy Tyner / McCoy Tyner,1,1,data/processed/jtd_group_cv_16/audio_24k_mono/tynerm-satindoll-sharpeahayesl-1986-e475823a.wav,110.000000,10.000000,24000,1986,McCoy Tyner,McCoy Tyner
tynerm-satindoll-sharpeahayesl-1986-e475823a__00023,tynerm-satindoll-sharpeahayesl-1986-e475823a,Satin Doll,9,McCoy Tyner / McCoy Tyner,1,1,data/processed/jtd_group_cv_16/audio_24k_mono/tynerm-satindoll-sharpeahayesl-1986-e475823a.wav,115.000000,10.000000,24000,1986,McCoy Tyner,McCoy Tyner
tynerm-satindoll-sharpeahayesl-1986-e475823a__00024,tynerm-satindoll-sharpeahayesl-1986-e475823a,Satin Doll,9,McCoy Tyner / McCoy Tyner,1,1,data/processed/jtd_group_cv_16/audio_24k_mono/tynerm-satindoll-sharpeahayesl-1986-e475823a.wav,120.000000,10.000000,24000,1986,McCoy Tyner,McCoy Tyner
tynerm-satindoll-sharpeahayesl-1986-e475823a__00025,tynerm-satindoll-sharpeahayesl-1986-e475823a,Satin Doll,9,McCoy Tyner / McCoy Tyner,1,1,data/processed/jtd_group_cv_16/audio_24k_mono/tynerm-satindoll-sharpeahayesl-1986-e475823a.wav,125.000000,10.000000,24000,1986,McCoy Tyner,McCoy Tyner
tynerm-satindoll-sharpeahayesl-1986-e475823a__00026,tynerm-satindoll-sharpeahayesl-1986-e475823a,Satin Doll,9,McCoy Tyner / McCoy Tyner,1,1,data/processed/jtd_group_cv_16/audio_24k_mono/tynerm-satindoll-sharpeahayesl-1986-e475823a.wav,130.000000,10.000000,24000,1986,McCoy Tyner,McCoy Tyner
tynerm-satindoll-sharpeahayesl-1986-e475823a__00027,tynerm-satindoll-sharpeahayesl-1986-e475823a,Satin Doll,9,McCoy Tyner / McCoy Tyner,1,1,data/processed/jtd_group_cv_16/audio_24k_mono/tynerm-satindoll-sharpeahayesl-1986-e475823a.wav,135.000000,10.000000,24000,1986,McCoy Tyner,McCoy Tyner
tynerm-satindoll-sharpeahayesl-1986-e475823a__00028,tynerm-satindoll-sharpeahayesl-1986-e475823a,Satin Doll,9,McCoy Tyner / McCoy Tyner,1,1,data/processed/jtd_group_cv_16/audio_24k_mono/tynerm-satindoll-sharpeahayesl-1986-e475823a.wav,140.000000,10.000000,24000,1986,McCoy Tyner,McCoy Tyner
tynerm-satindoll-sharpeahayesl-1986-e475823a__00029,tynerm-satindoll-sharpeahayesl-1986-e475823a,Satin Doll,9,McCoy Tyner / McCoy Tyner,1,1,data/processed/jtd_group_cv_16/audio_24k_mono/tynerm-satindoll-sharpeahayesl-1986-e475823a.wav,145.000000,10.000000,24000,1986,McCoy Tyner,McCoy Tyner
tynerm-satindoll-sharpeahayesl-1986-e475823a__00030,tynerm-satindoll-sharpeahayesl-1986-e475823a,Satin Doll,9,McCoy Tyner / McCoy Tyner,1,1,data/processed/jtd_group_cv_16/audio_24k_mono/tynerm-satindoll-sharpeahayesl-1986-e475823a.wav,150.000000,10.000000,24000,1986,McCoy Tyner,McCoy Tyner
tynerm-satindoll-sharpeahayesl-1986-e475823a__00031,tynerm-satindoll-sharpeahayesl-1986-e475823a,Satin Doll,9,McCoy Tyner / McCoy Tyner,1,1,data/processed/jtd_group_cv_16/audio_24k_mono/tynerm-satindoll-sharpeahayesl-1986-e475823a.wav,155.000000,10.000000,24000,1986,McCoy Tyner,McCoy Tyner
tynerm-satindoll-sharpeahayesl-1986-e475823a__00032,tynerm-satindoll-sharpeahayesl-1986-e475823a,Satin Doll,9,McCoy Tyner / McCoy Tyner,1,1,data/processed/jtd_group_cv_16/audio_24k_mono/tynerm-satindoll-sharpeahayesl-1986-e475823a.wav,160.000000,10.000000,24000,1986,McCoy Tyner,McCoy Tyner
tynerm-satindoll-sharpeahayesl-1986-e475823a__00033,tynerm-satindoll-sharpeahayesl-1986-e475823a,Satin Doll,9,McCoy Tyner / McCoy Tyner,1,1,data/processed/jtd_group_cv_16/audio_24k_mono/tynerm-satindoll-sharpeahayesl-1986-e475823a.wav,165.000000,10.000000,24000,1986,McCoy Tyner,McCoy Tyner
tynerm-satindoll-sharpeahayesl-1986-e475823a__00034,tynerm-satindoll-sharpeahayesl-1986-e475823a,Satin Doll,9,McCoy Tyner / McCoy Tyner,1,1,data/processed/jtd_group_cv_16/audio_24k_mono/tynerm-satindoll-sharpeahayesl-1986-e475823a.wav,170.000000,10.000000,24000,1986,McCoy Tyner,McCoy Tyner
tynerm-satindoll-sharpeahayesl-1986-e475823a__00035,tynerm-satindoll-sharpeahayesl-1986-e475823a,Satin Doll,9,McCoy Tyner / McCoy Tyner,1,1,data/processed/jtd_group_cv_16/audio_24k_mono/tynerm-satindoll-sharpeahayesl-1986-e475823a.wav,175.000000,10.000000,24000,1986,McCoy Tyner,McCoy Tyner
tynerm-satindoll-sharpeahayesl-1986-e475823a__00036,tynerm-satindoll-sharpeahayesl-1986-e475823a,Satin Doll,9,McCoy Tyner / McCoy Tyner,1,1,data/processed/jtd_group_cv_16/audio_24k_mono/tynerm-satindoll-sharpeahayesl-1986-e475823a.wav,180.000000,10.000000,24000,1986,McCoy Tyner,McCoy Tyner
tynerm-satindoll-sharpeahayesl-1986-e475823a__00037,tynerm-satindoll-sharpeahayesl-1986-e475823a,Satin Doll,9,McCoy Tyner / McCoy Tyner,1,1,data/processed/jtd_group_cv_16/audio_24k_mono/tynerm-satindoll-sharpeahayesl-1986-e475823a.wav,185.000000,10.000000,24000,1986,McCoy Tyner,McCoy Tyner
tynerm-satindoll-sharpeahayesl-1986-e475823a__00038,tynerm-satindoll-sharpeahayesl-1986-e475823a,Satin Doll,9,McCoy Tyner / McCoy Tyner,1,1,data/processed/jtd_group_cv_16/audio_24k_mono/tynerm-satindoll-sharpeahayesl-1986-e475823a.wav,190.000000,10.000000,24000,1986,McCoy Tyner,McCoy Tyner
tynerm-satindoll-sharpeahayesl-1986-e475823a__00039,tynerm-satindoll-sharpeahayesl-1986-e475823a,Satin Doll,9,McCoy Tyner / McCoy Tyner,1,1,data/processed/jtd_group_cv_16/audio_24k_mono/tynerm-satindoll-sharpeahayesl-1986-e475823a.wav,195.000000,10.000000,24000,1986,McCoy Tyner,McCoy Tyner
tynerm-satindoll-sharpeahayesl-1986-e475823a__00040,tynerm-satindoll-sharpeahayesl-1986-e475823a,Satin Doll,9,McCoy Tyner / McCoy Tyner,1,1,data/processed/jtd_group_cv_16/audio_24k_mono/tynerm-satindoll-sharpeahayesl-1986-e475823a.wav,200.000000,10.000000,24000,1986,McCoy Tyner,McCoy Tyner
tynerm-satindoll-sharpeahayesl-1986-e475823a__00041,tynerm-satindoll-sharpeahayesl-1986-e475823a,Satin Doll,9,McCoy Tyner / McCoy Tyner,1,1,data/processed/jtd_group_cv_16/audio_24k_mono/tynerm-satindoll-sharpeahayesl-1986-e475823a.wav,205.000000,10.000000,24000,1986,McCoy Tyner,McCoy Tyner
tynerm-satindoll-sharpeahayesl-1986-e475823a__00042,tynerm-satindoll-sharpeahayesl-1986-e475823a,Satin Doll,9,McCoy Tyner / McCoy Tyner,1,1,data/processed/jtd_group_cv_16/audio_24k_mono/tynerm-satindoll-sharpeahayesl-1986-e475823a.wav,210.000000,10.000000,24000,1986,McCoy Tyner,McCoy Tyner
tynerm-satindoll-sharpeahayesl-1986-e475823a__00043,tynerm-satindoll-sharpeahayesl-1986-e475823a,Satin Doll,9,McCoy Tyner / McCoy Tyner,1,1,data/processed/jtd_group_cv_16/audio_24k_mono/tynerm-satindoll-sharpeahayesl-1986-e475823a.wav,215.000000,10.000000,24000,1986,McCoy Tyner,McCoy Tyner
tynerm-satindoll-sharpeahayesl-1986-e475823a__00044,tynerm-satindoll-sharpeahayesl-1986-e475823a,Satin Doll,9,McCoy Tyner / McCoy Tyner,1,1,data/processed/jtd_group_cv_16/audio_24k_mono/tynerm-satindoll-sharpeahayesl-1986-e475823a.wav,220.000000,10.000000,24000,1986,McCoy Tyner,McCoy Tyner
tynerm-satindoll-sharpeahayesl-1986-e475823a__00045,tynerm-satindoll-sharpeahayesl-1986-e475823a,Satin Doll,9,McCoy Tyner / McCoy Tyner,1,1,data/processed/jtd_group_cv_16/audio_24k_mono/tynerm-satindoll-sharpeahayesl-1986-e475823a.wav,225.000000,10.000000,24000,1986,McCoy Tyner,McCoy Tyner
petersono-satindoll-brownrthigpene-1964-f07c7707__00000,petersono-satindoll-brownrthigpene-1964-f07c7707,Satin Doll,9,Oscar Peterson / Oscar Peterson,0,0,data/processed/jtd_group_cv_16/audio_24k_mono/petersono-satindoll-brownrthigpene-1964-f07c7707.wav,0.000000,10.000000,24000,1964,Oscar Peterson,Oscar Peterson
petersono-satindoll-brownrthigpene-1964-f07c7707__00001,petersono-satindoll-brownrthigpene-1964-f07c7707,Satin Doll,9,Oscar Peterson / Oscar Peterson,0,0,data/processed/jtd_group_cv_16/audio_24k_mono/petersono-satindoll-brownrthigpene-1964-f07c7707.wav,5.000000,10.000000,24000,1964,Oscar Peterson,Oscar Peterson
petersono-satindoll-brownrthigpene-1964-f07c7707__00002,petersono-satindoll-brownrthigpene-1964-f07c7707,Satin Doll,9,Oscar Peterson / Oscar Peterson,0,0,data/processed/jtd_group_cv_16/audio_24k_mono/petersono-satindoll-brownrthigpene-1964-f07c7707.wav,10.000000,10.000000,24000,1964,Oscar Peterson,Oscar Peterson
petersono-satindoll-brownrthigpene-1964-f07c7707__00003,petersono-satindoll-brownrthigpene-1964-f07c7707,Satin Doll,9,Oscar Peterson / Oscar Peterson,0,0,data/processed/jtd_group_cv_16/audio_24k_mono/petersono-satindoll-brownrthigpene-1964-f07c7707.wav,15.000000,10.000000,24000,1964,Oscar Peterson,Oscar Peterson
brownr-satindoll-samplejmannes-1975-32107f71__00000,brownr-satindoll-samplejmannes-1975-32107f71,Satin Doll,9,Ray Brown / Joe Sample,2,2,data/processed/jtd_group_cv_16/audio_24k_mono/brownr-satindoll-samplejmannes-1975-32107f71.wav,0.000000,10.000000,24000,1975,Ray Brown,Joe Sample
brownr-satindoll-samplejmannes-1975-32107f71__00001,brownr-satindoll-samplejmannes-1975-32107f71,Satin Doll,9,Ray Brown / Joe Sample,2,2,data/processed/jtd_group_cv_16/audio_24k_mono/brownr-satindoll-samplejmannes-1975-32107f71.wav,5.000000,10.000000,24000,1975,Ray Brown,Joe Sample
brownr-satindoll-samplejmannes-1975-32107f71__00002,brownr-satindoll-samplejmannes-1975-32107f71,Satin Doll,9,Ray Brown / Joe Sample,2,2,data/processed/jtd_group_cv_16/audio_24k_mono/brownr-satindoll-samplejmannes-1975-32107f71.wav,10.000000,10.000000,24000,1975,Ray Brown,Joe Sample
brownr-satindoll-samplejmannes-1975-32107f71__00003,brownr-satindoll-samplejmannes-1975-32107f71,Satin Doll,9,Ray Brown / Joe Sample,2,2,data/processed/jtd_group_cv_16/audio_24k_mono/brownr-satindoll-samplejmannes-1975-32107f71.wav,15.000000,10.000000,24000,1975,Ray Brown,Joe Sample
brownr-satindoll-samplejmannes-1975-32107f71__00004,brownr-satindoll-samplejmannes-1975-32107f71,Satin Doll,9,Ray Brown / Joe Sample,2,2,data/processed/jtd_group_cv_16/audio_24k_mono/brownr-satindoll-samplejmannes-1975-32107f71.wav,20.000000,10.000000,24000,1975,Ray Brown,Joe Sample
brownr-satindoll-samplejmannes-1975-32107f71__00005,brownr-satindoll-samplejmannes-1975-32107f71,Satin Doll,9,Ray Brown / Joe Sample,2,2,data/processed/jtd_group_cv_16/audio_24k_mono/brownr-satindoll-samplejmannes-1975-32107f71.wav,25.000000,10.000000,24000,1975,Ray Brown,Joe Sample
brownr-satindoll-samplejmannes-1975-32107f71__00006,brownr-satindoll-samplejmannes-1975-32107f71,Satin Doll,9,Ray Brown / Joe Sample,2,2,data/processed/jtd_group_cv_16/audio_24k_mono/brownr-satindoll-samplejmannes-1975-32107f71.wav,30.000000,10.000000,24000,1975,Ray Brown,Joe Sample
brownr-satindoll-samplejmannes-1975-32107f71__00007,brownr-satindoll-samplejmannes-1975-32107f71,Satin Doll,9,Ray Brown / Joe Sample,2,2,data/processed/jtd_group_cv_16/audio_24k_mono/brownr-satindoll-samplejmannes-1975-32107f71.wav,35.000000,10.000000,24000,1975,Ray Brown,Joe Sample
brownr-satindoll-samplejmannes-1975-32107f71__00008,brownr-satindoll-samplejmannes-1975-32107f71,Satin Doll,9,Ray Brown / Joe Sample,2,2,data/processed/jtd_group_cv_16/audio_24k_mono/brownr-satindoll-samplejmannes-1975-32107f71.wav,40.000000,10.000000,24000,1975,Ray Brown,Joe Sample
brownr-satindoll-samplejmannes-1975-32107f71__00009,brownr-satindoll-samplejmannes-1975-32107f71,Satin Doll,9,Ray Brown / Joe Sample,2,2,data/processed/jtd_group_cv_16/audio_24k_mono/brownr-satindoll-samplejmannes-1975-32107f71.wav,45.000000,10.000000,24000,1975,Ray Brown,Joe Sample
brownr-satindoll-samplejmannes-1975-32107f71__00010,brownr-satindoll-samplejmannes-1975-32107f71,Satin Doll,9,Ray Brown / Joe Sample,2,2,data/processed/jtd_group_cv_16/audio_24k_mono/brownr-satindoll-samplejmannes-1975-32107f71.wav,50.000000,10.000000,24000,1975,Ray Brown,Joe Sample
brownr-satindoll-samplejmannes-1975-32107f71__00011,brownr-satindoll-samplejmannes-1975-32107f71,Satin Doll,9,Ray Brown / Joe Sample,2,2,data/processed/jtd_group_cv_16/audio_24k_mono/brownr-satindoll-samplejmannes-1975-32107f71.wav,55.000000,10.000000,24000,1975,Ray Brown,Joe Sample
brownr-satindoll-samplejmannes-1975-32107f71__00012,brownr-satindoll-samplejmannes-1975-32107f71,Satin Doll,9,Ray Brown / Joe Sample,2,2,data/processed/jtd_group_cv_16/audio_24k_mono/brownr-satindoll-samplejmannes-1975-32107f71.wav,60.000000,10.000000,24000,1975,Ray Brown,Joe Sample
evansb-somedaymyprincewillcome-gomezemorellm-1972-f5c17cd1__00000,evansb-somedaymyprincewillcome-gomezemorellm-1972-f5c17cd1,Someday My Prince Will Come,10,Bill Evans / Bill Evans,3,3,data/processed/jtd_group_cv_16/audio_24k_mono/evansb-somedaymyprincewillcome-gomezemorellm-1972-f5c17cd1.wav,0.000000,10.000000,24000,1972,Bill Evans,Bill Evans
evansb-somedaymyprincewillcome-gomezemorellm-1972-f5c17cd1__00001,evansb-somedaymyprincewillcome-gomezemorellm-1972-f5c17cd1,Someday My Prince Will Come,10,Bill Evans / Bill Evans,3,3,data/processed/jtd_group_cv_16/audio_24k_mono/evansb-somedaymyprincewillcome-gomezemorellm-1972-f5c17cd1.wav,5.000000,10.000000,24000,1972,Bill Evans,Bill Evans
evansb-somedaymyprincewillcome-gomezemorellm-1972-f5c17cd1__00002,evansb-somedaymyprincewillcome-gomezemorellm-1972-f5c17cd1,Someday My Prince Will Come,10,Bill Evans / Bill Evans,3,3,data/processed/jtd_group_cv_16/audio_24k_mono/evansb-somedaymyprincewillcome-gomezemorellm-1972-f5c17cd1.wav,10.000000,10.000000,24000,1972,Bill Evans,Bill Evans
evansb-somedaymyprincewillcome-gomezemorellm-1972-f5c17cd1__00003,evansb-somedaymyprincewillcome-gomezemorellm-1972-f5c17cd1,Someday My Prince Will Come,10,Bill Evans / Bill Evans,3,3,data/processed/jtd_group_cv_16/audio_24k_mono/evansb-somedaymyprincewillcome-gomezemorellm-1972-f5c17cd1.wav,15.000000,10.000000,24000,1972,Bill Evans,Bill Evans
evansb-somedaymyprincewillcome-gomezemorellm-1972-f5c17cd1__00004,evansb-somedaymyprincewillcome-gomezemorellm-1972-f5c17cd1,Someday My Prince Will Come,10,Bill Evans / Bill Evans,3,3,data/processed/jtd_group_cv_16/audio_24k_mono/evansb-somedaymyprincewillcome-gomezemorellm-1972-f5c17cd1.wav,20.000000,10.000000,24000,1972,Bill Evans,Bill Evans
evansb-somedaymyprincewillcome-gomezemorellm-1972-f5c17cd1__00005,evansb-somedaymyprincewillcome-gomezemorellm-1972-f5c17cd1,Someday My Prince Will Come,10,Bill Evans / Bill Evans,3,3,data/processed/jtd_group_cv_16/audio_24k_mono/evansb-somedaymyprincewillcome-gomezemorellm-1972-f5c17cd1.wav,25.000000,10.000000,24000,1972,Bill Evans,Bill Evans
evansb-somedaymyprincewillcome-gomezemorellm-1972-f5c17cd1__00006,evansb-somedaymyprincewillcome-gomezemorellm-1972-f5c17cd1,Someday My Prince Will Come,10,Bill Evans / Bill Evans,3,3,data/processed/jtd_group_cv_16/audio_24k_mono/evansb-somedaymyprincewillcome-gomezemorellm-1972-f5c17cd1.wav,30.000000,10.000000,24000,1972,Bill Evans,Bill Evans
evansb-somedaymyprincewillcome-gomezemorellm-1972-f5c17cd1__00007,evansb-somedaymyprincewillcome-gomezemorellm-1972-f5c17cd1,Someday My Prince Will Come,10,Bill Evans / Bill Evans,3,3,data/processed/jtd_group_cv_16/audio_24k_mono/evansb-somedaymyprincewillcome-gomezemorellm-1972-f5c17cd1.wav,35.000000,10.000000,24000,1972,Bill Evans,Bill Evans
evansb-somedaymyprincewillcome-gomezemorellm-1972-f5c17cd1__00008,evansb-somedaymyprincewillcome-gomezemorellm-1972-f5c17cd1,Someday My Prince Will Come,10,Bill Evans / Bill Evans,3,3,data/processed/jtd_group_cv_16/audio_24k_mono/evansb-somedaymyprincewillcome-gomezemorellm-1972-f5c17cd1.wav,40.000000,10.000000,24000,1972,Bill Evans,Bill Evans
evansb-somedaymyprincewillcome-gomezemorellm-1972-f5c17cd1__00009,evansb-somedaymyprincewillcome-gomezemorellm-1972-f5c17cd1,Someday My Prince Will Come,10,Bill Evans / Bill Evans,3,3,data/processed/jtd_group_cv_16/audio_24k_mono/evansb-somedaymyprincewillcome-gomezemorellm-1972-f5c17cd1.wav,45.000000,10.000000,24000,1972,Bill Evans,Bill Evans
coreac-somedaymyprincewillcome-patituccijweckld-1989-2fea2bf0__00000,coreac-somedaymyprincewillcome-patituccijweckld-1989-2fea2bf0,Someday My Prince Will Come,10,Chick Corea / Chick Corea,0,0,data/processed/jtd_group_cv_16/audio_24k_mono/coreac-somedaymyprincewillcome-patituccijweckld-1989-2fea2bf0.wav,0.000000,10.000000,24000,1989,Chick Corea,Chick Corea
coreac-somedaymyprincewillcome-patituccijweckld-1989-2fea2bf0__00001,coreac-somedaymyprincewillcome-patituccijweckld-1989-2fea2bf0,Someday My Prince Will Come,10,Chick Corea / Chick Corea,0,0,data/processed/jtd_group_cv_16/audio_24k_mono/coreac-somedaymyprincewillcome-patituccijweckld-1989-2fea2bf0.wav,5.000000,10.000000,24000,1989,Chick Corea,Chick Corea
coreac-somedaymyprincewillcome-patituccijweckld-1989-2fea2bf0__00002,coreac-somedaymyprincewillcome-patituccijweckld-1989-2fea2bf0,Someday My Prince Will Come,10,Chick Corea / Chick Corea,0,0,data/processed/jtd_group_cv_16/audio_24k_mono/coreac-somedaymyprincewillcome-patituccijweckld-1989-2fea2bf0.wav,10.000000,10.000000,24000,1989,Chick Corea,Chick Corea
coreac-somedaymyprincewillcome-patituccijweckld-1989-2fea2bf0__00003,coreac-somedaymyprincewillcome-patituccijweckld-1989-2fea2bf0,Someday My Prince Will Come,10,Chick Corea / Chick Corea,0,0,data/processed/jtd_group_cv_16/audio_24k_mono/coreac-somedaymyprincewillcome-patituccijweckld-1989-2fea2bf0.wav,15.000000,10.000000,24000,1989,Chick Corea,Chick Corea
coreac-somedaymyprincewillcome-patituccijweckld-1989-2fea2bf0__00004,coreac-somedaymyprincewillcome-patituccijweckld-1989-2fea2bf0,Someday My Prince Will Come,10,Chick Corea / Chick Corea,0,0,data/processed/jtd_group_cv_16/audio_24k_mono/coreac-somedaymyprincewillcome-patituccijweckld-1989-2fea2bf0.wav,20.000000,10.000000,24000,1989,Chick Corea,Chick Corea
coreac-somedaymyprincewillcome-patituccijweckld-1989-2fea2bf0__00005,coreac-somedaymyprincewillcome-patituccijweckld-1989-2fea2bf0,Someday My Prince Will Come,10,Chick Corea / Chick Corea,0,0,data/processed/jtd_group_cv_16/audio_24k_mono/coreac-somedaymyprincewillcome-patituccijweckld-1989-2fea2bf0.wav,25.000000,10.000000,24000,1989,Chick Corea,Chick Corea
coreac-somedaymyprincewillcome-patituccijweckld-1989-2fea2bf0__00006,coreac-somedaymyprincewillcome-patituccijweckld-1989-2fea2bf0,Someday My Prince Will Come,10,Chick Corea / Chick Corea,0,0,data/processed/jtd_group_cv_16/audio_24k_mono/coreac-somedaymyprincewillcome-patituccijweckld-1989-2fea2bf0.wav,30.000000,10.000000,24000,1989,Chick Corea,Chick Corea
coreac-somedaymyprincewillcome-patituccijweckld-1989-2fea2bf0__00007,coreac-somedaymyprincewillcome-patituccijweckld-1989-2fea2bf0,Someday My Prince Will Come,10,Chick Corea / Chick Corea,0,0,data/processed/jtd_group_cv_16/audio_24k_mono/coreac-somedaymyprincewillcome-patituccijweckld-1989-2fea2bf0.wav,35.000000,10.000000,24000,1989,Chick Corea,Chick Corea
coreac-somedaymyprincewillcome-patituccijweckld-1989-2fea2bf0__00008,coreac-somedaymyprincewillcome-patituccijweckld-1989-2fea2bf0,Someday My Prince Will Come,10,Chick Corea / Chick Corea,0,0,data/processed/jtd_group_cv_16/audio_24k_mono/coreac-somedaymyprincewillcome-patituccijweckld-1989-2fea2bf0.wav,40.000000,10.000000,24000,1989,Chick Corea,Chick Corea
coreac-somedaymyprincewillcome-patituccijweckld-1989-2fea2bf0__00009,coreac-somedaymyprincewillcome-patituccijweckld-1989-2fea2bf0,Someday My Prince Will Come,10,Chick Corea / Chick Corea,0,0,data/processed/jtd_group_cv_16/audio_24k_mono/coreac-somedaymyprincewillcome-patituccijweckld-1989-2fea2bf0.wav,45.000000,10.000000,24000,1989,Chick Corea,Chick Corea
coreac-somedaymyprincewillcome-patituccijweckld-1989-2fea2bf0__00010,coreac-somedaymyprincewillcome-patituccijweckld-1989-2fea2bf0,Someday My Prince Will Come,10,Chick Corea / Chick Corea,0,0,data/processed/jtd_group_cv_16/audio_24k_mono/coreac-somedaymyprincewillcome-patituccijweckld-1989-2fea2bf0.wav,50.000000,10.000000,24000,1989,Chick Corea,Chick Corea
jarrettk-somedaymyprincewillcome-peacockgdejohnettej-2001-36644b74__00000,jarrettk-somedaymyprincewillcome-peacockgdejohnettej-2001-36644b74,Someday My Prince Will Come,10,Keith Jarrett / Keith Jarrett,2,2,data/processed/jtd_group_cv_16/audio_24k_mono/jarrettk-somedaymyprincewillcome-peacockgdejohnettej-2001-36644b74.wav,0.000000,10.000000,24000,2001,Keith Jarrett,Keith Jarrett
jarrettk-somedaymyprincewillcome-peacockgdejohnettej-2001-36644b74__00001,jarrettk-somedaymyprincewillcome-peacockgdejohnettej-2001-36644b74,Someday My Prince Will Come,10,Keith Jarrett / Keith Jarrett,2,2,data/processed/jtd_group_cv_16/audio_24k_mono/jarrettk-somedaymyprincewillcome-peacockgdejohnettej-2001-36644b74.wav,5.000000,10.000000,24000,2001,Keith Jarrett,Keith Jarrett
jarrettk-somedaymyprincewillcome-peacockgdejohnettej-2001-36644b74__00002,jarrettk-somedaymyprincewillcome-peacockgdejohnettej-2001-36644b74,Someday My Prince Will Come,10,Keith Jarrett / Keith Jarrett,2,2,data/processed/jtd_group_cv_16/audio_24k_mono/jarrettk-somedaymyprincewillcome-peacockgdejohnettej-2001-36644b74.wav,10.000000,10.000000,24000,2001,Keith Jarrett,Keith Jarrett
jarrettk-somedaymyprincewillcome-peacockgdejohnettej-2001-36644b74__00003,jarrettk-somedaymyprincewillcome-peacockgdejohnettej-2001-36644b74,Someday My Prince Will Come,10,Keith Jarrett / Keith Jarrett,2,2,data/processed/jtd_group_cv_16/audio_24k_mono/jarrettk-somedaymyprincewillcome-peacockgdejohnettej-2001-36644b74.wav,15.000000,10.000000,24000,2001,Keith Jarrett,Keith Jarrett
jarrettk-somedaymyprincewillcome-peacockgdejohnettej-2001-36644b74__00004,jarrettk-somedaymyprincewillcome-peacockgdejohnettej-2001-36644b74,Someday My Prince Will Come,10,Keith Jarrett / Keith Jarrett,2,2,data/processed/jtd_group_cv_16/audio_24k_mono/jarrettk-somedaymyprincewillcome-peacockgdejohnettej-2001-36644b74.wav,20.000000,10.000000,24000,2001,Keith Jarrett,Keith Jarrett
jarrettk-somedaymyprincewillcome-peacockgdejohnettej-2001-36644b74__00005,jarrettk-somedaymyprincewillcome-peacockgdejohnettej-2001-36644b74,Someday My Prince Will Come,10,Keith Jarrett / Keith Jarrett,2,2,data/processed/jtd_group_cv_16/audio_24k_mono/jarrettk-somedaymyprincewillcome-peacockgdejohnettej-2001-36644b74.wav,25.000000,10.000000,24000,2001,Keith Jarrett,Keith Jarrett
jarrettk-somedaymyprincewillcome-peacockgdejohnettej-2001-36644b74__00006,jarrettk-somedaymyprincewillcome-peacockgdejohnettej-2001-36644b74,Someday My Prince Will Come,10,Keith Jarrett / Keith Jarrett,2,2,data/processed/jtd_group_cv_16/audio_24k_mono/jarrettk-somedaymyprincewillcome-peacockgdejohnettej-2001-36644b74.wav,30.000000,10.000000,24000,2001,Keith Jarrett,Keith Jarrett
jarrettk-somedaymyprincewillcome-peacockgdejohnettej-2001-36644b74__00007,jarrettk-somedaymyprincewillcome-peacockgdejohnettej-2001-36644b74,Someday My Prince Will Come,10,Keith Jarrett / Keith Jarrett,2,2,data/processed/jtd_group_cv_16/audio_24k_mono/jarrettk-somedaymyprincewillcome-peacockgdejohnettej-2001-36644b74.wav,35.000000,10.000000,24000,2001,Keith Jarrett,Keith Jarrett
jarrettk-somedaymyprincewillcome-peacockgdejohnettej-2001-36644b74__00008,jarrettk-somedaymyprincewillcome-peacockgdejohnettej-2001-36644b74,Someday My Prince Will Come,10,Keith Jarrett / Keith Jarrett,2,2,data/processed/jtd_group_cv_16/audio_24k_mono/jarrettk-somedaymyprincewillcome-peacockgdejohnettej-2001-36644b74.wav,40.000000,10.000000,24000,2001,Keith Jarrett,Keith Jarrett
jarrettk-somedaymyprincewillcome-peacockgdejohnettej-2001-36644b74__00009,jarrettk-somedaymyprincewillcome-peacockgdejohnettej-2001-36644b74,Someday My Prince Will Come,10,Keith Jarrett / Keith Jarrett,2,2,data/processed/jtd_group_cv_16/audio_24k_mono/jarrettk-somedaymyprincewillcome-peacockgdejohnettej-2001-36644b74.wav,45.000000,10.000000,24000,2001,Keith Jarrett,Keith Jarrett
jarrettk-somedaymyprincewillcome-peacockgdejohnettej-2001-36644b74__00010,jarrettk-somedaymyprincewillcome-peacockgdejohnettej-2001-36644b74,Someday My Prince Will Come,10,Keith Jarrett / Keith Jarrett,2,2,data/processed/jtd_group_cv_16/audio_24k_mono/jarrettk-somedaymyprincewillcome-peacockgdejohnettej-2001-36644b74.wav,50.000000,10.000000,24000,2001,Keith Jarrett,Keith Jarrett
jarrettk-somedaymyprincewillcome-peacockgdejohnettej-2001-36644b74__00011,jarrettk-somedaymyprincewillcome-peacockgdejohnettej-2001-36644b74,Someday My Prince Will Come,10,Keith Jarrett / Keith Jarrett,2,2,data/processed/jtd_group_cv_16/audio_24k_mono/jarrettk-somedaymyprincewillcome-peacockgdejohnettej-2001-36644b74.wav,55.000000,10.000000,24000,2001,Keith Jarrett,Keith Jarrett
jarrettk-somedaymyprincewillcome-peacockgdejohnettej-2001-36644b74__00012,jarrettk-somedaymyprincewillcome-peacockgdejohnettej-2001-36644b74,Someday My Prince Will Come,10,Keith Jarrett / Keith Jarrett,2,2,data/processed/jtd_group_cv_16/audio_24k_mono/jarrettk-somedaymyprincewillcome-peacockgdejohnettej-2001-36644b74.wav,60.000000,10.000000,24000,2001,Keith Jarrett,Keith Jarrett
jarrettk-somedaymyprincewillcome-peacockgdejohnettej-2001-36644b74__00013,jarrettk-somedaymyprincewillcome-peacockgdejohnettej-2001-36644b74,Someday My Prince Will Come,10,Keith Jarrett / Keith Jarrett,2,2,data/processed/jtd_group_cv_16/audio_24k_mono/jarrettk-somedaymyprincewillcome-peacockgdejohnettej-2001-36644b74.wav,65.000000,10.000000,24000,2001,Keith Jarrett,Keith Jarrett
jarrettk-somedaymyprincewillcome-peacockgdejohnettej-2001-36644b74__00014,jarrettk-somedaymyprincewillcome-peacockgdejohnettej-2001-36644b74,Someday My Prince Will Come,10,Keith Jarrett / Keith Jarrett,2,2,data/processed/jtd_group_cv_16/audio_24k_mono/jarrettk-somedaymyprincewillcome-peacockgdejohnettej-2001-36644b74.wav,70.000000,10.000000,24000,2001,Keith Jarrett,Keith Jarrett
jarrettk-somedaymyprincewillcome-peacockgdejohnettej-2001-36644b74__00015,jarrettk-somedaymyprincewillcome-peacockgdejohnettej-2001-36644b74,Someday My Prince Will Come,10,Keith Jarrett / Keith Jarrett,2,2,data/processed/jtd_group_cv_16/audio_24k_mono/jarrettk-somedaymyprincewillcome-peacockgdejohnettej-2001-36644b74.wav,75.000000,10.000000,24000,2001,Keith Jarrett,Keith Jarrett
jarrettk-somedaymyprincewillcome-peacockgdejohnettej-2001-36644b74__00016,jarrettk-somedaymyprincewillcome-peacockgdejohnettej-2001-36644b74,Someday My Prince Will Come,10,Keith Jarrett / Keith Jarrett,2,2,data/processed/jtd_group_cv_16/audio_24k_mono/jarrettk-somedaymyprincewillcome-peacockgdejohnettej-2001-36644b74.wav,80.000000,10.000000,24000,2001,Keith Jarrett,Keith Jarrett
jarrettk-somedaymyprincewillcome-peacockgdejohnettej-2001-36644b74__00017,jarrettk-somedaymyprincewillcome-peacockgdejohnettej-2001-36644b74,Someday My Prince Will Come,10,Keith Jarrett / Keith Jarrett,2,2,data/processed/jtd_group_cv_16/audio_24k_mono/jarrettk-somedaymyprincewillcome-peacockgdejohnettej-2001-36644b74.wav,85.000000,10.000000,24000,2001,Keith Jarrett,Keith Jarrett
jarrettk-somedaymyprincewillcome-peacockgdejohnettej-2001-36644b74__00018,jarrettk-somedaymyprincewillcome-peacockgdejohnettej-2001-36644b74,Someday My Prince Will Come,10,Keith Jarrett / Keith Jarrett,2,2,data/processed/jtd_group_cv_16/audio_24k_mono/jarrettk-somedaymyprincewillcome-peacockgdejohnettej-2001-36644b74.wav,90.000000,10.000000,24000,2001,Keith Jarrett,Keith Jarrett
jarrettk-somedaymyprincewillcome-peacockgdejohnettej-2001-36644b74__00019,jarrettk-somedaymyprincewillcome-peacockgdejohnettej-2001-36644b74,Someday My Prince Will Come,10,Keith Jarrett / Keith Jarrett,2,2,data/processed/jtd_group_cv_16/audio_24k_mono/jarrettk-somedaymyprincewillcome-peacockgdejohnettej-2001-36644b74.wav,95.000000,10.000000,24000,2001,Keith Jarrett,Keith Jarrett
jarrettk-somedaymyprincewillcome-peacockgdejohnettej-2001-36644b74__00020,jarrettk-somedaymyprincewillcome-peacockgdejohnettej-2001-36644b74,Someday My Prince Will Come,10,Keith Jarrett / Keith Jarrett,2,2,data/processed/jtd_group_cv_16/audio_24k_mono/jarrettk-somedaymyprincewillcome-peacockgdejohnettej-2001-36644b74.wav,100.000000,10.000000,24000,2001,Keith Jarrett,Keith Jarrett
jarrettk-somedaymyprincewillcome-peacockgdejohnettej-2001-36644b74__00021,jarrettk-somedaymyprincewillcome-peacockgdejohnettej-2001-36644b74,Someday My Prince Will Come,10,Keith Jarrett / Keith Jarrett,2,2,data/processed/jtd_group_cv_16/audio_24k_mono/jarrettk-somedaymyprincewillcome-peacockgdejohnettej-2001-36644b74.wav,105.000000,10.000000,24000,2001,Keith Jarrett,Keith Jarrett
jarrettk-somedaymyprincewillcome-peacockgdejohnettej-2001-36644b74__00022,jarrettk-somedaymyprincewillcome-peacockgdejohnettej-2001-36644b74,Someday My Prince Will Come,10,Keith Jarrett / Keith Jarrett,2,2,data/processed/jtd_group_cv_16/audio_24k_mono/jarrettk-somedaymyprincewillcome-peacockgdejohnettej-2001-36644b74.wav,110.000000,10.000000,24000,2001,Keith Jarrett,Keith Jarrett
jarrettk-somedaymyprincewillcome-peacockgdejohnettej-2001-36644b74__00023,jarrettk-somedaymyprincewillcome-peacockgdejohnettej-2001-36644b74,Someday My Prince Will Come,10,Keith Jarrett / Keith Jarrett,2,2,data/processed/jtd_group_cv_16/audio_24k_mono/jarrettk-somedaymyprincewillcome-peacockgdejohnettej-2001-36644b74.wav,115.000000,10.000000,24000,2001,Keith Jarrett,Keith Jarrett
jarrettk-somedaymyprincewillcome-peacockgdejohnettej-2001-36644b74__00024,jarrettk-somedaymyprincewillcome-peacockgdejohnettej-2001-36644b74,Someday My Prince Will Come,10,Keith Jarrett / Keith Jarrett,2,2,data/processed/jtd_group_cv_16/audio_24k_mono/jarrettk-somedaymyprincewillcome-peacockgdejohnettej-2001-36644b74.wav,120.000000,10.000000,24000,2001,Keith Jarrett,Keith Jarrett
jarrettk-somedaymyprincewillcome-peacockgdejohnettej-2001-36644b74__00025,jarrettk-somedaymyprincewillcome-peacockgdejohnettej-2001-36644b74,Someday My Prince Will Come,10,Keith Jarrett / Keith Jarrett,2,2,data/processed/jtd_group_cv_16/audio_24k_mono/jarrettk-somedaymyprincewillcome-peacockgdejohnettej-2001-36644b74.wav,125.000000,10.000000,24000,2001,Keith Jarrett,Keith Jarrett
jarrettk-somedaymyprincewillcome-peacockgdejohnettej-2001-36644b74__00026,jarrettk-somedaymyprincewillcome-peacockgdejohnettej-2001-36644b74,Someday My Prince Will Come,10,Keith Jarrett / Keith Jarrett,2,2,data/processed/jtd_group_cv_16/audio_24k_mono/jarrettk-somedaymyprincewillcome-peacockgdejohnettej-2001-36644b74.wav,130.000000,10.000000,24000,2001,Keith Jarrett,Keith Jarrett
jarrettk-somedaymyprincewillcome-peacockgdejohnettej-2001-36644b74__00027,jarrettk-somedaymyprincewillcome-peacockgdejohnettej-2001-36644b74,Someday My Prince Will Come,10,Keith Jarrett / Keith Jarrett,2,2,data/processed/jtd_group_cv_16/audio_24k_mono/jarrettk-somedaymyprincewillcome-peacockgdejohnettej-2001-36644b74.wav,135.000000,10.000000,24000,2001,Keith Jarrett,Keith Jarrett
jarrettk-somedaymyprincewillcome-peacockgdejohnettej-2001-36644b74__00028,jarrettk-somedaymyprincewillcome-peacockgdejohnettej-2001-36644b74,Someday My Prince Will Come,10,Keith Jarrett / Keith Jarrett,2,2,data/processed/jtd_group_cv_16/audio_24k_mono/jarrettk-somedaymyprincewillcome-peacockgdejohnettej-2001-36644b74.wav,140.000000,10.000000,24000,2001,Keith Jarrett,Keith Jarrett
jarrettk-somedaymyprincewillcome-peacockgdejohnettej-2001-36644b74__00029,jarrettk-somedaymyprincewillcome-peacockgdejohnettej-2001-36644b74,Someday My Prince Will Come,10,Keith Jarrett / Keith Jarrett,2,2,data/processed/jtd_group_cv_16/audio_24k_mono/jarrettk-somedaymyprincewillcome-peacockgdejohnettej-2001-36644b74.wav,145.000000,10.000000,24000,2001,Keith Jarrett,Keith Jarrett
jarrettk-somedaymyprincewillcome-peacockgdejohnettej-2001-36644b74__00030,jarrettk-somedaymyprincewillcome-peacockgdejohnettej-2001-36644b74,Someday My Prince Will Come,10,Keith Jarrett / Keith Jarrett,2,2,data/processed/jtd_group_cv_16/audio_24k_mono/jarrettk-somedaymyprincewillcome-peacockgdejohnettej-2001-36644b74.wav,150.000000,10.000000,24000,2001,Keith Jarrett,Keith Jarrett
jarrettk-somedaymyprincewillcome-peacockgdejohnettej-2001-36644b74__00031,jarrettk-somedaymyprincewillcome-peacockgdejohnettej-2001-36644b74,Someday My Prince Will Come,10,Keith Jarrett / Keith Jarrett,2,2,data/processed/jtd_group_cv_16/audio_24k_mono/jarrettk-somedaymyprincewillcome-peacockgdejohnettej-2001-36644b74.wav,155.000000,10.000000,24000,2001,Keith Jarrett,Keith Jarrett
jarrettk-somedaymyprincewillcome-peacockgdejohnettej-2001-36644b74__00032,jarrettk-somedaymyprincewillcome-peacockgdejohnettej-2001-36644b74,Someday My Prince Will Come,10,Keith Jarrett / Keith Jarrett,2,2,data/processed/jtd_group_cv_16/audio_24k_mono/jarrettk-somedaymyprincewillcome-peacockgdejohnettej-2001-36644b74.wav,160.000000,10.000000,24000,2001,Keith Jarrett,Keith Jarrett
jarrettk-somedaymyprincewillcome-peacockgdejohnettej-2001-36644b74__00033,jarrettk-somedaymyprincewillcome-peacockgdejohnettej-2001-36644b74,Someday My Prince Will Come,10,Keith Jarrett / Keith Jarrett,2,2,data/processed/jtd_group_cv_16/audio_24k_mono/jarrettk-somedaymyprincewillcome-peacockgdejohnettej-2001-36644b74.wav,165.000000,10.000000,24000,2001,Keith Jarrett,Keith Jarrett
jarrettk-somedaymyprincewillcome-peacockgdejohnettej-2001-36644b74__00034,jarrettk-somedaymyprincewillcome-peacockgdejohnettej-2001-36644b74,Someday My Prince Will Come,10,Keith Jarrett / Keith Jarrett,2,2,data/processed/jtd_group_cv_16/audio_24k_mono/jarrettk-somedaymyprincewillcome-peacockgdejohnettej-2001-36644b74.wav,170.000000,10.000000,24000,2001,Keith Jarrett,Keith Jarrett
jarrettk-somedaymyprincewillcome-peacockgdejohnettej-2001-36644b74__00035,jarrettk-somedaymyprincewillcome-peacockgdejohnettej-2001-36644b74,Someday My Prince Will Come,10,Keith Jarrett / Keith Jarrett,2,2,data/processed/jtd_group_cv_16/audio_24k_mono/jarrettk-somedaymyprincewillcome-peacockgdejohnettej-2001-36644b74.wav,175.000000,10.000000,24000,2001,Keith Jarrett,Keith Jarrett
jarrettk-somedaymyprincewillcome-peacockgdejohnettej-2001-36644b74__00036,jarrettk-somedaymyprincewillcome-peacockgdejohnettej-2001-36644b74,Someday My Prince Will Come,10,Keith Jarrett / Keith Jarrett,2,2,data/processed/jtd_group_cv_16/audio_24k_mono/jarrettk-somedaymyprincewillcome-peacockgdejohnettej-2001-36644b74.wav,180.000000,10.000000,24000,2001,Keith Jarrett,Keith Jarrett
jarrettk-somedaymyprincewillcome-peacockgdejohnettej-2001-36644b74__00037,jarrettk-somedaymyprincewillcome-peacockgdejohnettej-2001-36644b74,Someday My Prince Will Come,10,Keith Jarrett / Keith Jarrett,2,2,data/processed/jtd_group_cv_16/audio_24k_mono/jarrettk-somedaymyprincewillcome-peacockgdejohnettej-2001-36644b74.wav,185.000000,10.000000,24000,2001,Keith Jarrett,Keith Jarrett
jarrettk-somedaymyprincewillcome-peacockgdejohnettej-2001-36644b74__00038,jarrettk-somedaymyprincewillcome-peacockgdejohnettej-2001-36644b74,Someday My Prince Will Come,10,Keith Jarrett / Keith Jarrett,2,2,data/processed/jtd_group_cv_16/audio_24k_mono/jarrettk-somedaymyprincewillcome-peacockgdejohnettej-2001-36644b74.wav,190.000000,10.000000,24000,2001,Keith Jarrett,Keith Jarrett
jarrettk-somedaymyprincewillcome-peacockgdejohnettej-2001-36644b74__00039,jarrettk-somedaymyprincewillcome-peacockgdejohnettej-2001-36644b74,Someday My Prince Will Come,10,Keith Jarrett / Keith Jarrett,2,2,data/processed/jtd_group_cv_16/audio_24k_mono/jarrettk-somedaymyprincewillcome-peacockgdejohnettej-2001-36644b74.wav,195.000000,10.000000,24000,2001,Keith Jarrett,Keith Jarrett
jarrettk-somedaymyprincewillcome-peacockgdejohnettej-2001-36644b74__00040,jarrettk-somedaymyprincewillcome-peacockgdejohnettej-2001-36644b74,Someday My Prince Will Come,10,Keith Jarrett / Keith Jarrett,2,2,data/processed/jtd_group_cv_16/audio_24k_mono/jarrettk-somedaymyprincewillcome-peacockgdejohnettej-2001-36644b74.wav,200.000000,10.000000,24000,2001,Keith Jarrett,Keith Jarrett
jarrettk-somedaymyprincewillcome-peacockgdejohnettej-2001-36644b74__00041,jarrettk-somedaymyprincewillcome-peacockgdejohnettej-2001-36644b74,Someday My Prince Will Come,10,Keith Jarrett / Keith Jarrett,2,2,data/processed/jtd_group_cv_16/audio_24k_mono/jarrettk-somedaymyprincewillcome-peacockgdejohnettej-2001-36644b74.wav,205.000000,10.000000,24000,2001,Keith Jarrett,Keith Jarrett
jarrettk-somedaymyprincewillcome-peacockgdejohnettej-2001-36644b74__00042,jarrettk-somedaymyprincewillcome-peacockgdejohnettej-2001-36644b74,Someday My Prince Will Come,10,Keith Jarrett / Keith Jarrett,2,2,data/processed/jtd_group_cv_16/audio_24k_mono/jarrettk-somedaymyprincewillcome-peacockgdejohnettej-2001-36644b74.wav,210.000000,10.000000,24000,2001,Keith Jarrett,Keith Jarrett
jarrettk-somedaymyprincewillcome-peacockgdejohnettej-2001-36644b74__00043,jarrettk-somedaymyprincewillcome-peacockgdejohnettej-2001-36644b74,Someday My Prince Will Come,10,Keith Jarrett / Keith Jarrett,2,2,data/processed/jtd_group_cv_16/audio_24k_mono/jarrettk-somedaymyprincewillcome-peacockgdejohnettej-2001-36644b74.wav,215.000000,10.000000,24000,2001,Keith Jarrett,Keith Jarrett
jarrettk-somedaymyprincewillcome-peacockgdejohnettej-2001-36644b74__00044,jarrettk-somedaymyprincewillcome-peacockgdejohnettej-2001-36644b74,Someday My Prince Will Come,10,Keith Jarrett / Keith Jarrett,2,2,data/processed/jtd_group_cv_16/audio_24k_mono/jarrettk-somedaymyprincewillcome-peacockgdejohnettej-2001-36644b74.wav,220.000000,10.000000,24000,2001,Keith Jarrett,Keith Jarrett
jarrettk-somedaymyprincewillcome-peacockgdejohnettej-2001-36644b74__00045,jarrettk-somedaymyprincewillcome-peacockgdejohnettej-2001-36644b74,Someday My Prince Will Come,10,Keith Jarrett / Keith Jarrett,2,2,data/processed/jtd_group_cv_16/audio_24k_mono/jarrettk-somedaymyprincewillcome-peacockgdejohnettej-2001-36644b74.wav,225.000000,10.000000,24000,2001,Keith Jarrett,Keith Jarrett
jarrettk-somedaymyprincewillcome-peacockgdejohnettej-2001-36644b74__00046,jarrettk-somedaymyprincewillcome-peacockgdejohnettej-2001-36644b74,Someday My Prince Will Come,10,Keith Jarrett / Keith Jarrett,2,2,data/processed/jtd_group_cv_16/audio_24k_mono/jarrettk-somedaymyprincewillcome-peacockgdejohnettej-2001-36644b74.wav,230.000000,10.000000,24000,2001,Keith Jarrett,Keith Jarrett
jarrettk-somedaymyprincewillcome-peacockgdejohnettej-2001-36644b74__00047,jarrettk-somedaymyprincewillcome-peacockgdejohnettej-2001-36644b74,Someday My Prince Will Come,10,Keith Jarrett / Keith Jarrett,2,2,data/processed/jtd_group_cv_16/audio_24k_mono/jarrettk-somedaymyprincewillcome-peacockgdejohnettej-2001-36644b74.wav,235.000000,10.000000,24000,2001,Keith Jarrett,Keith Jarrett
jarrettk-somedaymyprincewillcome-peacockgdejohnettej-2001-36644b74__00048,jarrettk-somedaymyprincewillcome-peacockgdejohnettej-2001-36644b74,Someday My Prince Will Come,10,Keith Jarrett / Keith Jarrett,2,2,data/processed/jtd_group_cv_16/audio_24k_mono/jarrettk-somedaymyprincewillcome-peacockgdejohnettej-2001-36644b74.wav,240.000000,10.000000,24000,2001,Keith Jarrett,Keith Jarrett
jarrettk-somedaymyprincewillcome-peacockgdejohnettej-2001-36644b74__00049,jarrettk-somedaymyprincewillcome-peacockgdejohnettej-2001-36644b74,Someday My Prince Will Come,10,Keith Jarrett / Keith Jarrett,2,2,data/processed/jtd_group_cv_16/audio_24k_mono/jarrettk-somedaymyprincewillcome-peacockgdejohnettej-2001-36644b74.wav,245.000000,10.000000,24000,2001,Keith Jarrett,Keith Jarrett
jarrettk-somedaymyprincewillcome-peacockgdejohnettej-2001-36644b74__00050,jarrettk-somedaymyprincewillcome-peacockgdejohnettej-2001-36644b74,Someday My Prince Will Come,10,Keith Jarrett / Keith Jarrett,2,2,data/processed/jtd_group_cv_16/audio_24k_mono/jarrettk-somedaymyprincewillcome-peacockgdejohnettej-2001-36644b74.wav,250.000000,10.000000,24000,2001,Keith Jarrett,Keith Jarrett
jarrettk-somedaymyprincewillcome-peacockgdejohnettej-2001-36644b74__00051,jarrettk-somedaymyprincewillcome-peacockgdejohnettej-2001-36644b74,Someday My Prince Will Come,10,Keith Jarrett / Keith Jarrett,2,2,data/processed/jtd_group_cv_16/audio_24k_mono/jarrettk-somedaymyprincewillcome-peacockgdejohnettej-2001-36644b74.wav,255.000000,10.000000,24000,2001,Keith Jarrett,Keith Jarrett
jarrettk-somedaymyprincewillcome-peacockgdejohnettej-2001-36644b74__00052,jarrettk-somedaymyprincewillcome-peacockgdejohnettej-2001-36644b74,Someday My Prince Will Come,10,Keith Jarrett / Keith Jarrett,2,2,data/processed/jtd_group_cv_16/audio_24k_mono/jarrettk-somedaymyprincewillcome-peacockgdejohnettej-2001-36644b74.wav,260.000000,10.000000,24000,2001,Keith Jarrett,Keith Jarrett
jarrettk-somedaymyprincewillcome-peacockgdejohnettej-2001-36644b74__00053,jarrettk-somedaymyprincewillcome-peacockgdejohnettej-2001-36644b74,Someday My Prince Will Come,10,Keith Jarrett / Keith Jarrett,2,2,data/processed/jtd_group_cv_16/audio_24k_mono/jarrettk-somedaymyprincewillcome-peacockgdejohnettej-2001-36644b74.wav,265.000000,10.000000,24000,2001,Keith Jarrett,Keith Jarrett
jarrettk-somedaymyprincewillcome-peacockgdejohnettej-2001-36644b74__00054,jarrettk-somedaymyprincewillcome-peacockgdejohnettej-2001-36644b74,Someday My Prince Will Come,10,Keith Jarrett / Keith Jarrett,2,2,data/processed/jtd_group_cv_16/audio_24k_mono/jarrettk-somedaymyprincewillcome-peacockgdejohnettej-2001-36644b74.wav,270.000000,10.000000,24000,2001,Keith Jarrett,Keith Jarrett
jarrettk-somedaymyprincewillcome-peacockgdejohnettej-2001-36644b74__00055,jarrettk-somedaymyprincewillcome-peacockgdejohnettej-2001-36644b74,Someday My Prince Will Come,10,Keith Jarrett / Keith Jarrett,2,2,data/processed/jtd_group_cv_16/audio_24k_mono/jarrettk-somedaymyprincewillcome-peacockgdejohnettej-2001-36644b74.wav,275.000000,10.000000,24000,2001,Keith Jarrett,Keith Jarrett
jarrettk-somedaymyprincewillcome-peacockgdejohnettej-2001-36644b74__00056,jarrettk-somedaymyprincewillcome-peacockgdejohnettej-2001-36644b74,Someday My Prince Will Come,10,Keith Jarrett / Keith Jarrett,2,2,data/processed/jtd_group_cv_16/audio_24k_mono/jarrettk-somedaymyprincewillcome-peacockgdejohnettej-2001-36644b74.wav,280.000000,10.000000,24000,2001,Keith Jarrett,Keith Jarrett
jarrettk-somedaymyprincewillcome-peacockgdejohnettej-2001-36644b74__00057,jarrettk-somedaymyprincewillcome-peacockgdejohnettej-2001-36644b74,Someday My Prince Will Come,10,Keith Jarrett / Keith Jarrett,2,2,data/processed/jtd_group_cv_16/audio_24k_mono/jarrettk-somedaymyprincewillcome-peacockgdejohnettej-2001-36644b74.wav,285.000000,10.000000,24000,2001,Keith Jarrett,Keith Jarrett
jarrettk-somedaymyprincewillcome-peacockgdejohnettej-2001-36644b74__00058,jarrettk-somedaymyprincewillcome-peacockgdejohnettej-2001-36644b74,Someday My Prince Will Come,10,Keith Jarrett / Keith Jarrett,2,2,data/processed/jtd_group_cv_16/audio_24k_mono/jarrettk-somedaymyprincewillcome-peacockgdejohnettej-2001-36644b74.wav,290.000000,10.000000,24000,2001,Keith Jarrett,Keith Jarrett
jarrettk-somedaymyprincewillcome-peacockgdejohnettej-2001-36644b74__00059,jarrettk-somedaymyprincewillcome-peacockgdejohnettej-2001-36644b74,Someday My Prince Will Come,10,Keith Jarrett / Keith Jarrett,2,2,data/processed/jtd_group_cv_16/audio_24k_mono/jarrettk-somedaymyprincewillcome-peacockgdejohnettej-2001-36644b74.wav,295.000000,10.000000,24000,2001,Keith Jarrett,Keith Jarrett
jarrettk-somedaymyprincewillcome-peacockgdejohnettej-2001-36644b74__00060,jarrettk-somedaymyprincewillcome-peacockgdejohnettej-2001-36644b74,Someday My Prince Will Come,10,Keith Jarrett / Keith Jarrett,2,2,data/processed/jtd_group_cv_16/audio_24k_mono/jarrettk-somedaymyprincewillcome-peacockgdejohnettej-2001-36644b74.wav,300.000000,10.000000,24000,2001,Keith Jarrett,Keith Jarrett
jarrettk-somedaymyprincewillcome-peacockgdejohnettej-2001-36644b74__00061,jarrettk-somedaymyprincewillcome-peacockgdejohnettej-2001-36644b74,Someday My Prince Will Come,10,Keith Jarrett / Keith Jarrett,2,2,data/processed/jtd_group_cv_16/audio_24k_mono/jarrettk-somedaymyprincewillcome-peacockgdejohnettej-2001-36644b74.wav,305.000000,10.000000,24000,2001,Keith Jarrett,Keith Jarrett
jarrettk-somedaymyprincewillcome-peacockgdejohnettej-2001-36644b74__00062,jarrettk-somedaymyprincewillcome-peacockgdejohnettej-2001-36644b74,Someday My Prince Will Come,10,Keith Jarrett / Keith Jarrett,2,2,data/processed/jtd_group_cv_16/audio_24k_mono/jarrettk-somedaymyprincewillcome-peacockgdejohnettej-2001-36644b74.wav,310.000000,10.000000,24000,2001,Keith Jarrett,Keith Jarrett
barronk-somedaymyprincewillcome-williamsbrileyb-1982-709cf40e__00000,barronk-somedaymyprincewillcome-williamsbrileyb-1982-709cf40e,Someday My Prince Will Come,10,Kenny Barron / Kenny Barron,1,1,data/processed/jtd_group_cv_16/audio_24k_mono/barronk-somedaymyprincewillcome-williamsbrileyb-1982-709cf40e.wav,0.000000,10.000000,24000,1982,Kenny Barron,Kenny Barron
barronk-somedaymyprincewillcome-williamsbrileyb-1982-709cf40e__00001,barronk-somedaymyprincewillcome-williamsbrileyb-1982-709cf40e,Someday My Prince Will Come,10,Kenny Barron / Kenny Barron,1,1,data/processed/jtd_group_cv_16/audio_24k_mono/barronk-somedaymyprincewillcome-williamsbrileyb-1982-709cf40e.wav,5.000000,10.000000,24000,1982,Kenny Barron,Kenny Barron
barronk-somedaymyprincewillcome-williamsbrileyb-1982-709cf40e__00002,barronk-somedaymyprincewillcome-williamsbrileyb-1982-709cf40e,Someday My Prince Will Come,10,Kenny Barron / Kenny Barron,1,1,data/processed/jtd_group_cv_16/audio_24k_mono/barronk-somedaymyprincewillcome-williamsbrileyb-1982-709cf40e.wav,10.000000,10.000000,24000,1982,Kenny Barron,Kenny Barron
barronk-somedaymyprincewillcome-williamsbrileyb-1982-709cf40e__00003,barronk-somedaymyprincewillcome-williamsbrileyb-1982-709cf40e,Someday My Prince Will Come,10,Kenny Barron / Kenny Barron,1,1,data/processed/jtd_group_cv_16/audio_24k_mono/barronk-somedaymyprincewillcome-williamsbrileyb-1982-709cf40e.wav,15.000000,10.000000,24000,1982,Kenny Barron,Kenny Barron
barronk-somedaymyprincewillcome-williamsbrileyb-1982-709cf40e__00004,barronk-somedaymyprincewillcome-williamsbrileyb-1982-709cf40e,Someday My Prince Will Come,10,Kenny Barron / Kenny Barron,1,1,data/processed/jtd_group_cv_16/audio_24k_mono/barronk-somedaymyprincewillcome-williamsbrileyb-1982-709cf40e.wav,20.000000,10.000000,24000,1982,Kenny Barron,Kenny Barron
barronk-somedaymyprincewillcome-williamsbrileyb-1982-709cf40e__00005,barronk-somedaymyprincewillcome-williamsbrileyb-1982-709cf40e,Someday My Prince Will Come,10,Kenny Barron / Kenny Barron,1,1,data/processed/jtd_group_cv_16/audio_24k_mono/barronk-somedaymyprincewillcome-williamsbrileyb-1982-709cf40e.wav,25.000000,10.000000,24000,1982,Kenny Barron,Kenny Barron
barronk-somedaymyprincewillcome-williamsbrileyb-1982-709cf40e__00006,barronk-somedaymyprincewillcome-williamsbrileyb-1982-709cf40e,Someday My Prince Will Come,10,Kenny Barron / Kenny Barron,1,1,data/processed/jtd_group_cv_16/audio_24k_mono/barronk-somedaymyprincewillcome-williamsbrileyb-1982-709cf40e.wav,30.000000,10.000000,24000,1982,Kenny Barron,Kenny Barron
barronk-somedaymyprincewillcome-williamsbrileyb-1982-709cf40e__00007,barronk-somedaymyprincewillcome-williamsbrileyb-1982-709cf40e,Someday My Prince Will Come,10,Kenny Barron / Kenny Barron,1,1,data/processed/jtd_group_cv_16/audio_24k_mono/barronk-somedaymyprincewillcome-williamsbrileyb-1982-709cf40e.wav,35.000000,10.000000,24000,1982,Kenny Barron,Kenny Barron
barronk-somedaymyprincewillcome-williamsbrileyb-1982-709cf40e__00008,barronk-somedaymyprincewillcome-williamsbrileyb-1982-709cf40e,Someday My Prince Will Come,10,Kenny Barron / Kenny Barron,1,1,data/processed/jtd_group_cv_16/audio_24k_mono/barronk-somedaymyprincewillcome-williamsbrileyb-1982-709cf40e.wav,40.000000,10.000000,24000,1982,Kenny Barron,Kenny Barron
barronk-somedaymyprincewillcome-williamsbrileyb-1982-709cf40e__00009,barronk-somedaymyprincewillcome-williamsbrileyb-1982-709cf40e,Someday My Prince Will Come,10,Kenny Barron / Kenny Barron,1,1,data/processed/jtd_group_cv_16/audio_24k_mono/barronk-somedaymyprincewillcome-williamsbrileyb-1982-709cf40e.wav,45.000000,10.000000,24000,1982,Kenny Barron,Kenny Barron
barronk-somedaymyprincewillcome-williamsbrileyb-1982-709cf40e__00010,barronk-somedaymyprincewillcome-williamsbrileyb-1982-709cf40e,Someday My Prince Will Come,10,Kenny Barron / Kenny Barron,1,1,data/processed/jtd_group_cv_16/audio_24k_mono/barronk-somedaymyprincewillcome-williamsbrileyb-1982-709cf40e.wav,50.000000,10.000000,24000,1982,Kenny Barron,Kenny Barron
barronk-somedaymyprincewillcome-williamsbrileyb-1982-709cf40e__00011,barronk-somedaymyprincewillcome-williamsbrileyb-1982-709cf40e,Someday My Prince Will Come,10,Kenny Barron / Kenny Barron,1,1,data/processed/jtd_group_cv_16/audio_24k_mono/barronk-somedaymyprincewillcome-williamsbrileyb-1982-709cf40e.wav,55.000000,10.000000,24000,1982,Kenny Barron,Kenny Barron
barronk-somedaymyprincewillcome-williamsbrileyb-1982-709cf40e__00012,barronk-somedaymyprincewillcome-williamsbrileyb-1982-709cf40e,Someday My Prince Will Come,10,Kenny Barron / Kenny Barron,1,1,data/processed/jtd_group_cv_16/audio_24k_mono/barronk-somedaymyprincewillcome-williamsbrileyb-1982-709cf40e.wav,60.000000,10.000000,24000,1982,Kenny Barron,Kenny Barron
barronk-somedaymyprincewillcome-williamsbrileyb-1982-709cf40e__00013,barronk-somedaymyprincewillcome-williamsbrileyb-1982-709cf40e,Someday My Prince Will Come,10,Kenny Barron / Kenny Barron,1,1,data/processed/jtd_group_cv_16/audio_24k_mono/barronk-somedaymyprincewillcome-williamsbrileyb-1982-709cf40e.wav,65.000000,10.000000,24000,1982,Kenny Barron,Kenny Barron
barronk-somedaymyprincewillcome-williamsbrileyb-1982-709cf40e__00014,barronk-somedaymyprincewillcome-williamsbrileyb-1982-709cf40e,Someday My Prince Will Come,10,Kenny Barron / Kenny Barron,1,1,data/processed/jtd_group_cv_16/audio_24k_mono/barronk-somedaymyprincewillcome-williamsbrileyb-1982-709cf40e.wav,70.000000,10.000000,24000,1982,Kenny Barron,Kenny Barron
barronk-somedaymyprincewillcome-williamsbrileyb-1982-709cf40e__00015,barronk-somedaymyprincewillcome-williamsbrileyb-1982-709cf40e,Someday My Prince Will Come,10,Kenny Barron / Kenny Barron,1,1,data/processed/jtd_group_cv_16/audio_24k_mono/barronk-somedaymyprincewillcome-williamsbrileyb-1982-709cf40e.wav,75.000000,10.000000,24000,1982,Kenny Barron,Kenny Barron
barronk-somedaymyprincewillcome-williamsbrileyb-1982-709cf40e__00016,barronk-somedaymyprincewillcome-williamsbrileyb-1982-709cf40e,Someday My Prince Will Come,10,Kenny Barron / Kenny Barron,1,1,data/processed/jtd_group_cv_16/audio_24k_mono/barronk-somedaymyprincewillcome-williamsbrileyb-1982-709cf40e.wav,80.000000,10.000000,24000,1982,Kenny Barron,Kenny Barron
barronk-somedaymyprincewillcome-williamsbrileyb-1982-709cf40e__00017,barronk-somedaymyprincewillcome-williamsbrileyb-1982-709cf40e,Someday My Prince Will Come,10,Kenny Barron / Kenny Barron,1,1,data/processed/jtd_group_cv_16/audio_24k_mono/barronk-somedaymyprincewillcome-williamsbrileyb-1982-709cf40e.wav,85.000000,10.000000,24000,1982,Kenny Barron,Kenny Barron
barronk-somedaymyprincewillcome-williamsbrileyb-1982-709cf40e__00018,barronk-somedaymyprincewillcome-williamsbrileyb-1982-709cf40e,Someday My Prince Will Come,10,Kenny Barron / Kenny Barron,1,1,data/processed/jtd_group_cv_16/audio_24k_mono/barronk-somedaymyprincewillcome-williamsbrileyb-1982-709cf40e.wav,90.000000,10.000000,24000,1982,Kenny Barron,Kenny Barron
barronk-somedaymyprincewillcome-williamsbrileyb-1982-709cf40e__00019,barronk-somedaymyprincewillcome-williamsbrileyb-1982-709cf40e,Someday My Prince Will Come,10,Kenny Barron / Kenny Barron,1,1,data/processed/jtd_group_cv_16/audio_24k_mono/barronk-somedaymyprincewillcome-williamsbrileyb-1982-709cf40e.wav,95.000000,10.000000,24000,1982,Kenny Barron,Kenny Barron
barronk-somedaymyprincewillcome-williamsbrileyb-1982-709cf40e__00020,barronk-somedaymyprincewillcome-williamsbrileyb-1982-709cf40e,Someday My Prince Will Come,10,Kenny Barron / Kenny Barron,1,1,data/processed/jtd_group_cv_16/audio_24k_mono/barronk-somedaymyprincewillcome-williamsbrileyb-1982-709cf40e.wav,100.000000,10.000000,24000,1982,Kenny Barron,Kenny Barron
barronk-somedaymyprincewillcome-williamsbrileyb-1982-709cf40e__00021,barronk-somedaymyprincewillcome-williamsbrileyb-1982-709cf40e,Someday My Prince Will Come,10,Kenny Barron / Kenny Barron,1,1,data/processed/jtd_group_cv_16/audio_24k_mono/barronk-somedaymyprincewillcome-williamsbrileyb-1982-709cf40e.wav,105.000000,10.000000,24000,1982,Kenny Barron,Kenny Barron
barronk-somedaymyprincewillcome-williamsbrileyb-1982-709cf40e__00022,barronk-somedaymyprincewillcome-williamsbrileyb-1982-709cf40e,Someday My Prince Will Come,10,Kenny Barron / Kenny Barron,1,1,data/processed/jtd_group_cv_16/audio_24k_mono/barronk-somedaymyprincewillcome-williamsbrileyb-1982-709cf40e.wav,110.000000,10.000000,24000,1982,Kenny Barron,Kenny Barron
barronk-somedaymyprincewillcome-williamsbrileyb-1982-709cf40e__00023,barronk-somedaymyprincewillcome-williamsbrileyb-1982-709cf40e,Someday My Prince Will Come,10,Kenny Barron / Kenny Barron,1,1,data/processed/jtd_group_cv_16/audio_24k_mono/barronk-somedaymyprincewillcome-williamsbrileyb-1982-709cf40e.wav,115.000000,10.000000,24000,1982,Kenny Barron,Kenny Barron
barronk-somedaymyprincewillcome-williamsbrileyb-1982-709cf40e__00024,barronk-somedaymyprincewillcome-williamsbrileyb-1982-709cf40e,Someday My Prince Will Come,10,Kenny Barron / Kenny Barron,1,1,data/processed/jtd_group_cv_16/audio_24k_mono/barronk-somedaymyprincewillcome-williamsbrileyb-1982-709cf40e.wav,120.000000,10.000000,24000,1982,Kenny Barron,Kenny Barron
barronk-somedaymyprincewillcome-williamsbrileyb-1982-709cf40e__00025,barronk-somedaymyprincewillcome-williamsbrileyb-1982-709cf40e,Someday My Prince Will Come,10,Kenny Barron / Kenny Barron,1,1,data/processed/jtd_group_cv_16/audio_24k_mono/barronk-somedaymyprincewillcome-williamsbrileyb-1982-709cf40e.wav,125.000000,10.000000,24000,1982,Kenny Barron,Kenny Barron
barronk-somedaymyprincewillcome-williamsbrileyb-1982-709cf40e__00026,barronk-somedaymyprincewillcome-williamsbrileyb-1982-709cf40e,Someday My Prince Will Come,10,Kenny Barron / Kenny Barron,1,1,data/processed/jtd_group_cv_16/audio_24k_mono/barronk-somedaymyprincewillcome-williamsbrileyb-1982-709cf40e.wav,130.000000,10.000000,24000,1982,Kenny Barron,Kenny Barron
barronk-somedaymyprincewillcome-williamsbrileyb-1982-709cf40e__00027,barronk-somedaymyprincewillcome-williamsbrileyb-1982-709cf40e,Someday My Prince Will Come,10,Kenny Barron / Kenny Barron,1,1,data/processed/jtd_group_cv_16/audio_24k_mono/barronk-somedaymyprincewillcome-williamsbrileyb-1982-709cf40e.wav,135.000000,10.000000,24000,1982,Kenny Barron,Kenny Barron
barronk-somedaymyprincewillcome-williamsbrileyb-1982-709cf40e__00028,barronk-somedaymyprincewillcome-williamsbrileyb-1982-709cf40e,Someday My Prince Will Come,10,Kenny Barron / Kenny Barron,1,1,data/processed/jtd_group_cv_16/audio_24k_mono/barronk-somedaymyprincewillcome-williamsbrileyb-1982-709cf40e.wav,140.000000,10.000000,24000,1982,Kenny Barron,Kenny Barron
barronk-somedaymyprincewillcome-williamsbrileyb-1982-709cf40e__00029,barronk-somedaymyprincewillcome-williamsbrileyb-1982-709cf40e,Someday My Prince Will Come,10,Kenny Barron / Kenny Barron,1,1,data/processed/jtd_group_cv_16/audio_24k_mono/barronk-somedaymyprincewillcome-williamsbrileyb-1982-709cf40e.wav,145.000000,10.000000,24000,1982,Kenny Barron,Kenny Barron
barronk-somedaymyprincewillcome-williamsbrileyb-1982-709cf40e__00030,barronk-somedaymyprincewillcome-williamsbrileyb-1982-709cf40e,Someday My Prince Will Come,10,Kenny Barron / Kenny Barron,1,1,data/processed/jtd_group_cv_16/audio_24k_mono/barronk-somedaymyprincewillcome-williamsbrileyb-1982-709cf40e.wav,150.000000,10.000000,24000,1982,Kenny Barron,Kenny Barron
barronk-somedaymyprincewillcome-williamsbrileyb-1982-709cf40e__00031,barronk-somedaymyprincewillcome-williamsbrileyb-1982-709cf40e,Someday My Prince Will Come,10,Kenny Barron / Kenny Barron,1,1,data/processed/jtd_group_cv_16/audio_24k_mono/barronk-somedaymyprincewillcome-williamsbrileyb-1982-709cf40e.wav,155.000000,10.000000,24000,1982,Kenny Barron,Kenny Barron
barronk-somedaymyprincewillcome-williamsbrileyb-1982-709cf40e__00032,barronk-somedaymyprincewillcome-williamsbrileyb-1982-709cf40e,Someday My Prince Will Come,10,Kenny Barron / Kenny Barron,1,1,data/processed/jtd_group_cv_16/audio_24k_mono/barronk-somedaymyprincewillcome-williamsbrileyb-1982-709cf40e.wav,160.000000,10.000000,24000,1982,Kenny Barron,Kenny Barron
barronk-somedaymyprincewillcome-williamsbrileyb-1982-709cf40e__00033,barronk-somedaymyprincewillcome-williamsbrileyb-1982-709cf40e,Someday My Prince Will Come,10,Kenny Barron / Kenny Barron,1,1,data/processed/jtd_group_cv_16/audio_24k_mono/barronk-somedaymyprincewillcome-williamsbrileyb-1982-709cf40e.wav,165.000000,10.000000,24000,1982,Kenny Barron,Kenny Barron
barronk-somedaymyprincewillcome-williamsbrileyb-1982-709cf40e__00034,barronk-somedaymyprincewillcome-williamsbrileyb-1982-709cf40e,Someday My Prince Will Come,10,Kenny Barron / Kenny Barron,1,1,data/processed/jtd_group_cv_16/audio_24k_mono/barronk-somedaymyprincewillcome-williamsbrileyb-1982-709cf40e.wav,170.000000,10.000000,24000,1982,Kenny Barron,Kenny Barron
barronk-somedaymyprincewillcome-williamsbrileyb-1982-709cf40e__00035,barronk-somedaymyprincewillcome-williamsbrileyb-1982-709cf40e,Someday My Prince Will Come,10,Kenny Barron / Kenny Barron,1,1,data/processed/jtd_group_cv_16/audio_24k_mono/barronk-somedaymyprincewillcome-williamsbrileyb-1982-709cf40e.wav,175.000000,10.000000,24000,1982,Kenny Barron,Kenny Barron
jamala-stellabystarlight-crosbyifournierv-1961-6601943f__00000,jamala-stellabystarlight-crosbyifournierv-1961-6601943f,Stella by Starlight,11,Ahmad Jamal / Ahmad Jamal,5,5,data/processed/jtd_group_cv_16/audio_24k_mono/jamala-stellabystarlight-crosbyifournierv-1961-6601943f.wav,0.000000,10.000000,24000,1961,Ahmad Jamal,Ahmad Jamal
jamala-stellabystarlight-crosbyifournierv-1961-6601943f__00001,jamala-stellabystarlight-crosbyifournierv-1961-6601943f,Stella by Starlight,11,Ahmad Jamal / Ahmad Jamal,5,5,data/processed/jtd_group_cv_16/audio_24k_mono/jamala-stellabystarlight-crosbyifournierv-1961-6601943f.wav,5.000000,10.000000,24000,1961,Ahmad Jamal,Ahmad Jamal
jamala-stellabystarlight-crosbyifournierv-1961-6601943f__00002,jamala-stellabystarlight-crosbyifournierv-1961-6601943f,Stella by Starlight,11,Ahmad Jamal / Ahmad Jamal,5,5,data/processed/jtd_group_cv_16/audio_24k_mono/jamala-stellabystarlight-crosbyifournierv-1961-6601943f.wav,10.000000,10.000000,24000,1961,Ahmad Jamal,Ahmad Jamal
jamala-stellabystarlight-crosbyifournierv-1961-6601943f__00003,jamala-stellabystarlight-crosbyifournierv-1961-6601943f,Stella by Starlight,11,Ahmad Jamal / Ahmad Jamal,5,5,data/processed/jtd_group_cv_16/audio_24k_mono/jamala-stellabystarlight-crosbyifournierv-1961-6601943f.wav,15.000000,10.000000,24000,1961,Ahmad Jamal,Ahmad Jamal
jamala-stellabystarlight-crosbyifournierv-1961-6601943f__00004,jamala-stellabystarlight-crosbyifournierv-1961-6601943f,Stella by Starlight,11,Ahmad Jamal / Ahmad Jamal,5,5,data/processed/jtd_group_cv_16/audio_24k_mono/jamala-stellabystarlight-crosbyifournierv-1961-6601943f.wav,20.000000,10.000000,24000,1961,Ahmad Jamal,Ahmad Jamal
jamala-stellabystarlight-crosbyifournierv-1961-6601943f__00005,jamala-stellabystarlight-crosbyifournierv-1961-6601943f,Stella by Starlight,11,Ahmad Jamal / Ahmad Jamal,5,5,data/processed/jtd_group_cv_16/audio_24k_mono/jamala-stellabystarlight-crosbyifournierv-1961-6601943f.wav,25.000000,10.000000,24000,1961,Ahmad Jamal,Ahmad Jamal
jamala-stellabystarlight-crosbyifournierv-1961-6601943f__00006,jamala-stellabystarlight-crosbyifournierv-1961-6601943f,Stella by Starlight,11,Ahmad Jamal / Ahmad Jamal,5,5,data/processed/jtd_group_cv_16/audio_24k_mono/jamala-stellabystarlight-crosbyifournierv-1961-6601943f.wav,30.000000,10.000000,24000,1961,Ahmad Jamal,Ahmad Jamal
jamala-stellabystarlight-crosbyifournierv-1961-6601943f__00007,jamala-stellabystarlight-crosbyifournierv-1961-6601943f,Stella by Starlight,11,Ahmad Jamal / Ahmad Jamal,5,5,data/processed/jtd_group_cv_16/audio_24k_mono/jamala-stellabystarlight-crosbyifournierv-1961-6601943f.wav,35.000000,10.000000,24000,1961,Ahmad Jamal,Ahmad Jamal
jamala-stellabystarlight-crosbyifournierv-1961-6601943f__00008,jamala-stellabystarlight-crosbyifournierv-1961-6601943f,Stella by Starlight,11,Ahmad Jamal / Ahmad Jamal,5,5,data/processed/jtd_group_cv_16/audio_24k_mono/jamala-stellabystarlight-crosbyifournierv-1961-6601943f.wav,40.000000,10.000000,24000,1961,Ahmad Jamal,Ahmad Jamal
jamala-stellabystarlight-crosbyifournierv-1961-6601943f__00009,jamala-stellabystarlight-crosbyifournierv-1961-6601943f,Stella by Starlight,11,Ahmad Jamal / Ahmad Jamal,5,5,data/processed/jtd_group_cv_16/audio_24k_mono/jamala-stellabystarlight-crosbyifournierv-1961-6601943f.wav,45.000000,10.000000,24000,1961,Ahmad Jamal,Ahmad Jamal
jamala-stellabystarlight-crosbyifournierv-1961-6601943f__00010,jamala-stellabystarlight-crosbyifournierv-1961-6601943f,Stella by Starlight,11,Ahmad Jamal / Ahmad Jamal,5,5,data/processed/jtd_group_cv_16/audio_24k_mono/jamala-stellabystarlight-crosbyifournierv-1961-6601943f.wav,50.000000,10.000000,24000,1961,Ahmad Jamal,Ahmad Jamal
jamala-stellabystarlight-crosbyifournierv-1961-6601943f__00011,jamala-stellabystarlight-crosbyifournierv-1961-6601943f,Stella by Starlight,11,Ahmad Jamal / Ahmad Jamal,5,5,data/processed/jtd_group_cv_16/audio_24k_mono/jamala-stellabystarlight-crosbyifournierv-1961-6601943f.wav,55.000000,10.000000,24000,1961,Ahmad Jamal,Ahmad Jamal
jamala-stellabystarlight-crosbyifournierv-1961-6601943f__00012,jamala-stellabystarlight-crosbyifournierv-1961-6601943f,Stella by Starlight,11,Ahmad Jamal / Ahmad Jamal,5,5,data/processed/jtd_group_cv_16/audio_24k_mono/jamala-stellabystarlight-crosbyifournierv-1961-6601943f.wav,60.000000,10.000000,24000,1961,Ahmad Jamal,Ahmad Jamal
jamala-stellabystarlight-crosbyifournierv-1961-6601943f__00013,jamala-stellabystarlight-crosbyifournierv-1961-6601943f,Stella by Starlight,11,Ahmad Jamal / Ahmad Jamal,5,5,data/processed/jtd_group_cv_16/audio_24k_mono/jamala-stellabystarlight-crosbyifournierv-1961-6601943f.wav,65.000000,10.000000,24000,1961,Ahmad Jamal,Ahmad Jamal
jamala-stellabystarlight-crosbyifournierv-1961-6601943f__00014,jamala-stellabystarlight-crosbyifournierv-1961-6601943f,Stella by Starlight,11,Ahmad Jamal / Ahmad Jamal,5,5,data/processed/jtd_group_cv_16/audio_24k_mono/jamala-stellabystarlight-crosbyifournierv-1961-6601943f.wav,70.000000,10.000000,24000,1961,Ahmad Jamal,Ahmad Jamal
jamala-stellabystarlight-crosbyifournierv-1961-6601943f__00015,jamala-stellabystarlight-crosbyifournierv-1961-6601943f,Stella by Starlight,11,Ahmad Jamal / Ahmad Jamal,5,5,data/processed/jtd_group_cv_16/audio_24k_mono/jamala-stellabystarlight-crosbyifournierv-1961-6601943f.wav,75.000000,10.000000,24000,1961,Ahmad Jamal,Ahmad Jamal
jamala-stellabystarlight-crosbyifournierv-1961-6601943f__00016,jamala-stellabystarlight-crosbyifournierv-1961-6601943f,Stella by Starlight,11,Ahmad Jamal / Ahmad Jamal,5,5,data/processed/jtd_group_cv_16/audio_24k_mono/jamala-stellabystarlight-crosbyifournierv-1961-6601943f.wav,80.000000,10.000000,24000,1961,Ahmad Jamal,Ahmad Jamal
jamala-stellabystarlight-crosbyifournierv-1961-6601943f__00017,jamala-stellabystarlight-crosbyifournierv-1961-6601943f,Stella by Starlight,11,Ahmad Jamal / Ahmad Jamal,5,5,data/processed/jtd_group_cv_16/audio_24k_mono/jamala-stellabystarlight-crosbyifournierv-1961-6601943f.wav,85.000000,10.000000,24000,1961,Ahmad Jamal,Ahmad Jamal
jamala-stellabystarlight-crosbyifournierv-1961-6601943f__00018,jamala-stellabystarlight-crosbyifournierv-1961-6601943f,Stella by Starlight,11,Ahmad Jamal / Ahmad Jamal,5,5,data/processed/jtd_group_cv_16/audio_24k_mono/jamala-stellabystarlight-crosbyifournierv-1961-6601943f.wav,90.000000,10.000000,24000,1961,Ahmad Jamal,Ahmad Jamal
jamala-stellabystarlight-crosbyifournierv-1961-6601943f__00019,jamala-stellabystarlight-crosbyifournierv-1961-6601943f,Stella by Starlight,11,Ahmad Jamal / Ahmad Jamal,5,5,data/processed/jtd_group_cv_16/audio_24k_mono/jamala-stellabystarlight-crosbyifournierv-1961-6601943f.wav,95.000000,10.000000,24000,1961,Ahmad Jamal,Ahmad Jamal
jamala-stellabystarlight-crosbyifournierv-1961-6601943f__00020,jamala-stellabystarlight-crosbyifournierv-1961-6601943f,Stella by Starlight,11,Ahmad Jamal / Ahmad Jamal,5,5,data/processed/jtd_group_cv_16/audio_24k_mono/jamala-stellabystarlight-crosbyifournierv-1961-6601943f.wav,100.000000,10.000000,24000,1961,Ahmad Jamal,Ahmad Jamal
jamala-stellabystarlight-crosbyifournierv-1961-6601943f__00021,jamala-stellabystarlight-crosbyifournierv-1961-6601943f,Stella by Starlight,11,Ahmad Jamal / Ahmad Jamal,5,5,data/processed/jtd_group_cv_16/audio_24k_mono/jamala-stellabystarlight-crosbyifournierv-1961-6601943f.wav,105.000000,10.000000,24000,1961,Ahmad Jamal,Ahmad Jamal
jamala-stellabystarlight-crosbyifournierv-1961-6601943f__00022,jamala-stellabystarlight-crosbyifournierv-1961-6601943f,Stella by Starlight,11,Ahmad Jamal / Ahmad Jamal,5,5,data/processed/jtd_group_cv_16/audio_24k_mono/jamala-stellabystarlight-crosbyifournierv-1961-6601943f.wav,110.000000,10.000000,24000,1961,Ahmad Jamal,Ahmad Jamal
jamala-stellabystarlight-crosbyifournierv-1961-6601943f__00023,jamala-stellabystarlight-crosbyifournierv-1961-6601943f,Stella by Starlight,11,Ahmad Jamal / Ahmad Jamal,5,5,data/processed/jtd_group_cv_16/audio_24k_mono/jamala-stellabystarlight-crosbyifournierv-1961-6601943f.wav,115.000000,10.000000,24000,1961,Ahmad Jamal,Ahmad Jamal
evansb-stellabystarlight-johnsonmlabarberaj-1980-55c0e760__00000,evansb-stellabystarlight-johnsonmlabarberaj-1980-55c0e760,Stella by Starlight,11,Bill Evans / Bill Evans,6,6,data/processed/jtd_group_cv_16/audio_24k_mono/evansb-stellabystarlight-johnsonmlabarberaj-1980-55c0e760.wav,0.000000,10.000000,24000,1980,Bill Evans,Bill Evans
evansb-stellabystarlight-johnsonmlabarberaj-1980-55c0e760__00001,evansb-stellabystarlight-johnsonmlabarberaj-1980-55c0e760,Stella by Starlight,11,Bill Evans / Bill Evans,6,6,data/processed/jtd_group_cv_16/audio_24k_mono/evansb-stellabystarlight-johnsonmlabarberaj-1980-55c0e760.wav,5.000000,10.000000,24000,1980,Bill Evans,Bill Evans
evansb-stellabystarlight-johnsonmlabarberaj-1980-55c0e760__00002,evansb-stellabystarlight-johnsonmlabarberaj-1980-55c0e760,Stella by Starlight,11,Bill Evans / Bill Evans,6,6,data/processed/jtd_group_cv_16/audio_24k_mono/evansb-stellabystarlight-johnsonmlabarberaj-1980-55c0e760.wav,10.000000,10.000000,24000,1980,Bill Evans,Bill Evans
evansb-stellabystarlight-johnsonmlabarberaj-1980-55c0e760__00003,evansb-stellabystarlight-johnsonmlabarberaj-1980-55c0e760,Stella by Starlight,11,Bill Evans / Bill Evans,6,6,data/processed/jtd_group_cv_16/audio_24k_mono/evansb-stellabystarlight-johnsonmlabarberaj-1980-55c0e760.wav,15.000000,10.000000,24000,1980,Bill Evans,Bill Evans
evansb-stellabystarlight-johnsonmlabarberaj-1980-55c0e760__00004,evansb-stellabystarlight-johnsonmlabarberaj-1980-55c0e760,Stella by Starlight,11,Bill Evans / Bill Evans,6,6,data/processed/jtd_group_cv_16/audio_24k_mono/evansb-stellabystarlight-johnsonmlabarberaj-1980-55c0e760.wav,20.000000,10.000000,24000,1980,Bill Evans,Bill Evans
evansb-stellabystarlight-johnsonmlabarberaj-1980-55c0e760__00005,evansb-stellabystarlight-johnsonmlabarberaj-1980-55c0e760,Stella by Starlight,11,Bill Evans / Bill Evans,6,6,data/processed/jtd_group_cv_16/audio_24k_mono/evansb-stellabystarlight-johnsonmlabarberaj-1980-55c0e760.wav,25.000000,10.000000,24000,1980,Bill Evans,Bill Evans
evansb-stellabystarlight-johnsonmlabarberaj-1980-55c0e760__00006,evansb-stellabystarlight-johnsonmlabarberaj-1980-55c0e760,Stella by Starlight,11,Bill Evans / Bill Evans,6,6,data/processed/jtd_group_cv_16/audio_24k_mono/evansb-stellabystarlight-johnsonmlabarberaj-1980-55c0e760.wav,30.000000,10.000000,24000,1980,Bill Evans,Bill Evans
evansb-stellabystarlight-johnsonmlabarberaj-1980-55c0e760__00007,evansb-stellabystarlight-johnsonmlabarberaj-1980-55c0e760,Stella by Starlight,11,Bill Evans / Bill Evans,6,6,data/processed/jtd_group_cv_16/audio_24k_mono/evansb-stellabystarlight-johnsonmlabarberaj-1980-55c0e760.wav,35.000000,10.000000,24000,1980,Bill Evans,Bill Evans
evansb-stellabystarlight-johnsonmlabarberaj-1980-55c0e760__00008,evansb-stellabystarlight-johnsonmlabarberaj-1980-55c0e760,Stella by Starlight,11,Bill Evans / Bill Evans,6,6,data/processed/jtd_group_cv_16/audio_24k_mono/evansb-stellabystarlight-johnsonmlabarberaj-1980-55c0e760.wav,40.000000,10.000000,24000,1980,Bill Evans,Bill Evans
evansb-stellabystarlight-johnsonmlabarberaj-1980-55c0e760__00009,evansb-stellabystarlight-johnsonmlabarberaj-1980-55c0e760,Stella by Starlight,11,Bill Evans / Bill Evans,6,6,data/processed/jtd_group_cv_16/audio_24k_mono/evansb-stellabystarlight-johnsonmlabarberaj-1980-55c0e760.wav,45.000000,10.000000,24000,1980,Bill Evans,Bill Evans
evansb-stellabystarlight-johnsonmlabarberaj-1980-55c0e760__00010,evansb-stellabystarlight-johnsonmlabarberaj-1980-55c0e760,Stella by Starlight,11,Bill Evans / Bill Evans,6,6,data/processed/jtd_group_cv_16/audio_24k_mono/evansb-stellabystarlight-johnsonmlabarberaj-1980-55c0e760.wav,50.000000,10.000000,24000,1980,Bill Evans,Bill Evans
evansb-stellabystarlight-johnsonmlabarberaj-1980-55c0e760__00011,evansb-stellabystarlight-johnsonmlabarberaj-1980-55c0e760,Stella by Starlight,11,Bill Evans / Bill Evans,6,6,data/processed/jtd_group_cv_16/audio_24k_mono/evansb-stellabystarlight-johnsonmlabarberaj-1980-55c0e760.wav,55.000000,10.000000,24000,1980,Bill Evans,Bill Evans
evansb-stellabystarlight-johnsonmlabarberaj-1980-55c0e760__00012,evansb-stellabystarlight-johnsonmlabarberaj-1980-55c0e760,Stella by Starlight,11,Bill Evans / Bill Evans,6,6,data/processed/jtd_group_cv_16/audio_24k_mono/evansb-stellabystarlight-johnsonmlabarberaj-1980-55c0e760.wav,60.000000,10.000000,24000,1980,Bill Evans,Bill Evans
evansb-stellabystarlight-johnsonmlabarberaj-1980-55c0e760__00013,evansb-stellabystarlight-johnsonmlabarberaj-1980-55c0e760,Stella by Starlight,11,Bill Evans / Bill Evans,6,6,data/processed/jtd_group_cv_16/audio_24k_mono/evansb-stellabystarlight-johnsonmlabarberaj-1980-55c0e760.wav,65.000000,10.000000,24000,1980,Bill Evans,Bill Evans
evansb-stellabystarlight-johnsonmlabarberaj-1980-55c0e760__00014,evansb-stellabystarlight-johnsonmlabarberaj-1980-55c0e760,Stella by Starlight,11,Bill Evans / Bill Evans,6,6,data/processed/jtd_group_cv_16/audio_24k_mono/evansb-stellabystarlight-johnsonmlabarberaj-1980-55c0e760.wav,70.000000,10.000000,24000,1980,Bill Evans,Bill Evans
evansb-stellabystarlight-johnsonmlabarberaj-1980-55c0e760__00015,evansb-stellabystarlight-johnsonmlabarberaj-1980-55c0e760,Stella by Starlight,11,Bill Evans / Bill Evans,6,6,data/processed/jtd_group_cv_16/audio_24k_mono/evansb-stellabystarlight-johnsonmlabarberaj-1980-55c0e760.wav,75.000000,10.000000,24000,1980,Bill Evans,Bill Evans
evansb-stellabystarlight-johnsonmlabarberaj-1980-55c0e760__00016,evansb-stellabystarlight-johnsonmlabarberaj-1980-55c0e760,Stella by Starlight,11,Bill Evans / Bill Evans,6,6,data/processed/jtd_group_cv_16/audio_24k_mono/evansb-stellabystarlight-johnsonmlabarberaj-1980-55c0e760.wav,80.000000,10.000000,24000,1980,Bill Evans,Bill Evans
evansb-stellabystarlight-johnsonmlabarberaj-1980-55c0e760__00017,evansb-stellabystarlight-johnsonmlabarberaj-1980-55c0e760,Stella by Starlight,11,Bill Evans / Bill Evans,6,6,data/processed/jtd_group_cv_16/audio_24k_mono/evansb-stellabystarlight-johnsonmlabarberaj-1980-55c0e760.wav,85.000000,10.000000,24000,1980,Bill Evans,Bill Evans
evansb-stellabystarlight-johnsonmlabarberaj-1980-55c0e760__00018,evansb-stellabystarlight-johnsonmlabarberaj-1980-55c0e760,Stella by Starlight,11,Bill Evans / Bill Evans,6,6,data/processed/jtd_group_cv_16/audio_24k_mono/evansb-stellabystarlight-johnsonmlabarberaj-1980-55c0e760.wav,90.000000,10.000000,24000,1980,Bill Evans,Bill Evans
evansb-stellabystarlight-johnsonmlabarberaj-1980-55c0e760__00019,evansb-stellabystarlight-johnsonmlabarberaj-1980-55c0e760,Stella by Starlight,11,Bill Evans / Bill Evans,6,6,data/processed/jtd_group_cv_16/audio_24k_mono/evansb-stellabystarlight-johnsonmlabarberaj-1980-55c0e760.wav,95.000000,10.000000,24000,1980,Bill Evans,Bill Evans
jonesh-stellabystarlight-mcbrideccobbj-2006-0b84c1a7__00000,jonesh-stellabystarlight-mcbrideccobbj-2006-0b84c1a7,Stella by Starlight,11,Hank Jones / Hank Jones,4,4,data/processed/jtd_group_cv_16/audio_24k_mono/jonesh-stellabystarlight-mcbrideccobbj-2006-0b84c1a7.wav,0.000000,10.000000,24000,2006,Hank Jones,Hank Jones
jonesh-stellabystarlight-mcbrideccobbj-2006-0b84c1a7__00001,jonesh-stellabystarlight-mcbrideccobbj-2006-0b84c1a7,Stella by Starlight,11,Hank Jones / Hank Jones,4,4,data/processed/jtd_group_cv_16/audio_24k_mono/jonesh-stellabystarlight-mcbrideccobbj-2006-0b84c1a7.wav,5.000000,10.000000,24000,2006,Hank Jones,Hank Jones
jonesh-stellabystarlight-mcbrideccobbj-2006-0b84c1a7__00002,jonesh-stellabystarlight-mcbrideccobbj-2006-0b84c1a7,Stella by Starlight,11,Hank Jones / Hank Jones,4,4,data/processed/jtd_group_cv_16/audio_24k_mono/jonesh-stellabystarlight-mcbrideccobbj-2006-0b84c1a7.wav,10.000000,10.000000,24000,2006,Hank Jones,Hank Jones
jonesh-stellabystarlight-mcbrideccobbj-2006-0b84c1a7__00003,jonesh-stellabystarlight-mcbrideccobbj-2006-0b84c1a7,Stella by Starlight,11,Hank Jones / Hank Jones,4,4,data/processed/jtd_group_cv_16/audio_24k_mono/jonesh-stellabystarlight-mcbrideccobbj-2006-0b84c1a7.wav,15.000000,10.000000,24000,2006,Hank Jones,Hank Jones
jonesh-stellabystarlight-mcbrideccobbj-2006-0b84c1a7__00004,jonesh-stellabystarlight-mcbrideccobbj-2006-0b84c1a7,Stella by Starlight,11,Hank Jones / Hank Jones,4,4,data/processed/jtd_group_cv_16/audio_24k_mono/jonesh-stellabystarlight-mcbrideccobbj-2006-0b84c1a7.wav,20.000000,10.000000,24000,2006,Hank Jones,Hank Jones
jonesh-stellabystarlight-mcbrideccobbj-2006-0b84c1a7__00005,jonesh-stellabystarlight-mcbrideccobbj-2006-0b84c1a7,Stella by Starlight,11,Hank Jones / Hank Jones,4,4,data/processed/jtd_group_cv_16/audio_24k_mono/jonesh-stellabystarlight-mcbrideccobbj-2006-0b84c1a7.wav,25.000000,10.000000,24000,2006,Hank Jones,Hank Jones
hicksj-stellabystarlight-drummondrsmittym-1993-5509efbe__00000,hicksj-stellabystarlight-drummondrsmittym-1993-5509efbe,Stella by Starlight,11,John Hicks / John Hicks,7,7,data/processed/jtd_group_cv_16/audio_24k_mono/hicksj-stellabystarlight-drummondrsmittym-1993-5509efbe.wav,0.000000,10.000000,24000,1993,John Hicks,John Hicks
hicksj-stellabystarlight-drummondrsmittym-1993-5509efbe__00001,hicksj-stellabystarlight-drummondrsmittym-1993-5509efbe,Stella by Starlight,11,John Hicks / John Hicks,7,7,data/processed/jtd_group_cv_16/audio_24k_mono/hicksj-stellabystarlight-drummondrsmittym-1993-5509efbe.wav,5.000000,10.000000,24000,1993,John Hicks,John Hicks
hicksj-stellabystarlight-drummondrsmittym-1993-5509efbe__00002,hicksj-stellabystarlight-drummondrsmittym-1993-5509efbe,Stella by Starlight,11,John Hicks / John Hicks,7,7,data/processed/jtd_group_cv_16/audio_24k_mono/hicksj-stellabystarlight-drummondrsmittym-1993-5509efbe.wav,10.000000,10.000000,24000,1993,John Hicks,John Hicks
hicksj-stellabystarlight-drummondrsmittym-1993-5509efbe__00003,hicksj-stellabystarlight-drummondrsmittym-1993-5509efbe,Stella by Starlight,11,John Hicks / John Hicks,7,7,data/processed/jtd_group_cv_16/audio_24k_mono/hicksj-stellabystarlight-drummondrsmittym-1993-5509efbe.wav,15.000000,10.000000,24000,1993,John Hicks,John Hicks
hicksj-stellabystarlight-drummondrsmittym-1993-5509efbe__00004,hicksj-stellabystarlight-drummondrsmittym-1993-5509efbe,Stella by Starlight,11,John Hicks / John Hicks,7,7,data/processed/jtd_group_cv_16/audio_24k_mono/hicksj-stellabystarlight-drummondrsmittym-1993-5509efbe.wav,20.000000,10.000000,24000,1993,John Hicks,John Hicks
hicksj-stellabystarlight-drummondrsmittym-1993-5509efbe__00005,hicksj-stellabystarlight-drummondrsmittym-1993-5509efbe,Stella by Starlight,11,John Hicks / John Hicks,7,7,data/processed/jtd_group_cv_16/audio_24k_mono/hicksj-stellabystarlight-drummondrsmittym-1993-5509efbe.wav,25.000000,10.000000,24000,1993,John Hicks,John Hicks
hicksj-stellabystarlight-drummondrsmittym-1993-5509efbe__00006,hicksj-stellabystarlight-drummondrsmittym-1993-5509efbe,Stella by Starlight,11,John Hicks / John Hicks,7,7,data/processed/jtd_group_cv_16/audio_24k_mono/hicksj-stellabystarlight-drummondrsmittym-1993-5509efbe.wav,30.000000,10.000000,24000,1993,John Hicks,John Hicks
hicksj-stellabystarlight-drummondrsmittym-1993-5509efbe__00007,hicksj-stellabystarlight-drummondrsmittym-1993-5509efbe,Stella by Starlight,11,John Hicks / John Hicks,7,7,data/processed/jtd_group_cv_16/audio_24k_mono/hicksj-stellabystarlight-drummondrsmittym-1993-5509efbe.wav,35.000000,10.000000,24000,1993,John Hicks,John Hicks
hicksj-stellabystarlight-drummondrsmittym-1993-5509efbe__00008,hicksj-stellabystarlight-drummondrsmittym-1993-5509efbe,Stella by Starlight,11,John Hicks / John Hicks,7,7,data/processed/jtd_group_cv_16/audio_24k_mono/hicksj-stellabystarlight-drummondrsmittym-1993-5509efbe.wav,40.000000,10.000000,24000,1993,John Hicks,John Hicks
hicksj-stellabystarlight-drummondrsmittym-1993-5509efbe__00009,hicksj-stellabystarlight-drummondrsmittym-1993-5509efbe,Stella by Starlight,11,John Hicks / John Hicks,7,7,data/processed/jtd_group_cv_16/audio_24k_mono/hicksj-stellabystarlight-drummondrsmittym-1993-5509efbe.wav,45.000000,10.000000,24000,1993,John Hicks,John Hicks
hicksj-stellabystarlight-drummondrsmittym-1993-5509efbe__00010,hicksj-stellabystarlight-drummondrsmittym-1993-5509efbe,Stella by Starlight,11,John Hicks / John Hicks,7,7,data/processed/jtd_group_cv_16/audio_24k_mono/hicksj-stellabystarlight-drummondrsmittym-1993-5509efbe.wav,50.000000,10.000000,24000,1993,John Hicks,John Hicks
hicksj-stellabystarlight-drummondrsmittym-1993-5509efbe__00011,hicksj-stellabystarlight-drummondrsmittym-1993-5509efbe,Stella by Starlight,11,John Hicks / John Hicks,7,7,data/processed/jtd_group_cv_16/audio_24k_mono/hicksj-stellabystarlight-drummondrsmittym-1993-5509efbe.wav,55.000000,10.000000,24000,1993,John Hicks,John Hicks
hicksj-stellabystarlight-drummondrsmittym-1993-5509efbe__00012,hicksj-stellabystarlight-drummondrsmittym-1993-5509efbe,Stella by Starlight,11,John Hicks / John Hicks,7,7,data/processed/jtd_group_cv_16/audio_24k_mono/hicksj-stellabystarlight-drummondrsmittym-1993-5509efbe.wav,60.000000,10.000000,24000,1993,John Hicks,John Hicks
hicksj-stellabystarlight-drummondrsmittym-1993-5509efbe__00013,hicksj-stellabystarlight-drummondrsmittym-1993-5509efbe,Stella by Starlight,11,John Hicks / John Hicks,7,7,data/processed/jtd_group_cv_16/audio_24k_mono/hicksj-stellabystarlight-drummondrsmittym-1993-5509efbe.wav,65.000000,10.000000,24000,1993,John Hicks,John Hicks
hicksj-stellabystarlight-drummondrsmittym-1993-5509efbe__00014,hicksj-stellabystarlight-drummondrsmittym-1993-5509efbe,Stella by Starlight,11,John Hicks / John Hicks,7,7,data/processed/jtd_group_cv_16/audio_24k_mono/hicksj-stellabystarlight-drummondrsmittym-1993-5509efbe.wav,70.000000,10.000000,24000,1993,John Hicks,John Hicks
hicksj-stellabystarlight-drummondrsmittym-1993-5509efbe__00015,hicksj-stellabystarlight-drummondrsmittym-1993-5509efbe,Stella by Starlight,11,John Hicks / John Hicks,7,7,data/processed/jtd_group_cv_16/audio_24k_mono/hicksj-stellabystarlight-drummondrsmittym-1993-5509efbe.wav,75.000000,10.000000,24000,1993,John Hicks,John Hicks
hicksj-stellabystarlight-drummondrsmittym-1993-5509efbe__00016,hicksj-stellabystarlight-drummondrsmittym-1993-5509efbe,Stella by Starlight,11,John Hicks / John Hicks,7,7,data/processed/jtd_group_cv_16/audio_24k_mono/hicksj-stellabystarlight-drummondrsmittym-1993-5509efbe.wav,80.000000,10.000000,24000,1993,John Hicks,John Hicks
hicksj-stellabystarlight-drummondrsmittym-1993-5509efbe__00017,hicksj-stellabystarlight-drummondrsmittym-1993-5509efbe,Stella by Starlight,11,John Hicks / John Hicks,7,7,data/processed/jtd_group_cv_16/audio_24k_mono/hicksj-stellabystarlight-drummondrsmittym-1993-5509efbe.wav,85.000000,10.000000,24000,1993,John Hicks,John Hicks
hicksj-stellabystarlight-drummondrsmittym-1993-5509efbe__00018,hicksj-stellabystarlight-drummondrsmittym-1993-5509efbe,Stella by Starlight,11,John Hicks / John Hicks,7,7,data/processed/jtd_group_cv_16/audio_24k_mono/hicksj-stellabystarlight-drummondrsmittym-1993-5509efbe.wav,90.000000,10.000000,24000,1993,John Hicks,John Hicks
hicksj-stellabystarlight-drummondrsmittym-1993-5509efbe__00019,hicksj-stellabystarlight-drummondrsmittym-1993-5509efbe,Stella by Starlight,11,John Hicks / John Hicks,7,7,data/processed/jtd_group_cv_16/audio_24k_mono/hicksj-stellabystarlight-drummondrsmittym-1993-5509efbe.wav,95.000000,10.000000,24000,1993,John Hicks,John Hicks
hicksj-stellabystarlight-drummondrsmittym-1993-5509efbe__00020,hicksj-stellabystarlight-drummondrsmittym-1993-5509efbe,Stella by Starlight,11,John Hicks / John Hicks,7,7,data/processed/jtd_group_cv_16/audio_24k_mono/hicksj-stellabystarlight-drummondrsmittym-1993-5509efbe.wav,100.000000,10.000000,24000,1993,John Hicks,John Hicks
hicksj-stellabystarlight-drummondrsmittym-1993-5509efbe__00021,hicksj-stellabystarlight-drummondrsmittym-1993-5509efbe,Stella by Starlight,11,John Hicks / John Hicks,7,7,data/processed/jtd_group_cv_16/audio_24k_mono/hicksj-stellabystarlight-drummondrsmittym-1993-5509efbe.wav,105.000000,10.000000,24000,1993,John Hicks,John Hicks
hicksj-stellabystarlight-drummondrsmittym-1993-5509efbe__00022,hicksj-stellabystarlight-drummondrsmittym-1993-5509efbe,Stella by Starlight,11,John Hicks / John Hicks,7,7,data/processed/jtd_group_cv_16/audio_24k_mono/hicksj-stellabystarlight-drummondrsmittym-1993-5509efbe.wav,110.000000,10.000000,24000,1993,John Hicks,John Hicks
hicksj-stellabystarlight-drummondrsmittym-1993-5509efbe__00023,hicksj-stellabystarlight-drummondrsmittym-1993-5509efbe,Stella by Starlight,11,John Hicks / John Hicks,7,7,data/processed/jtd_group_cv_16/audio_24k_mono/hicksj-stellabystarlight-drummondrsmittym-1993-5509efbe.wav,115.000000,10.000000,24000,1993,John Hicks,John Hicks
hicksj-stellabystarlight-drummondrsmittym-1993-5509efbe__00024,hicksj-stellabystarlight-drummondrsmittym-1993-5509efbe,Stella by Starlight,11,John Hicks / John Hicks,7,7,data/processed/jtd_group_cv_16/audio_24k_mono/hicksj-stellabystarlight-drummondrsmittym-1993-5509efbe.wav,120.000000,10.000000,24000,1993,John Hicks,John Hicks
barronk-stellabystarlight-carterrcobhamb-2003-63b7639c__00000,barronk-stellabystarlight-carterrcobhamb-2003-63b7639c,Stella by Starlight,11,Kenny Barron / Kenny Barron,1,1,data/processed/jtd_group_cv_16/audio_24k_mono/barronk-stellabystarlight-carterrcobhamb-2003-63b7639c.wav,0.000000,10.000000,24000,2003,Kenny Barron,Kenny Barron
barronk-stellabystarlight-carterrcobhamb-2003-63b7639c__00001,barronk-stellabystarlight-carterrcobhamb-2003-63b7639c,Stella by Starlight,11,Kenny Barron / Kenny Barron,1,1,data/processed/jtd_group_cv_16/audio_24k_mono/barronk-stellabystarlight-carterrcobhamb-2003-63b7639c.wav,5.000000,10.000000,24000,2003,Kenny Barron,Kenny Barron
barronk-stellabystarlight-carterrcobhamb-2003-63b7639c__00002,barronk-stellabystarlight-carterrcobhamb-2003-63b7639c,Stella by Starlight,11,Kenny Barron / Kenny Barron,1,1,data/processed/jtd_group_cv_16/audio_24k_mono/barronk-stellabystarlight-carterrcobhamb-2003-63b7639c.wav,10.000000,10.000000,24000,2003,Kenny Barron,Kenny Barron
barronk-stellabystarlight-carterrcobhamb-2003-63b7639c__00003,barronk-stellabystarlight-carterrcobhamb-2003-63b7639c,Stella by Starlight,11,Kenny Barron / Kenny Barron,1,1,data/processed/jtd_group_cv_16/audio_24k_mono/barronk-stellabystarlight-carterrcobhamb-2003-63b7639c.wav,15.000000,10.000000,24000,2003,Kenny Barron,Kenny Barron
barronk-stellabystarlight-carterrcobhamb-2003-63b7639c__00004,barronk-stellabystarlight-carterrcobhamb-2003-63b7639c,Stella by Starlight,11,Kenny Barron / Kenny Barron,1,1,data/processed/jtd_group_cv_16/audio_24k_mono/barronk-stellabystarlight-carterrcobhamb-2003-63b7639c.wav,20.000000,10.000000,24000,2003,Kenny Barron,Kenny Barron
barronk-stellabystarlight-carterrcobhamb-2003-63b7639c__00005,barronk-stellabystarlight-carterrcobhamb-2003-63b7639c,Stella by Starlight,11,Kenny Barron / Kenny Barron,1,1,data/processed/jtd_group_cv_16/audio_24k_mono/barronk-stellabystarlight-carterrcobhamb-2003-63b7639c.wav,25.000000,10.000000,24000,2003,Kenny Barron,Kenny Barron
barronk-stellabystarlight-carterrcobhamb-2003-63b7639c__00006,barronk-stellabystarlight-carterrcobhamb-2003-63b7639c,Stella by Starlight,11,Kenny Barron / Kenny Barron,1,1,data/processed/jtd_group_cv_16/audio_24k_mono/barronk-stellabystarlight-carterrcobhamb-2003-63b7639c.wav,30.000000,10.000000,24000,2003,Kenny Barron,Kenny Barron
barronk-stellabystarlight-carterrcobhamb-2003-63b7639c__00007,barronk-stellabystarlight-carterrcobhamb-2003-63b7639c,Stella by Starlight,11,Kenny Barron / Kenny Barron,1,1,data/processed/jtd_group_cv_16/audio_24k_mono/barronk-stellabystarlight-carterrcobhamb-2003-63b7639c.wav,35.000000,10.000000,24000,2003,Kenny Barron,Kenny Barron
barronk-stellabystarlight-carterrcobhamb-2003-63b7639c__00008,barronk-stellabystarlight-carterrcobhamb-2003-63b7639c,Stella by Starlight,11,Kenny Barron / Kenny Barron,1,1,data/processed/jtd_group_cv_16/audio_24k_mono/barronk-stellabystarlight-carterrcobhamb-2003-63b7639c.wav,40.000000,10.000000,24000,2003,Kenny Barron,Kenny Barron
barronk-stellabystarlight-carterrcobhamb-2003-63b7639c__00009,barronk-stellabystarlight-carterrcobhamb-2003-63b7639c,Stella by Starlight,11,Kenny Barron / Kenny Barron,1,1,data/processed/jtd_group_cv_16/audio_24k_mono/barronk-stellabystarlight-carterrcobhamb-2003-63b7639c.wav,45.000000,10.000000,24000,2003,Kenny Barron,Kenny Barron
barronk-stellabystarlight-carterrcobhamb-2003-63b7639c__00010,barronk-stellabystarlight-carterrcobhamb-2003-63b7639c,Stella by Starlight,11,Kenny Barron / Kenny Barron,1,1,data/processed/jtd_group_cv_16/audio_24k_mono/barronk-stellabystarlight-carterrcobhamb-2003-63b7639c.wav,50.000000,10.000000,24000,2003,Kenny Barron,Kenny Barron
barronk-stellabystarlight-carterrcobhamb-2003-63b7639c__00011,barronk-stellabystarlight-carterrcobhamb-2003-63b7639c,Stella by Starlight,11,Kenny Barron / Kenny Barron,1,1,data/processed/jtd_group_cv_16/audio_24k_mono/barronk-stellabystarlight-carterrcobhamb-2003-63b7639c.wav,55.000000,10.000000,24000,2003,Kenny Barron,Kenny Barron
barronk-stellabystarlight-carterrcobhamb-2003-63b7639c__00012,barronk-stellabystarlight-carterrcobhamb-2003-63b7639c,Stella by Starlight,11,Kenny Barron / Kenny Barron,1,1,data/processed/jtd_group_cv_16/audio_24k_mono/barronk-stellabystarlight-carterrcobhamb-2003-63b7639c.wav,60.000000,10.000000,24000,2003,Kenny Barron,Kenny Barron
barronk-stellabystarlight-carterrcobhamb-2003-63b7639c__00013,barronk-stellabystarlight-carterrcobhamb-2003-63b7639c,Stella by Starlight,11,Kenny Barron / Kenny Barron,1,1,data/processed/jtd_group_cv_16/audio_24k_mono/barronk-stellabystarlight-carterrcobhamb-2003-63b7639c.wav,65.000000,10.000000,24000,2003,Kenny Barron,Kenny Barron
barronk-stellabystarlight-carterrcobhamb-2003-63b7639c__00014,barronk-stellabystarlight-carterrcobhamb-2003-63b7639c,Stella by Starlight,11,Kenny Barron / Kenny Barron,1,1,data/processed/jtd_group_cv_16/audio_24k_mono/barronk-stellabystarlight-carterrcobhamb-2003-63b7639c.wav,70.000000,10.000000,24000,2003,Kenny Barron,Kenny Barron
barronk-stellabystarlight-carterrcobhamb-2003-63b7639c__00015,barronk-stellabystarlight-carterrcobhamb-2003-63b7639c,Stella by Starlight,11,Kenny Barron / Kenny Barron,1,1,data/processed/jtd_group_cv_16/audio_24k_mono/barronk-stellabystarlight-carterrcobhamb-2003-63b7639c.wav,75.000000,10.000000,24000,2003,Kenny Barron,Kenny Barron
barronk-stellabystarlight-carterrcobhamb-2003-63b7639c__00016,barronk-stellabystarlight-carterrcobhamb-2003-63b7639c,Stella by Starlight,11,Kenny Barron / Kenny Barron,1,1,data/processed/jtd_group_cv_16/audio_24k_mono/barronk-stellabystarlight-carterrcobhamb-2003-63b7639c.wav,80.000000,10.000000,24000,2003,Kenny Barron,Kenny Barron
barronk-stellabystarlight-carterrcobhamb-2003-63b7639c__00017,barronk-stellabystarlight-carterrcobhamb-2003-63b7639c,Stella by Starlight,11,Kenny Barron / Kenny Barron,1,1,data/processed/jtd_group_cv_16/audio_24k_mono/barronk-stellabystarlight-carterrcobhamb-2003-63b7639c.wav,85.000000,10.000000,24000,2003,Kenny Barron,Kenny Barron
barronk-stellabystarlight-carterrcobhamb-2003-63b7639c__00018,barronk-stellabystarlight-carterrcobhamb-2003-63b7639c,Stella by Starlight,11,Kenny Barron / Kenny Barron,1,1,data/processed/jtd_group_cv_16/audio_24k_mono/barronk-stellabystarlight-carterrcobhamb-2003-63b7639c.wav,90.000000,10.000000,24000,2003,Kenny Barron,Kenny Barron
barronk-stellabystarlight-carterrcobhamb-2003-63b7639c__00019,barronk-stellabystarlight-carterrcobhamb-2003-63b7639c,Stella by Starlight,11,Kenny Barron / Kenny Barron,1,1,data/processed/jtd_group_cv_16/audio_24k_mono/barronk-stellabystarlight-carterrcobhamb-2003-63b7639c.wav,95.000000,10.000000,24000,2003,Kenny Barron,Kenny Barron
barronk-stellabystarlight-carterrcobhamb-2003-63b7639c__00020,barronk-stellabystarlight-carterrcobhamb-2003-63b7639c,Stella by Starlight,11,Kenny Barron / Kenny Barron,1,1,data/processed/jtd_group_cv_16/audio_24k_mono/barronk-stellabystarlight-carterrcobhamb-2003-63b7639c.wav,100.000000,10.000000,24000,2003,Kenny Barron,Kenny Barron
barronk-stellabystarlight-carterrcobhamb-2003-63b7639c__00021,barronk-stellabystarlight-carterrcobhamb-2003-63b7639c,Stella by Starlight,11,Kenny Barron / Kenny Barron,1,1,data/processed/jtd_group_cv_16/audio_24k_mono/barronk-stellabystarlight-carterrcobhamb-2003-63b7639c.wav,105.000000,10.000000,24000,2003,Kenny Barron,Kenny Barron
barronk-stellabystarlight-carterrcobhamb-2003-63b7639c__00022,barronk-stellabystarlight-carterrcobhamb-2003-63b7639c,Stella by Starlight,11,Kenny Barron / Kenny Barron,1,1,data/processed/jtd_group_cv_16/audio_24k_mono/barronk-stellabystarlight-carterrcobhamb-2003-63b7639c.wav,110.000000,10.000000,24000,2003,Kenny Barron,Kenny Barron
barronk-stellabystarlight-carterrcobhamb-2003-63b7639c__00023,barronk-stellabystarlight-carterrcobhamb-2003-63b7639c,Stella by Starlight,11,Kenny Barron / Kenny Barron,1,1,data/processed/jtd_group_cv_16/audio_24k_mono/barronk-stellabystarlight-carterrcobhamb-2003-63b7639c.wav,115.000000,10.000000,24000,2003,Kenny Barron,Kenny Barron
barronk-stellabystarlight-carterrcobhamb-2003-63b7639c__00024,barronk-stellabystarlight-carterrcobhamb-2003-63b7639c,Stella by Starlight,11,Kenny Barron / Kenny Barron,1,1,data/processed/jtd_group_cv_16/audio_24k_mono/barronk-stellabystarlight-carterrcobhamb-2003-63b7639c.wav,120.000000,10.000000,24000,2003,Kenny Barron,Kenny Barron
barronk-stellabystarlight-carterrcobhamb-2003-63b7639c__00025,barronk-stellabystarlight-carterrcobhamb-2003-63b7639c,Stella by Starlight,11,Kenny Barron / Kenny Barron,1,1,data/processed/jtd_group_cv_16/audio_24k_mono/barronk-stellabystarlight-carterrcobhamb-2003-63b7639c.wav,125.000000,10.000000,24000,2003,Kenny Barron,Kenny Barron
barronk-stellabystarlight-carterrcobhamb-2003-63b7639c__00026,barronk-stellabystarlight-carterrcobhamb-2003-63b7639c,Stella by Starlight,11,Kenny Barron / Kenny Barron,1,1,data/processed/jtd_group_cv_16/audio_24k_mono/barronk-stellabystarlight-carterrcobhamb-2003-63b7639c.wav,130.000000,10.000000,24000,2003,Kenny Barron,Kenny Barron
barronk-stellabystarlight-carterrcobhamb-2003-63b7639c__00027,barronk-stellabystarlight-carterrcobhamb-2003-63b7639c,Stella by Starlight,11,Kenny Barron / Kenny Barron,1,1,data/processed/jtd_group_cv_16/audio_24k_mono/barronk-stellabystarlight-carterrcobhamb-2003-63b7639c.wav,135.000000,10.000000,24000,2003,Kenny Barron,Kenny Barron
barronk-stellabystarlight-carterrcobhamb-2003-63b7639c__00028,barronk-stellabystarlight-carterrcobhamb-2003-63b7639c,Stella by Starlight,11,Kenny Barron / Kenny Barron,1,1,data/processed/jtd_group_cv_16/audio_24k_mono/barronk-stellabystarlight-carterrcobhamb-2003-63b7639c.wav,140.000000,10.000000,24000,2003,Kenny Barron,Kenny Barron
barronk-stellabystarlight-carterrcobhamb-2003-63b7639c__00029,barronk-stellabystarlight-carterrcobhamb-2003-63b7639c,Stella by Starlight,11,Kenny Barron / Kenny Barron,1,1,data/processed/jtd_group_cv_16/audio_24k_mono/barronk-stellabystarlight-carterrcobhamb-2003-63b7639c.wav,145.000000,10.000000,24000,2003,Kenny Barron,Kenny Barron
barronk-stellabystarlight-carterrcobhamb-2003-63b7639c__00030,barronk-stellabystarlight-carterrcobhamb-2003-63b7639c,Stella by Starlight,11,Kenny Barron / Kenny Barron,1,1,data/processed/jtd_group_cv_16/audio_24k_mono/barronk-stellabystarlight-carterrcobhamb-2003-63b7639c.wav,150.000000,10.000000,24000,2003,Kenny Barron,Kenny Barron
barronk-stellabystarlight-carterrcobhamb-2003-63b7639c__00031,barronk-stellabystarlight-carterrcobhamb-2003-63b7639c,Stella by Starlight,11,Kenny Barron / Kenny Barron,1,1,data/processed/jtd_group_cv_16/audio_24k_mono/barronk-stellabystarlight-carterrcobhamb-2003-63b7639c.wav,155.000000,10.000000,24000,2003,Kenny Barron,Kenny Barron
barronk-stellabystarlight-carterrcobhamb-2003-63b7639c__00032,barronk-stellabystarlight-carterrcobhamb-2003-63b7639c,Stella by Starlight,11,Kenny Barron / Kenny Barron,1,1,data/processed/jtd_group_cv_16/audio_24k_mono/barronk-stellabystarlight-carterrcobhamb-2003-63b7639c.wav,160.000000,10.000000,24000,2003,Kenny Barron,Kenny Barron
barronk-stellabystarlight-carterrcobhamb-2003-63b7639c__00033,barronk-stellabystarlight-carterrcobhamb-2003-63b7639c,Stella by Starlight,11,Kenny Barron / Kenny Barron,1,1,data/processed/jtd_group_cv_16/audio_24k_mono/barronk-stellabystarlight-carterrcobhamb-2003-63b7639c.wav,165.000000,10.000000,24000,2003,Kenny Barron,Kenny Barron
barronk-stellabystarlight-carterrcobhamb-2003-63b7639c__00034,barronk-stellabystarlight-carterrcobhamb-2003-63b7639c,Stella by Starlight,11,Kenny Barron / Kenny Barron,1,1,data/processed/jtd_group_cv_16/audio_24k_mono/barronk-stellabystarlight-carterrcobhamb-2003-63b7639c.wav,170.000000,10.000000,24000,2003,Kenny Barron,Kenny Barron
barronk-stellabystarlight-carterrcobhamb-2003-63b7639c__00035,barronk-stellabystarlight-carterrcobhamb-2003-63b7639c,Stella by Starlight,11,Kenny Barron / Kenny Barron,1,1,data/processed/jtd_group_cv_16/audio_24k_mono/barronk-stellabystarlight-carterrcobhamb-2003-63b7639c.wav,175.000000,10.000000,24000,2003,Kenny Barron,Kenny Barron
barronk-stellabystarlight-carterrcobhamb-2003-63b7639c__00036,barronk-stellabystarlight-carterrcobhamb-2003-63b7639c,Stella by Starlight,11,Kenny Barron / Kenny Barron,1,1,data/processed/jtd_group_cv_16/audio_24k_mono/barronk-stellabystarlight-carterrcobhamb-2003-63b7639c.wav,180.000000,10.000000,24000,2003,Kenny Barron,Kenny Barron
barronk-stellabystarlight-carterrcobhamb-2003-63b7639c__00037,barronk-stellabystarlight-carterrcobhamb-2003-63b7639c,Stella by Starlight,11,Kenny Barron / Kenny Barron,1,1,data/processed/jtd_group_cv_16/audio_24k_mono/barronk-stellabystarlight-carterrcobhamb-2003-63b7639c.wav,185.000000,10.000000,24000,2003,Kenny Barron,Kenny Barron
drewk-stellabystarlight-russellcblakeya-1951-e9851153__00000,drewk-stellabystarlight-russellcblakeya-1951-e9851153,Stella by Starlight,11,Kenny Drew / Kenny Drew,0,0,data/processed/jtd_group_cv_16/audio_24k_mono/drewk-stellabystarlight-russellcblakeya-1951-e9851153.wav,0.000000,10.000000,24000,1951,Kenny Drew,Kenny Drew
drewk-stellabystarlight-russellcblakeya-1951-e9851153__00001,drewk-stellabystarlight-russellcblakeya-1951-e9851153,Stella by Starlight,11,Kenny Drew / Kenny Drew,0,0,data/processed/jtd_group_cv_16/audio_24k_mono/drewk-stellabystarlight-russellcblakeya-1951-e9851153.wav,5.000000,10.000000,24000,1951,Kenny Drew,Kenny Drew
drewk-stellabystarlight-russellcblakeya-1951-e9851153__00002,drewk-stellabystarlight-russellcblakeya-1951-e9851153,Stella by Starlight,11,Kenny Drew / Kenny Drew,0,0,data/processed/jtd_group_cv_16/audio_24k_mono/drewk-stellabystarlight-russellcblakeya-1951-e9851153.wav,10.000000,10.000000,24000,1951,Kenny Drew,Kenny Drew
drewk-stellabystarlight-russellcblakeya-1951-e9851153__00003,drewk-stellabystarlight-russellcblakeya-1951-e9851153,Stella by Starlight,11,Kenny Drew / Kenny Drew,0,0,data/processed/jtd_group_cv_16/audio_24k_mono/drewk-stellabystarlight-russellcblakeya-1951-e9851153.wav,15.000000,10.000000,24000,1951,Kenny Drew,Kenny Drew
drewk-stellabystarlight-russellcblakeya-1951-e9851153__00004,drewk-stellabystarlight-russellcblakeya-1951-e9851153,Stella by Starlight,11,Kenny Drew / Kenny Drew,0,0,data/processed/jtd_group_cv_16/audio_24k_mono/drewk-stellabystarlight-russellcblakeya-1951-e9851153.wav,20.000000,10.000000,24000,1951,Kenny Drew,Kenny Drew
drewk-stellabystarlight-russellcblakeya-1951-e9851153__00005,drewk-stellabystarlight-russellcblakeya-1951-e9851153,Stella by Starlight,11,Kenny Drew / Kenny Drew,0,0,data/processed/jtd_group_cv_16/audio_24k_mono/drewk-stellabystarlight-russellcblakeya-1951-e9851153.wav,25.000000,10.000000,24000,1951,Kenny Drew,Kenny Drew
drewk-stellabystarlight-russellcblakeya-1951-e9851153__00006,drewk-stellabystarlight-russellcblakeya-1951-e9851153,Stella by Starlight,11,Kenny Drew / Kenny Drew,0,0,data/processed/jtd_group_cv_16/audio_24k_mono/drewk-stellabystarlight-russellcblakeya-1951-e9851153.wav,30.000000,10.000000,24000,1951,Kenny Drew,Kenny Drew
drewk-stellabystarlight-russellcblakeya-1951-e9851153__00007,drewk-stellabystarlight-russellcblakeya-1951-e9851153,Stella by Starlight,11,Kenny Drew / Kenny Drew,0,0,data/processed/jtd_group_cv_16/audio_24k_mono/drewk-stellabystarlight-russellcblakeya-1951-e9851153.wav,35.000000,10.000000,24000,1951,Kenny Drew,Kenny Drew
drewk-stellabystarlight-russellcblakeya-1951-e9851153__00008,drewk-stellabystarlight-russellcblakeya-1951-e9851153,Stella by Starlight,11,Kenny Drew / Kenny Drew,0,0,data/processed/jtd_group_cv_16/audio_24k_mono/drewk-stellabystarlight-russellcblakeya-1951-e9851153.wav,40.000000,10.000000,24000,1951,Kenny Drew,Kenny Drew
drewk-stellabystarlight-russellcblakeya-1951-e9851153__00009,drewk-stellabystarlight-russellcblakeya-1951-e9851153,Stella by Starlight,11,Kenny Drew / Kenny Drew,0,0,data/processed/jtd_group_cv_16/audio_24k_mono/drewk-stellabystarlight-russellcblakeya-1951-e9851153.wav,45.000000,10.000000,24000,1951,Kenny Drew,Kenny Drew
petersono-stellabystarlight-jonesshayesl-1966-990184dc__00000,petersono-stellabystarlight-jonesshayesl-1966-990184dc,Stella by Starlight,11,Oscar Peterson / Oscar Peterson,3,3,data/processed/jtd_group_cv_16/audio_24k_mono/petersono-stellabystarlight-jonesshayesl-1966-990184dc.wav,0.000000,10.000000,24000,1966,Oscar Peterson,Oscar Peterson
petersono-stellabystarlight-jonesshayesl-1966-990184dc__00001,petersono-stellabystarlight-jonesshayesl-1966-990184dc,Stella by Starlight,11,Oscar Peterson / Oscar Peterson,3,3,data/processed/jtd_group_cv_16/audio_24k_mono/petersono-stellabystarlight-jonesshayesl-1966-990184dc.wav,5.000000,10.000000,24000,1966,Oscar Peterson,Oscar Peterson
petersono-stellabystarlight-jonesshayesl-1966-990184dc__00002,petersono-stellabystarlight-jonesshayesl-1966-990184dc,Stella by Starlight,11,Oscar Peterson / Oscar Peterson,3,3,data/processed/jtd_group_cv_16/audio_24k_mono/petersono-stellabystarlight-jonesshayesl-1966-990184dc.wav,10.000000,10.000000,24000,1966,Oscar Peterson,Oscar Peterson
petersono-stellabystarlight-jonesshayesl-1966-990184dc__00003,petersono-stellabystarlight-jonesshayesl-1966-990184dc,Stella by Starlight,11,Oscar Peterson / Oscar Peterson,3,3,data/processed/jtd_group_cv_16/audio_24k_mono/petersono-stellabystarlight-jonesshayesl-1966-990184dc.wav,15.000000,10.000000,24000,1966,Oscar Peterson,Oscar Peterson
petersono-stellabystarlight-jonesshayesl-1966-990184dc__00004,petersono-stellabystarlight-jonesshayesl-1966-990184dc,Stella by Starlight,11,Oscar Peterson / Oscar Peterson,3,3,data/processed/jtd_group_cv_16/audio_24k_mono/petersono-stellabystarlight-jonesshayesl-1966-990184dc.wav,20.000000,10.000000,24000,1966,Oscar Peterson,Oscar Peterson
petersono-stellabystarlight-jonesshayesl-1966-990184dc__00005,petersono-stellabystarlight-jonesshayesl-1966-990184dc,Stella by Starlight,11,Oscar Peterson / Oscar Peterson,3,3,data/processed/jtd_group_cv_16/audio_24k_mono/petersono-stellabystarlight-jonesshayesl-1966-990184dc.wav,25.000000,10.000000,24000,1966,Oscar Peterson,Oscar Peterson
petersono-stellabystarlight-jonesshayesl-1966-990184dc__00006,petersono-stellabystarlight-jonesshayesl-1966-990184dc,Stella by Starlight,11,Oscar Peterson / Oscar Peterson,3,3,data/processed/jtd_group_cv_16/audio_24k_mono/petersono-stellabystarlight-jonesshayesl-1966-990184dc.wav,30.000000,10.000000,24000,1966,Oscar Peterson,Oscar Peterson
petersono-stellabystarlight-jonesshayesl-1966-990184dc__00007,petersono-stellabystarlight-jonesshayesl-1966-990184dc,Stella by Starlight,11,Oscar Peterson / Oscar Peterson,3,3,data/processed/jtd_group_cv_16/audio_24k_mono/petersono-stellabystarlight-jonesshayesl-1966-990184dc.wav,35.000000,10.000000,24000,1966,Oscar Peterson,Oscar Peterson
petersono-stellabystarlight-jonesshayesl-1966-990184dc__00008,petersono-stellabystarlight-jonesshayesl-1966-990184dc,Stella by Starlight,11,Oscar Peterson / Oscar Peterson,3,3,data/processed/jtd_group_cv_16/audio_24k_mono/petersono-stellabystarlight-jonesshayesl-1966-990184dc.wav,40.000000,10.000000,24000,1966,Oscar Peterson,Oscar Peterson
petersono-stellabystarlight-jonesshayesl-1966-990184dc__00009,petersono-stellabystarlight-jonesshayesl-1966-990184dc,Stella by Starlight,11,Oscar Peterson / Oscar Peterson,3,3,data/processed/jtd_group_cv_16/audio_24k_mono/petersono-stellabystarlight-jonesshayesl-1966-990184dc.wav,45.000000,10.000000,24000,1966,Oscar Peterson,Oscar Peterson
petersono-stellabystarlight-jonesshayesl-1966-990184dc__00010,petersono-stellabystarlight-jonesshayesl-1966-990184dc,Stella by Starlight,11,Oscar Peterson / Oscar Peterson,3,3,data/processed/jtd_group_cv_16/audio_24k_mono/petersono-stellabystarlight-jonesshayesl-1966-990184dc.wav,50.000000,10.000000,24000,1966,Oscar Peterson,Oscar Peterson
petersono-stellabystarlight-jonesshayesl-1966-990184dc__00011,petersono-stellabystarlight-jonesshayesl-1966-990184dc,Stella by Starlight,11,Oscar Peterson / Oscar Peterson,3,3,data/processed/jtd_group_cv_16/audio_24k_mono/petersono-stellabystarlight-jonesshayesl-1966-990184dc.wav,55.000000,10.000000,24000,1966,Oscar Peterson,Oscar Peterson
petersono-stellabystarlight-jonesshayesl-1966-990184dc__00012,petersono-stellabystarlight-jonesshayesl-1966-990184dc,Stella by Starlight,11,Oscar Peterson / Oscar Peterson,3,3,data/processed/jtd_group_cv_16/audio_24k_mono/petersono-stellabystarlight-jonesshayesl-1966-990184dc.wav,60.000000,10.000000,24000,1966,Oscar Peterson,Oscar Peterson
petersono-stellabystarlight-jonesshayesl-1966-990184dc__00013,petersono-stellabystarlight-jonesshayesl-1966-990184dc,Stella by Starlight,11,Oscar Peterson / Oscar Peterson,3,3,data/processed/jtd_group_cv_16/audio_24k_mono/petersono-stellabystarlight-jonesshayesl-1966-990184dc.wav,65.000000,10.000000,24000,1966,Oscar Peterson,Oscar Peterson
petersono-stellabystarlight-jonesshayesl-1966-990184dc__00014,petersono-stellabystarlight-jonesshayesl-1966-990184dc,Stella by Starlight,11,Oscar Peterson / Oscar Peterson,3,3,data/processed/jtd_group_cv_16/audio_24k_mono/petersono-stellabystarlight-jonesshayesl-1966-990184dc.wav,70.000000,10.000000,24000,1966,Oscar Peterson,Oscar Peterson
petersono-stellabystarlight-jonesshayesl-1966-990184dc__00015,petersono-stellabystarlight-jonesshayesl-1966-990184dc,Stella by Starlight,11,Oscar Peterson / Oscar Peterson,3,3,data/processed/jtd_group_cv_16/audio_24k_mono/petersono-stellabystarlight-jonesshayesl-1966-990184dc.wav,75.000000,10.000000,24000,1966,Oscar Peterson,Oscar Peterson
petersono-stellabystarlight-jonesshayesl-1966-990184dc__00016,petersono-stellabystarlight-jonesshayesl-1966-990184dc,Stella by Starlight,11,Oscar Peterson / Oscar Peterson,3,3,data/processed/jtd_group_cv_16/audio_24k_mono/petersono-stellabystarlight-jonesshayesl-1966-990184dc.wav,80.000000,10.000000,24000,1966,Oscar Peterson,Oscar Peterson
petersono-stellabystarlight-jonesshayesl-1966-990184dc__00017,petersono-stellabystarlight-jonesshayesl-1966-990184dc,Stella by Starlight,11,Oscar Peterson / Oscar Peterson,3,3,data/processed/jtd_group_cv_16/audio_24k_mono/petersono-stellabystarlight-jonesshayesl-1966-990184dc.wav,85.000000,10.000000,24000,1966,Oscar Peterson,Oscar Peterson
petersono-stellabystarlight-jonesshayesl-1966-990184dc__00018,petersono-stellabystarlight-jonesshayesl-1966-990184dc,Stella by Starlight,11,Oscar Peterson / Oscar Peterson,3,3,data/processed/jtd_group_cv_16/audio_24k_mono/petersono-stellabystarlight-jonesshayesl-1966-990184dc.wav,90.000000,10.000000,24000,1966,Oscar Peterson,Oscar Peterson
petersono-stellabystarlight-jonesshayesl-1966-990184dc__00019,petersono-stellabystarlight-jonesshayesl-1966-990184dc,Stella by Starlight,11,Oscar Peterson / Oscar Peterson,3,3,data/processed/jtd_group_cv_16/audio_24k_mono/petersono-stellabystarlight-jonesshayesl-1966-990184dc.wav,95.000000,10.000000,24000,1966,Oscar Peterson,Oscar Peterson
petersono-stellabystarlight-jonesshayesl-1966-990184dc__00020,petersono-stellabystarlight-jonesshayesl-1966-990184dc,Stella by Starlight,11,Oscar Peterson / Oscar Peterson,3,3,data/processed/jtd_group_cv_16/audio_24k_mono/petersono-stellabystarlight-jonesshayesl-1966-990184dc.wav,100.000000,10.000000,24000,1966,Oscar Peterson,Oscar Peterson
petersono-stellabystarlight-jonesshayesl-1966-990184dc__00021,petersono-stellabystarlight-jonesshayesl-1966-990184dc,Stella by Starlight,11,Oscar Peterson / Oscar Peterson,3,3,data/processed/jtd_group_cv_16/audio_24k_mono/petersono-stellabystarlight-jonesshayesl-1966-990184dc.wav,105.000000,10.000000,24000,1966,Oscar Peterson,Oscar Peterson
petersono-stellabystarlight-jonesshayesl-1966-990184dc__00022,petersono-stellabystarlight-jonesshayesl-1966-990184dc,Stella by Starlight,11,Oscar Peterson / Oscar Peterson,3,3,data/processed/jtd_group_cv_16/audio_24k_mono/petersono-stellabystarlight-jonesshayesl-1966-990184dc.wav,110.000000,10.000000,24000,1966,Oscar Peterson,Oscar Peterson
petersono-stellabystarlight-jonesshayesl-1966-990184dc__00023,petersono-stellabystarlight-jonesshayesl-1966-990184dc,Stella by Starlight,11,Oscar Peterson / Oscar Peterson,3,3,data/processed/jtd_group_cv_16/audio_24k_mono/petersono-stellabystarlight-jonesshayesl-1966-990184dc.wav,115.000000,10.000000,24000,1966,Oscar Peterson,Oscar Peterson
cowells-stellabystarlight-thomascthomasw-1993-6e5a304e__00000,cowells-stellabystarlight-thomascthomasw-1993-6e5a304e,Stella by Starlight,11,Stanley Cowell / Stanley Cowell,2,2,data/processed/jtd_group_cv_16/audio_24k_mono/cowells-stellabystarlight-thomascthomasw-1993-6e5a304e.wav,0.000000,10.000000,24000,1993,Stanley Cowell,Stanley Cowell
cowells-stellabystarlight-thomascthomasw-1993-6e5a304e__00001,cowells-stellabystarlight-thomascthomasw-1993-6e5a304e,Stella by Starlight,11,Stanley Cowell / Stanley Cowell,2,2,data/processed/jtd_group_cv_16/audio_24k_mono/cowells-stellabystarlight-thomascthomasw-1993-6e5a304e.wav,5.000000,10.000000,24000,1993,Stanley Cowell,Stanley Cowell
cowells-stellabystarlight-thomascthomasw-1993-6e5a304e__00002,cowells-stellabystarlight-thomascthomasw-1993-6e5a304e,Stella by Starlight,11,Stanley Cowell / Stanley Cowell,2,2,data/processed/jtd_group_cv_16/audio_24k_mono/cowells-stellabystarlight-thomascthomasw-1993-6e5a304e.wav,10.000000,10.000000,24000,1993,Stanley Cowell,Stanley Cowell
cowells-stellabystarlight-thomascthomasw-1993-6e5a304e__00003,cowells-stellabystarlight-thomascthomasw-1993-6e5a304e,Stella by Starlight,11,Stanley Cowell / Stanley Cowell,2,2,data/processed/jtd_group_cv_16/audio_24k_mono/cowells-stellabystarlight-thomascthomasw-1993-6e5a304e.wav,15.000000,10.000000,24000,1993,Stanley Cowell,Stanley Cowell
cowells-stellabystarlight-thomascthomasw-1993-6e5a304e__00004,cowells-stellabystarlight-thomascthomasw-1993-6e5a304e,Stella by Starlight,11,Stanley Cowell / Stanley Cowell,2,2,data/processed/jtd_group_cv_16/audio_24k_mono/cowells-stellabystarlight-thomascthomasw-1993-6e5a304e.wav,20.000000,10.000000,24000,1993,Stanley Cowell,Stanley Cowell
cowells-stellabystarlight-thomascthomasw-1993-6e5a304e__00005,cowells-stellabystarlight-thomascthomasw-1993-6e5a304e,Stella by Starlight,11,Stanley Cowell / Stanley Cowell,2,2,data/processed/jtd_group_cv_16/audio_24k_mono/cowells-stellabystarlight-thomascthomasw-1993-6e5a304e.wav,25.000000,10.000000,24000,1993,Stanley Cowell,Stanley Cowell
cowells-stellabystarlight-thomascthomasw-1993-6e5a304e__00006,cowells-stellabystarlight-thomascthomasw-1993-6e5a304e,Stella by Starlight,11,Stanley Cowell / Stanley Cowell,2,2,data/processed/jtd_group_cv_16/audio_24k_mono/cowells-stellabystarlight-thomascthomasw-1993-6e5a304e.wav,30.000000,10.000000,24000,1993,Stanley Cowell,Stanley Cowell
cowells-stellabystarlight-thomascthomasw-1993-6e5a304e__00007,cowells-stellabystarlight-thomascthomasw-1993-6e5a304e,Stella by Starlight,11,Stanley Cowell / Stanley Cowell,2,2,data/processed/jtd_group_cv_16/audio_24k_mono/cowells-stellabystarlight-thomascthomasw-1993-6e5a304e.wav,35.000000,10.000000,24000,1993,Stanley Cowell,Stanley Cowell
cowells-stellabystarlight-thomascthomasw-1993-6e5a304e__00008,cowells-stellabystarlight-thomascthomasw-1993-6e5a304e,Stella by Starlight,11,Stanley Cowell / Stanley Cowell,2,2,data/processed/jtd_group_cv_16/audio_24k_mono/cowells-stellabystarlight-thomascthomasw-1993-6e5a304e.wav,40.000000,10.000000,24000,1993,Stanley Cowell,Stanley Cowell
cowells-stellabystarlight-thomascthomasw-1993-6e5a304e__00009,cowells-stellabystarlight-thomascthomasw-1993-6e5a304e,Stella by Starlight,11,Stanley Cowell / Stanley Cowell,2,2,data/processed/jtd_group_cv_16/audio_24k_mono/cowells-stellabystarlight-thomascthomasw-1993-6e5a304e.wav,45.000000,10.000000,24000,1993,Stanley Cowell,Stanley Cowell
cowells-stellabystarlight-thomascthomasw-1993-6e5a304e__00010,cowells-stellabystarlight-thomascthomasw-1993-6e5a304e,Stella by Starlight,11,Stanley Cowell / Stanley Cowell,2,2,data/processed/jtd_group_cv_16/audio_24k_mono/cowells-stellabystarlight-thomascthomasw-1993-6e5a304e.wav,50.000000,10.000000,24000,1993,Stanley Cowell,Stanley Cowell
cowells-stellabystarlight-thomascthomasw-1993-6e5a304e__00011,cowells-stellabystarlight-thomascthomasw-1993-6e5a304e,Stella by Starlight,11,Stanley Cowell / Stanley Cowell,2,2,data/processed/jtd_group_cv_16/audio_24k_mono/cowells-stellabystarlight-thomascthomasw-1993-6e5a304e.wav,55.000000,10.000000,24000,1993,Stanley Cowell,Stanley Cowell
cowells-stellabystarlight-thomascthomasw-1993-6e5a304e__00012,cowells-stellabystarlight-thomascthomasw-1993-6e5a304e,Stella by Starlight,11,Stanley Cowell / Stanley Cowell,2,2,data/processed/jtd_group_cv_16/audio_24k_mono/cowells-stellabystarlight-thomascthomasw-1993-6e5a304e.wav,60.000000,10.000000,24000,1993,Stanley Cowell,Stanley Cowell
cowells-stellabystarlight-thomascthomasw-1993-6e5a304e__00013,cowells-stellabystarlight-thomascthomasw-1993-6e5a304e,Stella by Starlight,11,Stanley Cowell / Stanley Cowell,2,2,data/processed/jtd_group_cv_16/audio_24k_mono/cowells-stellabystarlight-thomascthomasw-1993-6e5a304e.wav,65.000000,10.000000,24000,1993,Stanley Cowell,Stanley Cowell
cowells-stellabystarlight-thomascthomasw-1993-6e5a304e__00014,cowells-stellabystarlight-thomascthomasw-1993-6e5a304e,Stella by Starlight,11,Stanley Cowell / Stanley Cowell,2,2,data/processed/jtd_group_cv_16/audio_24k_mono/cowells-stellabystarlight-thomascthomasw-1993-6e5a304e.wav,70.000000,10.000000,24000,1993,Stanley Cowell,Stanley Cowell
cowells-stellabystarlight-thomascthomasw-1993-6e5a304e__00015,cowells-stellabystarlight-thomascthomasw-1993-6e5a304e,Stella by Starlight,11,Stanley Cowell / Stanley Cowell,2,2,data/processed/jtd_group_cv_16/audio_24k_mono/cowells-stellabystarlight-thomascthomasw-1993-6e5a304e.wav,75.000000,10.000000,24000,1993,Stanley Cowell,Stanley Cowell
cowells-stellabystarlight-thomascthomasw-1993-6e5a304e__00016,cowells-stellabystarlight-thomascthomasw-1993-6e5a304e,Stella by Starlight,11,Stanley Cowell / Stanley Cowell,2,2,data/processed/jtd_group_cv_16/audio_24k_mono/cowells-stellabystarlight-thomascthomasw-1993-6e5a304e.wav,80.000000,10.000000,24000,1993,Stanley Cowell,Stanley Cowell
cowells-stellabystarlight-thomascthomasw-1993-6e5a304e__00017,cowells-stellabystarlight-thomascthomasw-1993-6e5a304e,Stella by Starlight,11,Stanley Cowell / Stanley Cowell,2,2,data/processed/jtd_group_cv_16/audio_24k_mono/cowells-stellabystarlight-thomascthomasw-1993-6e5a304e.wav,85.000000,10.000000,24000,1993,Stanley Cowell,Stanley Cowell
cowells-stellabystarlight-thomascthomasw-1993-6e5a304e__00018,cowells-stellabystarlight-thomascthomasw-1993-6e5a304e,Stella by Starlight,11,Stanley Cowell / Stanley Cowell,2,2,data/processed/jtd_group_cv_16/audio_24k_mono/cowells-stellabystarlight-thomascthomasw-1993-6e5a304e.wav,90.000000,10.000000,24000,1993,Stanley Cowell,Stanley Cowell
cowells-stellabystarlight-thomascthomasw-1993-6e5a304e__00019,cowells-stellabystarlight-thomascthomasw-1993-6e5a304e,Stella by Starlight,11,Stanley Cowell / Stanley Cowell,2,2,data/processed/jtd_group_cv_16/audio_24k_mono/cowells-stellabystarlight-thomascthomasw-1993-6e5a304e.wav,95.000000,10.000000,24000,1993,Stanley Cowell,Stanley Cowell
waltonc-thereisnogreaterlove-williamsdhigginsb-1992-c4cb26bd__00000,waltonc-thereisnogreaterlove-williamsdhigginsb-1992-c4cb26bd,There Is No Greater Love,12,Cedar Walton / Cedar Walton,4,4,data/processed/jtd_group_cv_16/audio_24k_mono/waltonc-thereisnogreaterlove-williamsdhigginsb-1992-c4cb26bd.wav,0.000000,10.000000,24000,1992,Cedar Walton,Cedar Walton
waltonc-thereisnogreaterlove-williamsdhigginsb-1992-c4cb26bd__00001,waltonc-thereisnogreaterlove-williamsdhigginsb-1992-c4cb26bd,There Is No Greater Love,12,Cedar Walton / Cedar Walton,4,4,data/processed/jtd_group_cv_16/audio_24k_mono/waltonc-thereisnogreaterlove-williamsdhigginsb-1992-c4cb26bd.wav,5.000000,10.000000,24000,1992,Cedar Walton,Cedar Walton
waltonc-thereisnogreaterlove-williamsdhigginsb-1992-c4cb26bd__00002,waltonc-thereisnogreaterlove-williamsdhigginsb-1992-c4cb26bd,There Is No Greater Love,12,Cedar Walton / Cedar Walton,4,4,data/processed/jtd_group_cv_16/audio_24k_mono/waltonc-thereisnogreaterlove-williamsdhigginsb-1992-c4cb26bd.wav,10.000000,10.000000,24000,1992,Cedar Walton,Cedar Walton
waltonc-thereisnogreaterlove-williamsdhigginsb-1992-c4cb26bd__00003,waltonc-thereisnogreaterlove-williamsdhigginsb-1992-c4cb26bd,There Is No Greater Love,12,Cedar Walton / Cedar Walton,4,4,data/processed/jtd_group_cv_16/audio_24k_mono/waltonc-thereisnogreaterlove-williamsdhigginsb-1992-c4cb26bd.wav,15.000000,10.000000,24000,1992,Cedar Walton,Cedar Walton
waltonc-thereisnogreaterlove-williamsdhigginsb-1992-c4cb26bd__00004,waltonc-thereisnogreaterlove-williamsdhigginsb-1992-c4cb26bd,There Is No Greater Love,12,Cedar Walton / Cedar Walton,4,4,data/processed/jtd_group_cv_16/audio_24k_mono/waltonc-thereisnogreaterlove-williamsdhigginsb-1992-c4cb26bd.wav,20.000000,10.000000,24000,1992,Cedar Walton,Cedar Walton
waltonc-thereisnogreaterlove-williamsdhigginsb-1992-c4cb26bd__00005,waltonc-thereisnogreaterlove-williamsdhigginsb-1992-c4cb26bd,There Is No Greater Love,12,Cedar Walton / Cedar Walton,4,4,data/processed/jtd_group_cv_16/audio_24k_mono/waltonc-thereisnogreaterlove-williamsdhigginsb-1992-c4cb26bd.wav,25.000000,10.000000,24000,1992,Cedar Walton,Cedar Walton
waltonc-thereisnogreaterlove-williamsdhigginsb-1992-c4cb26bd__00006,waltonc-thereisnogreaterlove-williamsdhigginsb-1992-c4cb26bd,There Is No Greater Love,12,Cedar Walton / Cedar Walton,4,4,data/processed/jtd_group_cv_16/audio_24k_mono/waltonc-thereisnogreaterlove-williamsdhigginsb-1992-c4cb26bd.wav,30.000000,10.000000,24000,1992,Cedar Walton,Cedar Walton
waltonc-thereisnogreaterlove-williamsdhigginsb-1992-c4cb26bd__00007,waltonc-thereisnogreaterlove-williamsdhigginsb-1992-c4cb26bd,There Is No Greater Love,12,Cedar Walton / Cedar Walton,4,4,data/processed/jtd_group_cv_16/audio_24k_mono/waltonc-thereisnogreaterlove-williamsdhigginsb-1992-c4cb26bd.wav,35.000000,10.000000,24000,1992,Cedar Walton,Cedar Walton
waltonc-thereisnogreaterlove-williamsdhigginsb-1992-c4cb26bd__00008,waltonc-thereisnogreaterlove-williamsdhigginsb-1992-c4cb26bd,There Is No Greater Love,12,Cedar Walton / Cedar Walton,4,4,data/processed/jtd_group_cv_16/audio_24k_mono/waltonc-thereisnogreaterlove-williamsdhigginsb-1992-c4cb26bd.wav,40.000000,10.000000,24000,1992,Cedar Walton,Cedar Walton
waltonc-thereisnogreaterlove-williamsdhigginsb-1992-c4cb26bd__00009,waltonc-thereisnogreaterlove-williamsdhigginsb-1992-c4cb26bd,There Is No Greater Love,12,Cedar Walton / Cedar Walton,4,4,data/processed/jtd_group_cv_16/audio_24k_mono/waltonc-thereisnogreaterlove-williamsdhigginsb-1992-c4cb26bd.wav,45.000000,10.000000,24000,1992,Cedar Walton,Cedar Walton
waltonc-thereisnogreaterlove-williamsdhigginsb-1992-c4cb26bd__00010,waltonc-thereisnogreaterlove-williamsdhigginsb-1992-c4cb26bd,There Is No Greater Love,12,Cedar Walton / Cedar Walton,4,4,data/processed/jtd_group_cv_16/audio_24k_mono/waltonc-thereisnogreaterlove-williamsdhigginsb-1992-c4cb26bd.wav,50.000000,10.000000,24000,1992,Cedar Walton,Cedar Walton
waltonc-thereisnogreaterlove-williamsdhigginsb-1992-c4cb26bd__00011,waltonc-thereisnogreaterlove-williamsdhigginsb-1992-c4cb26bd,There Is No Greater Love,12,Cedar Walton / Cedar Walton,4,4,data/processed/jtd_group_cv_16/audio_24k_mono/waltonc-thereisnogreaterlove-williamsdhigginsb-1992-c4cb26bd.wav,55.000000,10.000000,24000,1992,Cedar Walton,Cedar Walton
waltonc-thereisnogreaterlove-williamsdhigginsb-1992-c4cb26bd__00012,waltonc-thereisnogreaterlove-williamsdhigginsb-1992-c4cb26bd,There Is No Greater Love,12,Cedar Walton / Cedar Walton,4,4,data/processed/jtd_group_cv_16/audio_24k_mono/waltonc-thereisnogreaterlove-williamsdhigginsb-1992-c4cb26bd.wav,60.000000,10.000000,24000,1992,Cedar Walton,Cedar Walton
waltonc-thereisnogreaterlove-williamsdhigginsb-1992-c4cb26bd__00013,waltonc-thereisnogreaterlove-williamsdhigginsb-1992-c4cb26bd,There Is No Greater Love,12,Cedar Walton / Cedar Walton,4,4,data/processed/jtd_group_cv_16/audio_24k_mono/waltonc-thereisnogreaterlove-williamsdhigginsb-1992-c4cb26bd.wav,65.000000,10.000000,24000,1992,Cedar Walton,Cedar Walton
waltonc-thereisnogreaterlove-williamsdhigginsb-1992-c4cb26bd__00014,waltonc-thereisnogreaterlove-williamsdhigginsb-1992-c4cb26bd,There Is No Greater Love,12,Cedar Walton / Cedar Walton,4,4,data/processed/jtd_group_cv_16/audio_24k_mono/waltonc-thereisnogreaterlove-williamsdhigginsb-1992-c4cb26bd.wav,70.000000,10.000000,24000,1992,Cedar Walton,Cedar Walton
waltonc-thereisnogreaterlove-williamsdhigginsb-1992-c4cb26bd__00015,waltonc-thereisnogreaterlove-williamsdhigginsb-1992-c4cb26bd,There Is No Greater Love,12,Cedar Walton / Cedar Walton,4,4,data/processed/jtd_group_cv_16/audio_24k_mono/waltonc-thereisnogreaterlove-williamsdhigginsb-1992-c4cb26bd.wav,75.000000,10.000000,24000,1992,Cedar Walton,Cedar Walton
waltonc-thereisnogreaterlove-williamsdhigginsb-1992-c4cb26bd__00016,waltonc-thereisnogreaterlove-williamsdhigginsb-1992-c4cb26bd,There Is No Greater Love,12,Cedar Walton / Cedar Walton,4,4,data/processed/jtd_group_cv_16/audio_24k_mono/waltonc-thereisnogreaterlove-williamsdhigginsb-1992-c4cb26bd.wav,80.000000,10.000000,24000,1992,Cedar Walton,Cedar Walton
waltonc-thereisnogreaterlove-williamsdhigginsb-1992-c4cb26bd__00017,waltonc-thereisnogreaterlove-williamsdhigginsb-1992-c4cb26bd,There Is No Greater Love,12,Cedar Walton / Cedar Walton,4,4,data/processed/jtd_group_cv_16/audio_24k_mono/waltonc-thereisnogreaterlove-williamsdhigginsb-1992-c4cb26bd.wav,85.000000,10.000000,24000,1992,Cedar Walton,Cedar Walton
waltonc-thereisnogreaterlove-williamsdhigginsb-1992-c4cb26bd__00018,waltonc-thereisnogreaterlove-williamsdhigginsb-1992-c4cb26bd,There Is No Greater Love,12,Cedar Walton / Cedar Walton,4,4,data/processed/jtd_group_cv_16/audio_24k_mono/waltonc-thereisnogreaterlove-williamsdhigginsb-1992-c4cb26bd.wav,90.000000,10.000000,24000,1992,Cedar Walton,Cedar Walton
waltonc-thereisnogreaterlove-williamsdhigginsb-1992-c4cb26bd__00019,waltonc-thereisnogreaterlove-williamsdhigginsb-1992-c4cb26bd,There Is No Greater Love,12,Cedar Walton / Cedar Walton,4,4,data/processed/jtd_group_cv_16/audio_24k_mono/waltonc-thereisnogreaterlove-williamsdhigginsb-1992-c4cb26bd.wav,95.000000,10.000000,24000,1992,Cedar Walton,Cedar Walton
waltonc-thereisnogreaterlove-williamsdhigginsb-1992-c4cb26bd__00020,waltonc-thereisnogreaterlove-williamsdhigginsb-1992-c4cb26bd,There Is No Greater Love,12,Cedar Walton / Cedar Walton,4,4,data/processed/jtd_group_cv_16/audio_24k_mono/waltonc-thereisnogreaterlove-williamsdhigginsb-1992-c4cb26bd.wav,100.000000,10.000000,24000,1992,Cedar Walton,Cedar Walton
waltonc-thereisnogreaterlove-williamsdhigginsb-1992-c4cb26bd__00021,waltonc-thereisnogreaterlove-williamsdhigginsb-1992-c4cb26bd,There Is No Greater Love,12,Cedar Walton / Cedar Walton,4,4,data/processed/jtd_group_cv_16/audio_24k_mono/waltonc-thereisnogreaterlove-williamsdhigginsb-1992-c4cb26bd.wav,105.000000,10.000000,24000,1992,Cedar Walton,Cedar Walton
waltonc-thereisnogreaterlove-williamsdhigginsb-1992-c4cb26bd__00022,waltonc-thereisnogreaterlove-williamsdhigginsb-1992-c4cb26bd,There Is No Greater Love,12,Cedar Walton / Cedar Walton,4,4,data/processed/jtd_group_cv_16/audio_24k_mono/waltonc-thereisnogreaterlove-williamsdhigginsb-1992-c4cb26bd.wav,110.000000,10.000000,24000,1992,Cedar Walton,Cedar Walton
waltonc-thereisnogreaterlove-williamsdhigginsb-1992-c4cb26bd__00023,waltonc-thereisnogreaterlove-williamsdhigginsb-1992-c4cb26bd,There Is No Greater Love,12,Cedar Walton / Cedar Walton,4,4,data/processed/jtd_group_cv_16/audio_24k_mono/waltonc-thereisnogreaterlove-williamsdhigginsb-1992-c4cb26bd.wav,115.000000,10.000000,24000,1992,Cedar Walton,Cedar Walton
waltonc-thereisnogreaterlove-williamsdhigginsb-1992-c4cb26bd__00024,waltonc-thereisnogreaterlove-williamsdhigginsb-1992-c4cb26bd,There Is No Greater Love,12,Cedar Walton / Cedar Walton,4,4,data/processed/jtd_group_cv_16/audio_24k_mono/waltonc-thereisnogreaterlove-williamsdhigginsb-1992-c4cb26bd.wav,120.000000,10.000000,24000,1992,Cedar Walton,Cedar Walton
waltonc-thereisnogreaterlove-williamsdhigginsb-1992-c4cb26bd__00025,waltonc-thereisnogreaterlove-williamsdhigginsb-1992-c4cb26bd,There Is No Greater Love,12,Cedar Walton / Cedar Walton,4,4,data/processed/jtd_group_cv_16/audio_24k_mono/waltonc-thereisnogreaterlove-williamsdhigginsb-1992-c4cb26bd.wav,125.000000,10.000000,24000,1992,Cedar Walton,Cedar Walton
waltonc-thereisnogreaterlove-williamsdhigginsb-1992-c4cb26bd__00026,waltonc-thereisnogreaterlove-williamsdhigginsb-1992-c4cb26bd,There Is No Greater Love,12,Cedar Walton / Cedar Walton,4,4,data/processed/jtd_group_cv_16/audio_24k_mono/waltonc-thereisnogreaterlove-williamsdhigginsb-1992-c4cb26bd.wav,130.000000,10.000000,24000,1992,Cedar Walton,Cedar Walton
waltonc-thereisnogreaterlove-williamsdhigginsb-1992-c4cb26bd__00027,waltonc-thereisnogreaterlove-williamsdhigginsb-1992-c4cb26bd,There Is No Greater Love,12,Cedar Walton / Cedar Walton,4,4,data/processed/jtd_group_cv_16/audio_24k_mono/waltonc-thereisnogreaterlove-williamsdhigginsb-1992-c4cb26bd.wav,135.000000,10.000000,24000,1992,Cedar Walton,Cedar Walton
waltonc-thereisnogreaterlove-williamsdhigginsb-1992-c4cb26bd__00028,waltonc-thereisnogreaterlove-williamsdhigginsb-1992-c4cb26bd,There Is No Greater Love,12,Cedar Walton / Cedar Walton,4,4,data/processed/jtd_group_cv_16/audio_24k_mono/waltonc-thereisnogreaterlove-williamsdhigginsb-1992-c4cb26bd.wav,140.000000,10.000000,24000,1992,Cedar Walton,Cedar Walton
waltonc-thereisnogreaterlove-williamsdhigginsb-1992-c4cb26bd__00029,waltonc-thereisnogreaterlove-williamsdhigginsb-1992-c4cb26bd,There Is No Greater Love,12,Cedar Walton / Cedar Walton,4,4,data/processed/jtd_group_cv_16/audio_24k_mono/waltonc-thereisnogreaterlove-williamsdhigginsb-1992-c4cb26bd.wav,145.000000,10.000000,24000,1992,Cedar Walton,Cedar Walton
waltonc-thereisnogreaterlove-williamsdhigginsb-1992-c4cb26bd__00030,waltonc-thereisnogreaterlove-williamsdhigginsb-1992-c4cb26bd,There Is No Greater Love,12,Cedar Walton / Cedar Walton,4,4,data/processed/jtd_group_cv_16/audio_24k_mono/waltonc-thereisnogreaterlove-williamsdhigginsb-1992-c4cb26bd.wav,150.000000,10.000000,24000,1992,Cedar Walton,Cedar Walton
waltonc-thereisnogreaterlove-williamsdhigginsb-1992-c4cb26bd__00031,waltonc-thereisnogreaterlove-williamsdhigginsb-1992-c4cb26bd,There Is No Greater Love,12,Cedar Walton / Cedar Walton,4,4,data/processed/jtd_group_cv_16/audio_24k_mono/waltonc-thereisnogreaterlove-williamsdhigginsb-1992-c4cb26bd.wav,155.000000,10.000000,24000,1992,Cedar Walton,Cedar Walton
waltonc-thereisnogreaterlove-williamsdhigginsb-1992-c4cb26bd__00032,waltonc-thereisnogreaterlove-williamsdhigginsb-1992-c4cb26bd,There Is No Greater Love,12,Cedar Walton / Cedar Walton,4,4,data/processed/jtd_group_cv_16/audio_24k_mono/waltonc-thereisnogreaterlove-williamsdhigginsb-1992-c4cb26bd.wav,160.000000,10.000000,24000,1992,Cedar Walton,Cedar Walton
waltonc-thereisnogreaterlove-williamsdhigginsb-1992-c4cb26bd__00033,waltonc-thereisnogreaterlove-williamsdhigginsb-1992-c4cb26bd,There Is No Greater Love,12,Cedar Walton / Cedar Walton,4,4,data/processed/jtd_group_cv_16/audio_24k_mono/waltonc-thereisnogreaterlove-williamsdhigginsb-1992-c4cb26bd.wav,165.000000,10.000000,24000,1992,Cedar Walton,Cedar Walton
waltonc-thereisnogreaterlove-williamsdhigginsb-1992-c4cb26bd__00034,waltonc-thereisnogreaterlove-williamsdhigginsb-1992-c4cb26bd,There Is No Greater Love,12,Cedar Walton / Cedar Walton,4,4,data/processed/jtd_group_cv_16/audio_24k_mono/waltonc-thereisnogreaterlove-williamsdhigginsb-1992-c4cb26bd.wav,170.000000,10.000000,24000,1992,Cedar Walton,Cedar Walton
waltonc-thereisnogreaterlove-williamsdhigginsb-1992-c4cb26bd__00035,waltonc-thereisnogreaterlove-williamsdhigginsb-1992-c4cb26bd,There Is No Greater Love,12,Cedar Walton / Cedar Walton,4,4,data/processed/jtd_group_cv_16/audio_24k_mono/waltonc-thereisnogreaterlove-williamsdhigginsb-1992-c4cb26bd.wav,175.000000,10.000000,24000,1992,Cedar Walton,Cedar Walton
hicksj-thereisnogreaterlove-drummondrsmittym-1993-52e6c99d__00000,hicksj-thereisnogreaterlove-drummondrsmittym-1993-52e6c99d,There Is No Greater Love,12,John Hicks / John Hicks,2,2,data/processed/jtd_group_cv_16/audio_24k_mono/hicksj-thereisnogreaterlove-drummondrsmittym-1993-52e6c99d.wav,0.000000,10.000000,24000,1993,John Hicks,John Hicks
hicksj-thereisnogreaterlove-drummondrsmittym-1993-52e6c99d__00001,hicksj-thereisnogreaterlove-drummondrsmittym-1993-52e6c99d,There Is No Greater Love,12,John Hicks / John Hicks,2,2,data/processed/jtd_group_cv_16/audio_24k_mono/hicksj-thereisnogreaterlove-drummondrsmittym-1993-52e6c99d.wav,5.000000,10.000000,24000,1993,John Hicks,John Hicks
hicksj-thereisnogreaterlove-drummondrsmittym-1993-52e6c99d__00002,hicksj-thereisnogreaterlove-drummondrsmittym-1993-52e6c99d,There Is No Greater Love,12,John Hicks / John Hicks,2,2,data/processed/jtd_group_cv_16/audio_24k_mono/hicksj-thereisnogreaterlove-drummondrsmittym-1993-52e6c99d.wav,10.000000,10.000000,24000,1993,John Hicks,John Hicks
hicksj-thereisnogreaterlove-drummondrsmittym-1993-52e6c99d__00003,hicksj-thereisnogreaterlove-drummondrsmittym-1993-52e6c99d,There Is No Greater Love,12,John Hicks / John Hicks,2,2,data/processed/jtd_group_cv_16/audio_24k_mono/hicksj-thereisnogreaterlove-drummondrsmittym-1993-52e6c99d.wav,15.000000,10.000000,24000,1993,John Hicks,John Hicks
hicksj-thereisnogreaterlove-drummondrsmittym-1993-52e6c99d__00004,hicksj-thereisnogreaterlove-drummondrsmittym-1993-52e6c99d,There Is No Greater Love,12,John Hicks / John Hicks,2,2,data/processed/jtd_group_cv_16/audio_24k_mono/hicksj-thereisnogreaterlove-drummondrsmittym-1993-52e6c99d.wav,20.000000,10.000000,24000,1993,John Hicks,John Hicks
hicksj-thereisnogreaterlove-drummondrsmittym-1993-52e6c99d__00005,hicksj-thereisnogreaterlove-drummondrsmittym-1993-52e6c99d,There Is No Greater Love,12,John Hicks / John Hicks,2,2,data/processed/jtd_group_cv_16/audio_24k_mono/hicksj-thereisnogreaterlove-drummondrsmittym-1993-52e6c99d.wav,25.000000,10.000000,24000,1993,John Hicks,John Hicks
hicksj-thereisnogreaterlove-drummondrsmittym-1993-52e6c99d__00006,hicksj-thereisnogreaterlove-drummondrsmittym-1993-52e6c99d,There Is No Greater Love,12,John Hicks / John Hicks,2,2,data/processed/jtd_group_cv_16/audio_24k_mono/hicksj-thereisnogreaterlove-drummondrsmittym-1993-52e6c99d.wav,30.000000,10.000000,24000,1993,John Hicks,John Hicks
hicksj-thereisnogreaterlove-drummondrsmittym-1993-52e6c99d__00007,hicksj-thereisnogreaterlove-drummondrsmittym-1993-52e6c99d,There Is No Greater Love,12,John Hicks / John Hicks,2,2,data/processed/jtd_group_cv_16/audio_24k_mono/hicksj-thereisnogreaterlove-drummondrsmittym-1993-52e6c99d.wav,35.000000,10.000000,24000,1993,John Hicks,John Hicks
hicksj-thereisnogreaterlove-drummondrsmittym-1993-52e6c99d__00008,hicksj-thereisnogreaterlove-drummondrsmittym-1993-52e6c99d,There Is No Greater Love,12,John Hicks / John Hicks,2,2,data/processed/jtd_group_cv_16/audio_24k_mono/hicksj-thereisnogreaterlove-drummondrsmittym-1993-52e6c99d.wav,40.000000,10.000000,24000,1993,John Hicks,John Hicks
hicksj-thereisnogreaterlove-drummondrsmittym-1993-52e6c99d__00009,hicksj-thereisnogreaterlove-drummondrsmittym-1993-52e6c99d,There Is No Greater Love,12,John Hicks / John Hicks,2,2,data/processed/jtd_group_cv_16/audio_24k_mono/hicksj-thereisnogreaterlove-drummondrsmittym-1993-52e6c99d.wav,45.000000,10.000000,24000,1993,John Hicks,John Hicks
hicksj-thereisnogreaterlove-drummondrsmittym-1993-52e6c99d__00010,hicksj-thereisnogreaterlove-drummondrsmittym-1993-52e6c99d,There Is No Greater Love,12,John Hicks / John Hicks,2,2,data/processed/jtd_group_cv_16/audio_24k_mono/hicksj-thereisnogreaterlove-drummondrsmittym-1993-52e6c99d.wav,50.000000,10.000000,24000,1993,John Hicks,John Hicks
hicksj-thereisnogreaterlove-drummondrsmittym-1993-52e6c99d__00011,hicksj-thereisnogreaterlove-drummondrsmittym-1993-52e6c99d,There Is No Greater Love,12,John Hicks / John Hicks,2,2,data/processed/jtd_group_cv_16/audio_24k_mono/hicksj-thereisnogreaterlove-drummondrsmittym-1993-52e6c99d.wav,55.000000,10.000000,24000,1993,John Hicks,John Hicks
hicksj-thereisnogreaterlove-drummondrsmittym-1993-52e6c99d__00012,hicksj-thereisnogreaterlove-drummondrsmittym-1993-52e6c99d,There Is No Greater Love,12,John Hicks / John Hicks,2,2,data/processed/jtd_group_cv_16/audio_24k_mono/hicksj-thereisnogreaterlove-drummondrsmittym-1993-52e6c99d.wav,60.000000,10.000000,24000,1993,John Hicks,John Hicks
hicksj-thereisnogreaterlove-drummondrsmittym-1993-52e6c99d__00013,hicksj-thereisnogreaterlove-drummondrsmittym-1993-52e6c99d,There Is No Greater Love,12,John Hicks / John Hicks,2,2,data/processed/jtd_group_cv_16/audio_24k_mono/hicksj-thereisnogreaterlove-drummondrsmittym-1993-52e6c99d.wav,65.000000,10.000000,24000,1993,John Hicks,John Hicks
hicksj-thereisnogreaterlove-drummondrsmittym-1993-52e6c99d__00014,hicksj-thereisnogreaterlove-drummondrsmittym-1993-52e6c99d,There Is No Greater Love,12,John Hicks / John Hicks,2,2,data/processed/jtd_group_cv_16/audio_24k_mono/hicksj-thereisnogreaterlove-drummondrsmittym-1993-52e6c99d.wav,70.000000,10.000000,24000,1993,John Hicks,John Hicks
hicksj-thereisnogreaterlove-drummondrsmittym-1993-52e6c99d__00015,hicksj-thereisnogreaterlove-drummondrsmittym-1993-52e6c99d,There Is No Greater Love,12,John Hicks / John Hicks,2,2,data/processed/jtd_group_cv_16/audio_24k_mono/hicksj-thereisnogreaterlove-drummondrsmittym-1993-52e6c99d.wav,75.000000,10.000000,24000,1993,John Hicks,John Hicks
hicksj-thereisnogreaterlove-drummondrsmittym-1993-52e6c99d__00016,hicksj-thereisnogreaterlove-drummondrsmittym-1993-52e6c99d,There Is No Greater Love,12,John Hicks / John Hicks,2,2,data/processed/jtd_group_cv_16/audio_24k_mono/hicksj-thereisnogreaterlove-drummondrsmittym-1993-52e6c99d.wav,80.000000,10.000000,24000,1993,John Hicks,John Hicks
hicksj-thereisnogreaterlove-drummondrsmittym-1993-52e6c99d__00017,hicksj-thereisnogreaterlove-drummondrsmittym-1993-52e6c99d,There Is No Greater Love,12,John Hicks / John Hicks,2,2,data/processed/jtd_group_cv_16/audio_24k_mono/hicksj-thereisnogreaterlove-drummondrsmittym-1993-52e6c99d.wav,85.000000,10.000000,24000,1993,John Hicks,John Hicks
hicksj-thereisnogreaterlove-drummondrsmittym-1993-52e6c99d__00018,hicksj-thereisnogreaterlove-drummondrsmittym-1993-52e6c99d,There Is No Greater Love,12,John Hicks / John Hicks,2,2,data/processed/jtd_group_cv_16/audio_24k_mono/hicksj-thereisnogreaterlove-drummondrsmittym-1993-52e6c99d.wav,90.000000,10.000000,24000,1993,John Hicks,John Hicks
hicksj-thereisnogreaterlove-drummondrsmittym-1993-52e6c99d__00019,hicksj-thereisnogreaterlove-drummondrsmittym-1993-52e6c99d,There Is No Greater Love,12,John Hicks / John Hicks,2,2,data/processed/jtd_group_cv_16/audio_24k_mono/hicksj-thereisnogreaterlove-drummondrsmittym-1993-52e6c99d.wav,95.000000,10.000000,24000,1993,John Hicks,John Hicks
hicksj-thereisnogreaterlove-drummondrsmittym-1993-52e6c99d__00020,hicksj-thereisnogreaterlove-drummondrsmittym-1993-52e6c99d,There Is No Greater Love,12,John Hicks / John Hicks,2,2,data/processed/jtd_group_cv_16/audio_24k_mono/hicksj-thereisnogreaterlove-drummondrsmittym-1993-52e6c99d.wav,100.000000,10.000000,24000,1993,John Hicks,John Hicks
hicksj-thereisnogreaterlove-drummondrsmittym-1993-52e6c99d__00021,hicksj-thereisnogreaterlove-drummondrsmittym-1993-52e6c99d,There Is No Greater Love,12,John Hicks / John Hicks,2,2,data/processed/jtd_group_cv_16/audio_24k_mono/hicksj-thereisnogreaterlove-drummondrsmittym-1993-52e6c99d.wav,105.000000,10.000000,24000,1993,John Hicks,John Hicks
hicksj-thereisnogreaterlove-drummondrsmittym-1993-52e6c99d__00022,hicksj-thereisnogreaterlove-drummondrsmittym-1993-52e6c99d,There Is No Greater Love,12,John Hicks / John Hicks,2,2,data/processed/jtd_group_cv_16/audio_24k_mono/hicksj-thereisnogreaterlove-drummondrsmittym-1993-52e6c99d.wav,110.000000,10.000000,24000,1993,John Hicks,John Hicks
hicksj-thereisnogreaterlove-drummondrsmittym-1993-52e6c99d__00023,hicksj-thereisnogreaterlove-drummondrsmittym-1993-52e6c99d,There Is No Greater Love,12,John Hicks / John Hicks,2,2,data/processed/jtd_group_cv_16/audio_24k_mono/hicksj-thereisnogreaterlove-drummondrsmittym-1993-52e6c99d.wav,115.000000,10.000000,24000,1993,John Hicks,John Hicks
hicksj-thereisnogreaterlove-drummondrsmittym-1993-52e6c99d__00024,hicksj-thereisnogreaterlove-drummondrsmittym-1993-52e6c99d,There Is No Greater Love,12,John Hicks / John Hicks,2,2,data/processed/jtd_group_cv_16/audio_24k_mono/hicksj-thereisnogreaterlove-drummondrsmittym-1993-52e6c99d.wav,120.000000,10.000000,24000,1993,John Hicks,John Hicks
hicksj-thereisnogreaterlove-drummondrsmittym-1993-52e6c99d__00025,hicksj-thereisnogreaterlove-drummondrsmittym-1993-52e6c99d,There Is No Greater Love,12,John Hicks / John Hicks,2,2,data/processed/jtd_group_cv_16/audio_24k_mono/hicksj-thereisnogreaterlove-drummondrsmittym-1993-52e6c99d.wav,125.000000,10.000000,24000,1993,John Hicks,John Hicks
hicksj-thereisnogreaterlove-drummondrsmittym-1993-52e6c99d__00026,hicksj-thereisnogreaterlove-drummondrsmittym-1993-52e6c99d,There Is No Greater Love,12,John Hicks / John Hicks,2,2,data/processed/jtd_group_cv_16/audio_24k_mono/hicksj-thereisnogreaterlove-drummondrsmittym-1993-52e6c99d.wav,130.000000,10.000000,24000,1993,John Hicks,John Hicks
hicksj-thereisnogreaterlove-drummondrsmittym-1993-52e6c99d__00027,hicksj-thereisnogreaterlove-drummondrsmittym-1993-52e6c99d,There Is No Greater Love,12,John Hicks / John Hicks,2,2,data/processed/jtd_group_cv_16/audio_24k_mono/hicksj-thereisnogreaterlove-drummondrsmittym-1993-52e6c99d.wav,135.000000,10.000000,24000,1993,John Hicks,John Hicks
hicksj-thereisnogreaterlove-drummondrsmittym-1993-52e6c99d__00028,hicksj-thereisnogreaterlove-drummondrsmittym-1993-52e6c99d,There Is No Greater Love,12,John Hicks / John Hicks,2,2,data/processed/jtd_group_cv_16/audio_24k_mono/hicksj-thereisnogreaterlove-drummondrsmittym-1993-52e6c99d.wav,140.000000,10.000000,24000,1993,John Hicks,John Hicks
hicksj-thereisnogreaterlove-drummondrsmittym-1993-52e6c99d__00029,hicksj-thereisnogreaterlove-drummondrsmittym-1993-52e6c99d,There Is No Greater Love,12,John Hicks / John Hicks,2,2,data/processed/jtd_group_cv_16/audio_24k_mono/hicksj-thereisnogreaterlove-drummondrsmittym-1993-52e6c99d.wav,145.000000,10.000000,24000,1993,John Hicks,John Hicks
hicksj-thereisnogreaterlove-drummondrsmittym-1993-52e6c99d__00030,hicksj-thereisnogreaterlove-drummondrsmittym-1993-52e6c99d,There Is No Greater Love,12,John Hicks / John Hicks,2,2,data/processed/jtd_group_cv_16/audio_24k_mono/hicksj-thereisnogreaterlove-drummondrsmittym-1993-52e6c99d.wav,150.000000,10.000000,24000,1993,John Hicks,John Hicks
hicksj-thereisnogreaterlove-drummondrsmittym-1993-52e6c99d__00031,hicksj-thereisnogreaterlove-drummondrsmittym-1993-52e6c99d,There Is No Greater Love,12,John Hicks / John Hicks,2,2,data/processed/jtd_group_cv_16/audio_24k_mono/hicksj-thereisnogreaterlove-drummondrsmittym-1993-52e6c99d.wav,155.000000,10.000000,24000,1993,John Hicks,John Hicks
hicksj-thereisnogreaterlove-drummondrsmittym-1993-52e6c99d__00032,hicksj-thereisnogreaterlove-drummondrsmittym-1993-52e6c99d,There Is No Greater Love,12,John Hicks / John Hicks,2,2,data/processed/jtd_group_cv_16/audio_24k_mono/hicksj-thereisnogreaterlove-drummondrsmittym-1993-52e6c99d.wav,160.000000,10.000000,24000,1993,John Hicks,John Hicks
hicksj-thereisnogreaterlove-drummondrsmittym-1993-52e6c99d__00033,hicksj-thereisnogreaterlove-drummondrsmittym-1993-52e6c99d,There Is No Greater Love,12,John Hicks / John Hicks,2,2,data/processed/jtd_group_cv_16/audio_24k_mono/hicksj-thereisnogreaterlove-drummondrsmittym-1993-52e6c99d.wav,165.000000,10.000000,24000,1993,John Hicks,John Hicks
hicksj-thereisnogreaterlove-drummondrsmittym-1993-52e6c99d__00034,hicksj-thereisnogreaterlove-drummondrsmittym-1993-52e6c99d,There Is No Greater Love,12,John Hicks / John Hicks,2,2,data/processed/jtd_group_cv_16/audio_24k_mono/hicksj-thereisnogreaterlove-drummondrsmittym-1993-52e6c99d.wav,170.000000,10.000000,24000,1993,John Hicks,John Hicks
hicksj-thereisnogreaterlove-drummondrsmittym-1993-52e6c99d__00035,hicksj-thereisnogreaterlove-drummondrsmittym-1993-52e6c99d,There Is No Greater Love,12,John Hicks / John Hicks,2,2,data/processed/jtd_group_cv_16/audio_24k_mono/hicksj-thereisnogreaterlove-drummondrsmittym-1993-52e6c99d.wav,175.000000,10.000000,24000,1993,John Hicks,John Hicks
hicksj-thereisnogreaterlove-drummondrsmittym-1993-52e6c99d__00036,hicksj-thereisnogreaterlove-drummondrsmittym-1993-52e6c99d,There Is No Greater Love,12,John Hicks / John Hicks,2,2,data/processed/jtd_group_cv_16/audio_24k_mono/hicksj-thereisnogreaterlove-drummondrsmittym-1993-52e6c99d.wav,180.000000,10.000000,24000,1993,John Hicks,John Hicks
hicksj-thereisnogreaterlove-drummondrsmittym-1993-52e6c99d__00037,hicksj-thereisnogreaterlove-drummondrsmittym-1993-52e6c99d,There Is No Greater Love,12,John Hicks / John Hicks,2,2,data/processed/jtd_group_cv_16/audio_24k_mono/hicksj-thereisnogreaterlove-drummondrsmittym-1993-52e6c99d.wav,185.000000,10.000000,24000,1993,John Hicks,John Hicks
hicksj-thereisnogreaterlove-drummondrsmittym-1993-52e6c99d__00038,hicksj-thereisnogreaterlove-drummondrsmittym-1993-52e6c99d,There Is No Greater Love,12,John Hicks / John Hicks,2,2,data/processed/jtd_group_cv_16/audio_24k_mono/hicksj-thereisnogreaterlove-drummondrsmittym-1993-52e6c99d.wav,190.000000,10.000000,24000,1993,John Hicks,John Hicks
hicksj-thereisnogreaterlove-drummondrsmittym-1993-52e6c99d__00039,hicksj-thereisnogreaterlove-drummondrsmittym-1993-52e6c99d,There Is No Greater Love,12,John Hicks / John Hicks,2,2,data/processed/jtd_group_cv_16/audio_24k_mono/hicksj-thereisnogreaterlove-drummondrsmittym-1993-52e6c99d.wav,195.000000,10.000000,24000,1993,John Hicks,John Hicks
hicksj-thereisnogreaterlove-drummondrsmittym-1993-52e6c99d__00040,hicksj-thereisnogreaterlove-drummondrsmittym-1993-52e6c99d,There Is No Greater Love,12,John Hicks / John Hicks,2,2,data/processed/jtd_group_cv_16/audio_24k_mono/hicksj-thereisnogreaterlove-drummondrsmittym-1993-52e6c99d.wav,200.000000,10.000000,24000,1993,John Hicks,John Hicks
barronk-thereisnogreaterlove-williamsbrileyb-1984-90d41f7e__00000,barronk-thereisnogreaterlove-williamsbrileyb-1984-90d41f7e,There Is No Greater Love,12,Kenny Barron / Kenny Barron,3,3,data/processed/jtd_group_cv_16/audio_24k_mono/barronk-thereisnogreaterlove-williamsbrileyb-1984-90d41f7e.wav,0.000000,10.000000,24000,1984,Kenny Barron,Kenny Barron
barronk-thereisnogreaterlove-williamsbrileyb-1984-90d41f7e__00001,barronk-thereisnogreaterlove-williamsbrileyb-1984-90d41f7e,There Is No Greater Love,12,Kenny Barron / Kenny Barron,3,3,data/processed/jtd_group_cv_16/audio_24k_mono/barronk-thereisnogreaterlove-williamsbrileyb-1984-90d41f7e.wav,5.000000,10.000000,24000,1984,Kenny Barron,Kenny Barron
barronk-thereisnogreaterlove-williamsbrileyb-1984-90d41f7e__00002,barronk-thereisnogreaterlove-williamsbrileyb-1984-90d41f7e,There Is No Greater Love,12,Kenny Barron / Kenny Barron,3,3,data/processed/jtd_group_cv_16/audio_24k_mono/barronk-thereisnogreaterlove-williamsbrileyb-1984-90d41f7e.wav,10.000000,10.000000,24000,1984,Kenny Barron,Kenny Barron
barronk-thereisnogreaterlove-williamsbrileyb-1984-90d41f7e__00003,barronk-thereisnogreaterlove-williamsbrileyb-1984-90d41f7e,There Is No Greater Love,12,Kenny Barron / Kenny Barron,3,3,data/processed/jtd_group_cv_16/audio_24k_mono/barronk-thereisnogreaterlove-williamsbrileyb-1984-90d41f7e.wav,15.000000,10.000000,24000,1984,Kenny Barron,Kenny Barron
barronk-thereisnogreaterlove-williamsbrileyb-1984-90d41f7e__00004,barronk-thereisnogreaterlove-williamsbrileyb-1984-90d41f7e,There Is No Greater Love,12,Kenny Barron / Kenny Barron,3,3,data/processed/jtd_group_cv_16/audio_24k_mono/barronk-thereisnogreaterlove-williamsbrileyb-1984-90d41f7e.wav,20.000000,10.000000,24000,1984,Kenny Barron,Kenny Barron
barronk-thereisnogreaterlove-williamsbrileyb-1984-90d41f7e__00005,barronk-thereisnogreaterlove-williamsbrileyb-1984-90d41f7e,There Is No Greater Love,12,Kenny Barron / Kenny Barron,3,3,data/processed/jtd_group_cv_16/audio_24k_mono/barronk-thereisnogreaterlove-williamsbrileyb-1984-90d41f7e.wav,25.000000,10.000000,24000,1984,Kenny Barron,Kenny Barron
barronk-thereisnogreaterlove-williamsbrileyb-1984-90d41f7e__00006,barronk-thereisnogreaterlove-williamsbrileyb-1984-90d41f7e,There Is No Greater Love,12,Kenny Barron / Kenny Barron,3,3,data/processed/jtd_group_cv_16/audio_24k_mono/barronk-thereisnogreaterlove-williamsbrileyb-1984-90d41f7e.wav,30.000000,10.000000,24000,1984,Kenny Barron,Kenny Barron
barronk-thereisnogreaterlove-williamsbrileyb-1984-90d41f7e__00007,barronk-thereisnogreaterlove-williamsbrileyb-1984-90d41f7e,There Is No Greater Love,12,Kenny Barron / Kenny Barron,3,3,data/processed/jtd_group_cv_16/audio_24k_mono/barronk-thereisnogreaterlove-williamsbrileyb-1984-90d41f7e.wav,35.000000,10.000000,24000,1984,Kenny Barron,Kenny Barron
barronk-thereisnogreaterlove-williamsbrileyb-1984-90d41f7e__00008,barronk-thereisnogreaterlove-williamsbrileyb-1984-90d41f7e,There Is No Greater Love,12,Kenny Barron / Kenny Barron,3,3,data/processed/jtd_group_cv_16/audio_24k_mono/barronk-thereisnogreaterlove-williamsbrileyb-1984-90d41f7e.wav,40.000000,10.000000,24000,1984,Kenny Barron,Kenny Barron
barronk-thereisnogreaterlove-williamsbrileyb-1984-90d41f7e__00009,barronk-thereisnogreaterlove-williamsbrileyb-1984-90d41f7e,There Is No Greater Love,12,Kenny Barron / Kenny Barron,3,3,data/processed/jtd_group_cv_16/audio_24k_mono/barronk-thereisnogreaterlove-williamsbrileyb-1984-90d41f7e.wav,45.000000,10.000000,24000,1984,Kenny Barron,Kenny Barron
barronk-thereisnogreaterlove-williamsbrileyb-1984-90d41f7e__00010,barronk-thereisnogreaterlove-williamsbrileyb-1984-90d41f7e,There Is No Greater Love,12,Kenny Barron / Kenny Barron,3,3,data/processed/jtd_group_cv_16/audio_24k_mono/barronk-thereisnogreaterlove-williamsbrileyb-1984-90d41f7e.wav,50.000000,10.000000,24000,1984,Kenny Barron,Kenny Barron
barronk-thereisnogreaterlove-williamsbrileyb-1984-90d41f7e__00011,barronk-thereisnogreaterlove-williamsbrileyb-1984-90d41f7e,There Is No Greater Love,12,Kenny Barron / Kenny Barron,3,3,data/processed/jtd_group_cv_16/audio_24k_mono/barronk-thereisnogreaterlove-williamsbrileyb-1984-90d41f7e.wav,55.000000,10.000000,24000,1984,Kenny Barron,Kenny Barron
barronk-thereisnogreaterlove-williamsbrileyb-1984-90d41f7e__00012,barronk-thereisnogreaterlove-williamsbrileyb-1984-90d41f7e,There Is No Greater Love,12,Kenny Barron / Kenny Barron,3,3,data/processed/jtd_group_cv_16/audio_24k_mono/barronk-thereisnogreaterlove-williamsbrileyb-1984-90d41f7e.wav,60.000000,10.000000,24000,1984,Kenny Barron,Kenny Barron
barronk-thereisnogreaterlove-williamsbrileyb-1984-90d41f7e__00013,barronk-thereisnogreaterlove-williamsbrileyb-1984-90d41f7e,There Is No Greater Love,12,Kenny Barron / Kenny Barron,3,3,data/processed/jtd_group_cv_16/audio_24k_mono/barronk-thereisnogreaterlove-williamsbrileyb-1984-90d41f7e.wav,65.000000,10.000000,24000,1984,Kenny Barron,Kenny Barron
barronk-thereisnogreaterlove-williamsbrileyb-1984-90d41f7e__00014,barronk-thereisnogreaterlove-williamsbrileyb-1984-90d41f7e,There Is No Greater Love,12,Kenny Barron / Kenny Barron,3,3,data/processed/jtd_group_cv_16/audio_24k_mono/barronk-thereisnogreaterlove-williamsbrileyb-1984-90d41f7e.wav,70.000000,10.000000,24000,1984,Kenny Barron,Kenny Barron
barronk-thereisnogreaterlove-williamsbrileyb-1984-90d41f7e__00015,barronk-thereisnogreaterlove-williamsbrileyb-1984-90d41f7e,There Is No Greater Love,12,Kenny Barron / Kenny Barron,3,3,data/processed/jtd_group_cv_16/audio_24k_mono/barronk-thereisnogreaterlove-williamsbrileyb-1984-90d41f7e.wav,75.000000,10.000000,24000,1984,Kenny Barron,Kenny Barron
barronk-thereisnogreaterlove-williamsbrileyb-1984-90d41f7e__00016,barronk-thereisnogreaterlove-williamsbrileyb-1984-90d41f7e,There Is No Greater Love,12,Kenny Barron / Kenny Barron,3,3,data/processed/jtd_group_cv_16/audio_24k_mono/barronk-thereisnogreaterlove-williamsbrileyb-1984-90d41f7e.wav,80.000000,10.000000,24000,1984,Kenny Barron,Kenny Barron
barronk-thereisnogreaterlove-williamsbrileyb-1984-90d41f7e__00017,barronk-thereisnogreaterlove-williamsbrileyb-1984-90d41f7e,There Is No Greater Love,12,Kenny Barron / Kenny Barron,3,3,data/processed/jtd_group_cv_16/audio_24k_mono/barronk-thereisnogreaterlove-williamsbrileyb-1984-90d41f7e.wav,85.000000,10.000000,24000,1984,Kenny Barron,Kenny Barron
barronk-thereisnogreaterlove-williamsbrileyb-1984-90d41f7e__00018,barronk-thereisnogreaterlove-williamsbrileyb-1984-90d41f7e,There Is No Greater Love,12,Kenny Barron / Kenny Barron,3,3,data/processed/jtd_group_cv_16/audio_24k_mono/barronk-thereisnogreaterlove-williamsbrileyb-1984-90d41f7e.wav,90.000000,10.000000,24000,1984,Kenny Barron,Kenny Barron
barronk-thereisnogreaterlove-williamsbrileyb-1984-90d41f7e__00019,barronk-thereisnogreaterlove-williamsbrileyb-1984-90d41f7e,There Is No Greater Love,12,Kenny Barron / Kenny Barron,3,3,data/processed/jtd_group_cv_16/audio_24k_mono/barronk-thereisnogreaterlove-williamsbrileyb-1984-90d41f7e.wav,95.000000,10.000000,24000,1984,Kenny Barron,Kenny Barron
barronk-thereisnogreaterlove-williamsbrileyb-1984-90d41f7e__00020,barronk-thereisnogreaterlove-williamsbrileyb-1984-90d41f7e,There Is No Greater Love,12,Kenny Barron / Kenny Barron,3,3,data/processed/jtd_group_cv_16/audio_24k_mono/barronk-thereisnogreaterlove-williamsbrileyb-1984-90d41f7e.wav,100.000000,10.000000,24000,1984,Kenny Barron,Kenny Barron
barronk-thereisnogreaterlove-williamsbrileyb-1984-90d41f7e__00021,barronk-thereisnogreaterlove-williamsbrileyb-1984-90d41f7e,There Is No Greater Love,12,Kenny Barron / Kenny Barron,3,3,data/processed/jtd_group_cv_16/audio_24k_mono/barronk-thereisnogreaterlove-williamsbrileyb-1984-90d41f7e.wav,105.000000,10.000000,24000,1984,Kenny Barron,Kenny Barron
barronk-thereisnogreaterlove-williamsbrileyb-1984-90d41f7e__00022,barronk-thereisnogreaterlove-williamsbrileyb-1984-90d41f7e,There Is No Greater Love,12,Kenny Barron / Kenny Barron,3,3,data/processed/jtd_group_cv_16/audio_24k_mono/barronk-thereisnogreaterlove-williamsbrileyb-1984-90d41f7e.wav,110.000000,10.000000,24000,1984,Kenny Barron,Kenny Barron
barronk-thereisnogreaterlove-williamsbrileyb-1984-90d41f7e__00023,barronk-thereisnogreaterlove-williamsbrileyb-1984-90d41f7e,There Is No Greater Love,12,Kenny Barron / Kenny Barron,3,3,data/processed/jtd_group_cv_16/audio_24k_mono/barronk-thereisnogreaterlove-williamsbrileyb-1984-90d41f7e.wav,115.000000,10.000000,24000,1984,Kenny Barron,Kenny Barron
barronk-thereisnogreaterlove-williamsbrileyb-1984-90d41f7e__00024,barronk-thereisnogreaterlove-williamsbrileyb-1984-90d41f7e,There Is No Greater Love,12,Kenny Barron / Kenny Barron,3,3,data/processed/jtd_group_cv_16/audio_24k_mono/barronk-thereisnogreaterlove-williamsbrileyb-1984-90d41f7e.wav,120.000000,10.000000,24000,1984,Kenny Barron,Kenny Barron
barronk-thereisnogreaterlove-williamsbrileyb-1984-90d41f7e__00025,barronk-thereisnogreaterlove-williamsbrileyb-1984-90d41f7e,There Is No Greater Love,12,Kenny Barron / Kenny Barron,3,3,data/processed/jtd_group_cv_16/audio_24k_mono/barronk-thereisnogreaterlove-williamsbrileyb-1984-90d41f7e.wav,125.000000,10.000000,24000,1984,Kenny Barron,Kenny Barron
barronk-thereisnogreaterlove-williamsbrileyb-1984-90d41f7e__00026,barronk-thereisnogreaterlove-williamsbrileyb-1984-90d41f7e,There Is No Greater Love,12,Kenny Barron / Kenny Barron,3,3,data/processed/jtd_group_cv_16/audio_24k_mono/barronk-thereisnogreaterlove-williamsbrileyb-1984-90d41f7e.wav,130.000000,10.000000,24000,1984,Kenny Barron,Kenny Barron
barronk-thereisnogreaterlove-williamsbrileyb-1984-90d41f7e__00027,barronk-thereisnogreaterlove-williamsbrileyb-1984-90d41f7e,There Is No Greater Love,12,Kenny Barron / Kenny Barron,3,3,data/processed/jtd_group_cv_16/audio_24k_mono/barronk-thereisnogreaterlove-williamsbrileyb-1984-90d41f7e.wav,135.000000,10.000000,24000,1984,Kenny Barron,Kenny Barron
barronk-thereisnogreaterlove-williamsbrileyb-1984-90d41f7e__00028,barronk-thereisnogreaterlove-williamsbrileyb-1984-90d41f7e,There Is No Greater Love,12,Kenny Barron / Kenny Barron,3,3,data/processed/jtd_group_cv_16/audio_24k_mono/barronk-thereisnogreaterlove-williamsbrileyb-1984-90d41f7e.wav,140.000000,10.000000,24000,1984,Kenny Barron,Kenny Barron
barronk-thereisnogreaterlove-williamsbrileyb-1984-90d41f7e__00029,barronk-thereisnogreaterlove-williamsbrileyb-1984-90d41f7e,There Is No Greater Love,12,Kenny Barron / Kenny Barron,3,3,data/processed/jtd_group_cv_16/audio_24k_mono/barronk-thereisnogreaterlove-williamsbrileyb-1984-90d41f7e.wav,145.000000,10.000000,24000,1984,Kenny Barron,Kenny Barron
barronk-thereisnogreaterlove-williamsbrileyb-1984-90d41f7e__00030,barronk-thereisnogreaterlove-williamsbrileyb-1984-90d41f7e,There Is No Greater Love,12,Kenny Barron / Kenny Barron,3,3,data/processed/jtd_group_cv_16/audio_24k_mono/barronk-thereisnogreaterlove-williamsbrileyb-1984-90d41f7e.wav,150.000000,10.000000,24000,1984,Kenny Barron,Kenny Barron
barronk-thereisnogreaterlove-williamsbrileyb-1984-90d41f7e__00031,barronk-thereisnogreaterlove-williamsbrileyb-1984-90d41f7e,There Is No Greater Love,12,Kenny Barron / Kenny Barron,3,3,data/processed/jtd_group_cv_16/audio_24k_mono/barronk-thereisnogreaterlove-williamsbrileyb-1984-90d41f7e.wav,155.000000,10.000000,24000,1984,Kenny Barron,Kenny Barron
barronk-thereisnogreaterlove-williamsbrileyb-1984-90d41f7e__00032,barronk-thereisnogreaterlove-williamsbrileyb-1984-90d41f7e,There Is No Greater Love,12,Kenny Barron / Kenny Barron,3,3,data/processed/jtd_group_cv_16/audio_24k_mono/barronk-thereisnogreaterlove-williamsbrileyb-1984-90d41f7e.wav,160.000000,10.000000,24000,1984,Kenny Barron,Kenny Barron
barronk-thereisnogreaterlove-williamsbrileyb-1984-90d41f7e__00033,barronk-thereisnogreaterlove-williamsbrileyb-1984-90d41f7e,There Is No Greater Love,12,Kenny Barron / Kenny Barron,3,3,data/processed/jtd_group_cv_16/audio_24k_mono/barronk-thereisnogreaterlove-williamsbrileyb-1984-90d41f7e.wav,165.000000,10.000000,24000,1984,Kenny Barron,Kenny Barron
barronk-thereisnogreaterlove-williamsbrileyb-1984-90d41f7e__00034,barronk-thereisnogreaterlove-williamsbrileyb-1984-90d41f7e,There Is No Greater Love,12,Kenny Barron / Kenny Barron,3,3,data/processed/jtd_group_cv_16/audio_24k_mono/barronk-thereisnogreaterlove-williamsbrileyb-1984-90d41f7e.wav,170.000000,10.000000,24000,1984,Kenny Barron,Kenny Barron
barronk-thereisnogreaterlove-williamsbrileyb-1984-90d41f7e__00035,barronk-thereisnogreaterlove-williamsbrileyb-1984-90d41f7e,There Is No Greater Love,12,Kenny Barron / Kenny Barron,3,3,data/processed/jtd_group_cv_16/audio_24k_mono/barronk-thereisnogreaterlove-williamsbrileyb-1984-90d41f7e.wav,175.000000,10.000000,24000,1984,Kenny Barron,Kenny Barron
barronk-thereisnogreaterlove-williamsbrileyb-1984-90d41f7e__00036,barronk-thereisnogreaterlove-williamsbrileyb-1984-90d41f7e,There Is No Greater Love,12,Kenny Barron / Kenny Barron,3,3,data/processed/jtd_group_cv_16/audio_24k_mono/barronk-thereisnogreaterlove-williamsbrileyb-1984-90d41f7e.wav,180.000000,10.000000,24000,1984,Kenny Barron,Kenny Barron
barronk-thereisnogreaterlove-williamsbrileyb-1984-90d41f7e__00037,barronk-thereisnogreaterlove-williamsbrileyb-1984-90d41f7e,There Is No Greater Love,12,Kenny Barron / Kenny Barron,3,3,data/processed/jtd_group_cv_16/audio_24k_mono/barronk-thereisnogreaterlove-williamsbrileyb-1984-90d41f7e.wav,185.000000,10.000000,24000,1984,Kenny Barron,Kenny Barron
barronk-thereisnogreaterlove-williamsbrileyb-1984-90d41f7e__00038,barronk-thereisnogreaterlove-williamsbrileyb-1984-90d41f7e,There Is No Greater Love,12,Kenny Barron / Kenny Barron,3,3,data/processed/jtd_group_cv_16/audio_24k_mono/barronk-thereisnogreaterlove-williamsbrileyb-1984-90d41f7e.wav,190.000000,10.000000,24000,1984,Kenny Barron,Kenny Barron
barronk-thereisnogreaterlove-williamsbrileyb-1984-90d41f7e__00039,barronk-thereisnogreaterlove-williamsbrileyb-1984-90d41f7e,There Is No Greater Love,12,Kenny Barron / Kenny Barron,3,3,data/processed/jtd_group_cv_16/audio_24k_mono/barronk-thereisnogreaterlove-williamsbrileyb-1984-90d41f7e.wav,195.000000,10.000000,24000,1984,Kenny Barron,Kenny Barron
barronk-thereisnogreaterlove-williamsbrileyb-1984-90d41f7e__00040,barronk-thereisnogreaterlove-williamsbrileyb-1984-90d41f7e,There Is No Greater Love,12,Kenny Barron / Kenny Barron,3,3,data/processed/jtd_group_cv_16/audio_24k_mono/barronk-thereisnogreaterlove-williamsbrileyb-1984-90d41f7e.wav,200.000000,10.000000,24000,1984,Kenny Barron,Kenny Barron
barronk-thereisnogreaterlove-williamsbrileyb-1984-90d41f7e__00041,barronk-thereisnogreaterlove-williamsbrileyb-1984-90d41f7e,There Is No Greater Love,12,Kenny Barron / Kenny Barron,3,3,data/processed/jtd_group_cv_16/audio_24k_mono/barronk-thereisnogreaterlove-williamsbrileyb-1984-90d41f7e.wav,205.000000,10.000000,24000,1984,Kenny Barron,Kenny Barron
barronk-thereisnogreaterlove-williamsbrileyb-1984-90d41f7e__00042,barronk-thereisnogreaterlove-williamsbrileyb-1984-90d41f7e,There Is No Greater Love,12,Kenny Barron / Kenny Barron,3,3,data/processed/jtd_group_cv_16/audio_24k_mono/barronk-thereisnogreaterlove-williamsbrileyb-1984-90d41f7e.wav,210.000000,10.000000,24000,1984,Kenny Barron,Kenny Barron
barronk-thereisnogreaterlove-williamsbrileyb-1984-90d41f7e__00043,barronk-thereisnogreaterlove-williamsbrileyb-1984-90d41f7e,There Is No Greater Love,12,Kenny Barron / Kenny Barron,3,3,data/processed/jtd_group_cv_16/audio_24k_mono/barronk-thereisnogreaterlove-williamsbrileyb-1984-90d41f7e.wav,215.000000,10.000000,24000,1984,Kenny Barron,Kenny Barron
barronk-thereisnogreaterlove-williamsbrileyb-1984-90d41f7e__00044,barronk-thereisnogreaterlove-williamsbrileyb-1984-90d41f7e,There Is No Greater Love,12,Kenny Barron / Kenny Barron,3,3,data/processed/jtd_group_cv_16/audio_24k_mono/barronk-thereisnogreaterlove-williamsbrileyb-1984-90d41f7e.wav,220.000000,10.000000,24000,1984,Kenny Barron,Kenny Barron
barronk-thereisnogreaterlove-williamsbrileyb-1984-90d41f7e__00045,barronk-thereisnogreaterlove-williamsbrileyb-1984-90d41f7e,There Is No Greater Love,12,Kenny Barron / Kenny Barron,3,3,data/processed/jtd_group_cv_16/audio_24k_mono/barronk-thereisnogreaterlove-williamsbrileyb-1984-90d41f7e.wav,225.000000,10.000000,24000,1984,Kenny Barron,Kenny Barron
barronk-thereisnogreaterlove-williamsbrileyb-1984-90d41f7e__00046,barronk-thereisnogreaterlove-williamsbrileyb-1984-90d41f7e,There Is No Greater Love,12,Kenny Barron / Kenny Barron,3,3,data/processed/jtd_group_cv_16/audio_24k_mono/barronk-thereisnogreaterlove-williamsbrileyb-1984-90d41f7e.wav,230.000000,10.000000,24000,1984,Kenny Barron,Kenny Barron
barronk-thereisnogreaterlove-williamsbrileyb-1984-90d41f7e__00047,barronk-thereisnogreaterlove-williamsbrileyb-1984-90d41f7e,There Is No Greater Love,12,Kenny Barron / Kenny Barron,3,3,data/processed/jtd_group_cv_16/audio_24k_mono/barronk-thereisnogreaterlove-williamsbrileyb-1984-90d41f7e.wav,235.000000,10.000000,24000,1984,Kenny Barron,Kenny Barron
barronk-thereisnogreaterlove-williamsbrileyb-1984-90d41f7e__00048,barronk-thereisnogreaterlove-williamsbrileyb-1984-90d41f7e,There Is No Greater Love,12,Kenny Barron / Kenny Barron,3,3,data/processed/jtd_group_cv_16/audio_24k_mono/barronk-thereisnogreaterlove-williamsbrileyb-1984-90d41f7e.wav,240.000000,10.000000,24000,1984,Kenny Barron,Kenny Barron
petersono-thereisnogreaterlove-brownrthigpene-1961-dc8ea579__00000,petersono-thereisnogreaterlove-brownrthigpene-1961-dc8ea579,There Is No Greater Love,12,Oscar Peterson / Oscar Peterson,0,0,data/processed/jtd_group_cv_16/audio_24k_mono/petersono-thereisnogreaterlove-brownrthigpene-1961-dc8ea579.wav,0.000000,10.000000,24000,1961,Oscar Peterson,Oscar Peterson
petersono-thereisnogreaterlove-brownrthigpene-1961-dc8ea579__00001,petersono-thereisnogreaterlove-brownrthigpene-1961-dc8ea579,There Is No Greater Love,12,Oscar Peterson / Oscar Peterson,0,0,data/processed/jtd_group_cv_16/audio_24k_mono/petersono-thereisnogreaterlove-brownrthigpene-1961-dc8ea579.wav,5.000000,10.000000,24000,1961,Oscar Peterson,Oscar Peterson
petersono-thereisnogreaterlove-brownrthigpene-1961-dc8ea579__00002,petersono-thereisnogreaterlove-brownrthigpene-1961-dc8ea579,There Is No Greater Love,12,Oscar Peterson / Oscar Peterson,0,0,data/processed/jtd_group_cv_16/audio_24k_mono/petersono-thereisnogreaterlove-brownrthigpene-1961-dc8ea579.wav,10.000000,10.000000,24000,1961,Oscar Peterson,Oscar Peterson
petersono-thereisnogreaterlove-brownrthigpene-1961-dc8ea579__00003,petersono-thereisnogreaterlove-brownrthigpene-1961-dc8ea579,There Is No Greater Love,12,Oscar Peterson / Oscar Peterson,0,0,data/processed/jtd_group_cv_16/audio_24k_mono/petersono-thereisnogreaterlove-brownrthigpene-1961-dc8ea579.wav,15.000000,10.000000,24000,1961,Oscar Peterson,Oscar Peterson
petersono-thereisnogreaterlove-brownrthigpene-1961-dc8ea579__00004,petersono-thereisnogreaterlove-brownrthigpene-1961-dc8ea579,There Is No Greater Love,12,Oscar Peterson / Oscar Peterson,0,0,data/processed/jtd_group_cv_16/audio_24k_mono/petersono-thereisnogreaterlove-brownrthigpene-1961-dc8ea579.wav,20.000000,10.000000,24000,1961,Oscar Peterson,Oscar Peterson
petersono-thereisnogreaterlove-brownrthigpene-1961-dc8ea579__00005,petersono-thereisnogreaterlove-brownrthigpene-1961-dc8ea579,There Is No Greater Love,12,Oscar Peterson / Oscar Peterson,0,0,data/processed/jtd_group_cv_16/audio_24k_mono/petersono-thereisnogreaterlove-brownrthigpene-1961-dc8ea579.wav,25.000000,10.000000,24000,1961,Oscar Peterson,Oscar Peterson
petersono-thereisnogreaterlove-brownrthigpene-1961-dc8ea579__00006,petersono-thereisnogreaterlove-brownrthigpene-1961-dc8ea579,There Is No Greater Love,12,Oscar Peterson / Oscar Peterson,0,0,data/processed/jtd_group_cv_16/audio_24k_mono/petersono-thereisnogreaterlove-brownrthigpene-1961-dc8ea579.wav,30.000000,10.000000,24000,1961,Oscar Peterson,Oscar Peterson
petersono-thereisnogreaterlove-brownrthigpene-1961-dc8ea579__00007,petersono-thereisnogreaterlove-brownrthigpene-1961-dc8ea579,There Is No Greater Love,12,Oscar Peterson / Oscar Peterson,0,0,data/processed/jtd_group_cv_16/audio_24k_mono/petersono-thereisnogreaterlove-brownrthigpene-1961-dc8ea579.wav,35.000000,10.000000,24000,1961,Oscar Peterson,Oscar Peterson
petersono-thereisnogreaterlove-brownrthigpene-1961-dc8ea579__00008,petersono-thereisnogreaterlove-brownrthigpene-1961-dc8ea579,There Is No Greater Love,12,Oscar Peterson / Oscar Peterson,0,0,data/processed/jtd_group_cv_16/audio_24k_mono/petersono-thereisnogreaterlove-brownrthigpene-1961-dc8ea579.wav,40.000000,10.000000,24000,1961,Oscar Peterson,Oscar Peterson
petersono-thereisnogreaterlove-brownrthigpene-1961-dc8ea579__00009,petersono-thereisnogreaterlove-brownrthigpene-1961-dc8ea579,There Is No Greater Love,12,Oscar Peterson / Oscar Peterson,0,0,data/processed/jtd_group_cv_16/audio_24k_mono/petersono-thereisnogreaterlove-brownrthigpene-1961-dc8ea579.wav,45.000000,10.000000,24000,1961,Oscar Peterson,Oscar Peterson
petersono-thereisnogreaterlove-brownrthigpene-1961-dc8ea579__00010,petersono-thereisnogreaterlove-brownrthigpene-1961-dc8ea579,There Is No Greater Love,12,Oscar Peterson / Oscar Peterson,0,0,data/processed/jtd_group_cv_16/audio_24k_mono/petersono-thereisnogreaterlove-brownrthigpene-1961-dc8ea579.wav,50.000000,10.000000,24000,1961,Oscar Peterson,Oscar Peterson
petersono-thereisnogreaterlove-brownrthigpene-1961-dc8ea579__00011,petersono-thereisnogreaterlove-brownrthigpene-1961-dc8ea579,There Is No Greater Love,12,Oscar Peterson / Oscar Peterson,0,0,data/processed/jtd_group_cv_16/audio_24k_mono/petersono-thereisnogreaterlove-brownrthigpene-1961-dc8ea579.wav,55.000000,10.000000,24000,1961,Oscar Peterson,Oscar Peterson
petersono-thereisnogreaterlove-brownrthigpene-1961-dc8ea579__00012,petersono-thereisnogreaterlove-brownrthigpene-1961-dc8ea579,There Is No Greater Love,12,Oscar Peterson / Oscar Peterson,0,0,data/processed/jtd_group_cv_16/audio_24k_mono/petersono-thereisnogreaterlove-brownrthigpene-1961-dc8ea579.wav,60.000000,10.000000,24000,1961,Oscar Peterson,Oscar Peterson
petersono-thereisnogreaterlove-brownrthigpene-1961-dc8ea579__00013,petersono-thereisnogreaterlove-brownrthigpene-1961-dc8ea579,There Is No Greater Love,12,Oscar Peterson / Oscar Peterson,0,0,data/processed/jtd_group_cv_16/audio_24k_mono/petersono-thereisnogreaterlove-brownrthigpene-1961-dc8ea579.wav,65.000000,10.000000,24000,1961,Oscar Peterson,Oscar Peterson
petersono-thereisnogreaterlove-brownrthigpene-1961-dc8ea579__00014,petersono-thereisnogreaterlove-brownrthigpene-1961-dc8ea579,There Is No Greater Love,12,Oscar Peterson / Oscar Peterson,0,0,data/processed/jtd_group_cv_16/audio_24k_mono/petersono-thereisnogreaterlove-brownrthigpene-1961-dc8ea579.wav,70.000000,10.000000,24000,1961,Oscar Peterson,Oscar Peterson
petersono-thereisnogreaterlove-brownrthigpene-1961-dc8ea579__00015,petersono-thereisnogreaterlove-brownrthigpene-1961-dc8ea579,There Is No Greater Love,12,Oscar Peterson / Oscar Peterson,0,0,data/processed/jtd_group_cv_16/audio_24k_mono/petersono-thereisnogreaterlove-brownrthigpene-1961-dc8ea579.wav,75.000000,10.000000,24000,1961,Oscar Peterson,Oscar Peterson
petersono-thereisnogreaterlove-brownrthigpene-1961-dc8ea579__00016,petersono-thereisnogreaterlove-brownrthigpene-1961-dc8ea579,There Is No Greater Love,12,Oscar Peterson / Oscar Peterson,0,0,data/processed/jtd_group_cv_16/audio_24k_mono/petersono-thereisnogreaterlove-brownrthigpene-1961-dc8ea579.wav,80.000000,10.000000,24000,1961,Oscar Peterson,Oscar Peterson
petersono-thereisnogreaterlove-brownrthigpene-1961-dc8ea579__00017,petersono-thereisnogreaterlove-brownrthigpene-1961-dc8ea579,There Is No Greater Love,12,Oscar Peterson / Oscar Peterson,0,0,data/processed/jtd_group_cv_16/audio_24k_mono/petersono-thereisnogreaterlove-brownrthigpene-1961-dc8ea579.wav,85.000000,10.000000,24000,1961,Oscar Peterson,Oscar Peterson
petersono-thereisnogreaterlove-brownrthigpene-1961-dc8ea579__00018,petersono-thereisnogreaterlove-brownrthigpene-1961-dc8ea579,There Is No Greater Love,12,Oscar Peterson / Oscar Peterson,0,0,data/processed/jtd_group_cv_16/audio_24k_mono/petersono-thereisnogreaterlove-brownrthigpene-1961-dc8ea579.wav,90.000000,10.000000,24000,1961,Oscar Peterson,Oscar Peterson
petersono-thereisnogreaterlove-brownrthigpene-1961-dc8ea579__00019,petersono-thereisnogreaterlove-brownrthigpene-1961-dc8ea579,There Is No Greater Love,12,Oscar Peterson / Oscar Peterson,0,0,data/processed/jtd_group_cv_16/audio_24k_mono/petersono-thereisnogreaterlove-brownrthigpene-1961-dc8ea579.wav,95.000000,10.000000,24000,1961,Oscar Peterson,Oscar Peterson
petersono-thereisnogreaterlove-brownrthigpene-1961-dc8ea579__00020,petersono-thereisnogreaterlove-brownrthigpene-1961-dc8ea579,There Is No Greater Love,12,Oscar Peterson / Oscar Peterson,0,0,data/processed/jtd_group_cv_16/audio_24k_mono/petersono-thereisnogreaterlove-brownrthigpene-1961-dc8ea579.wav,100.000000,10.000000,24000,1961,Oscar Peterson,Oscar Peterson
petersono-thereisnogreaterlove-brownrthigpene-1961-dc8ea579__00021,petersono-thereisnogreaterlove-brownrthigpene-1961-dc8ea579,There Is No Greater Love,12,Oscar Peterson / Oscar Peterson,0,0,data/processed/jtd_group_cv_16/audio_24k_mono/petersono-thereisnogreaterlove-brownrthigpene-1961-dc8ea579.wav,105.000000,10.000000,24000,1961,Oscar Peterson,Oscar Peterson
petersono-thereisnogreaterlove-brownrthigpene-1961-dc8ea579__00022,petersono-thereisnogreaterlove-brownrthigpene-1961-dc8ea579,There Is No Greater Love,12,Oscar Peterson / Oscar Peterson,0,0,data/processed/jtd_group_cv_16/audio_24k_mono/petersono-thereisnogreaterlove-brownrthigpene-1961-dc8ea579.wav,110.000000,10.000000,24000,1961,Oscar Peterson,Oscar Peterson
petersono-thereisnogreaterlove-brownrthigpene-1961-dc8ea579__00023,petersono-thereisnogreaterlove-brownrthigpene-1961-dc8ea579,There Is No Greater Love,12,Oscar Peterson / Oscar Peterson,0,0,data/processed/jtd_group_cv_16/audio_24k_mono/petersono-thereisnogreaterlove-brownrthigpene-1961-dc8ea579.wav,115.000000,10.000000,24000,1961,Oscar Peterson,Oscar Peterson
petersono-thereisnogreaterlove-brownrthigpene-1961-dc8ea579__00024,petersono-thereisnogreaterlove-brownrthigpene-1961-dc8ea579,There Is No Greater Love,12,Oscar Peterson / Oscar Peterson,0,0,data/processed/jtd_group_cv_16/audio_24k_mono/petersono-thereisnogreaterlove-brownrthigpene-1961-dc8ea579.wav,120.000000,10.000000,24000,1961,Oscar Peterson,Oscar Peterson
petersono-thereisnogreaterlove-brownrthigpene-1961-dc8ea579__00025,petersono-thereisnogreaterlove-brownrthigpene-1961-dc8ea579,There Is No Greater Love,12,Oscar Peterson / Oscar Peterson,0,0,data/processed/jtd_group_cv_16/audio_24k_mono/petersono-thereisnogreaterlove-brownrthigpene-1961-dc8ea579.wav,125.000000,10.000000,24000,1961,Oscar Peterson,Oscar Peterson
petersono-thereisnogreaterlove-brownrthigpene-1961-dc8ea579__00026,petersono-thereisnogreaterlove-brownrthigpene-1961-dc8ea579,There Is No Greater Love,12,Oscar Peterson / Oscar Peterson,0,0,data/processed/jtd_group_cv_16/audio_24k_mono/petersono-thereisnogreaterlove-brownrthigpene-1961-dc8ea579.wav,130.000000,10.000000,24000,1961,Oscar Peterson,Oscar Peterson
petersono-thereisnogreaterlove-brownrthigpene-1961-dc8ea579__00027,petersono-thereisnogreaterlove-brownrthigpene-1961-dc8ea579,There Is No Greater Love,12,Oscar Peterson / Oscar Peterson,0,0,data/processed/jtd_group_cv_16/audio_24k_mono/petersono-thereisnogreaterlove-brownrthigpene-1961-dc8ea579.wav,135.000000,10.000000,24000,1961,Oscar Peterson,Oscar Peterson
petersono-thereisnogreaterlove-brownrthigpene-1961-dc8ea579__00028,petersono-thereisnogreaterlove-brownrthigpene-1961-dc8ea579,There Is No Greater Love,12,Oscar Peterson / Oscar Peterson,0,0,data/processed/jtd_group_cv_16/audio_24k_mono/petersono-thereisnogreaterlove-brownrthigpene-1961-dc8ea579.wav,140.000000,10.000000,24000,1961,Oscar Peterson,Oscar Peterson
petersono-thereisnogreaterlove-brownrthigpene-1961-dc8ea579__00029,petersono-thereisnogreaterlove-brownrthigpene-1961-dc8ea579,There Is No Greater Love,12,Oscar Peterson / Oscar Peterson,0,0,data/processed/jtd_group_cv_16/audio_24k_mono/petersono-thereisnogreaterlove-brownrthigpene-1961-dc8ea579.wav,145.000000,10.000000,24000,1961,Oscar Peterson,Oscar Peterson
petersono-thereisnogreaterlove-brownrthigpene-1961-dc8ea579__00030,petersono-thereisnogreaterlove-brownrthigpene-1961-dc8ea579,There Is No Greater Love,12,Oscar Peterson / Oscar Peterson,0,0,data/processed/jtd_group_cv_16/audio_24k_mono/petersono-thereisnogreaterlove-brownrthigpene-1961-dc8ea579.wav,150.000000,10.000000,24000,1961,Oscar Peterson,Oscar Peterson
petersono-thereisnogreaterlove-brownrthigpene-1961-dc8ea579__00031,petersono-thereisnogreaterlove-brownrthigpene-1961-dc8ea579,There Is No Greater Love,12,Oscar Peterson / Oscar Peterson,0,0,data/processed/jtd_group_cv_16/audio_24k_mono/petersono-thereisnogreaterlove-brownrthigpene-1961-dc8ea579.wav,155.000000,10.000000,24000,1961,Oscar Peterson,Oscar Peterson
petersono-thereisnogreaterlove-brownrthigpene-1961-dc8ea579__00032,petersono-thereisnogreaterlove-brownrthigpene-1961-dc8ea579,There Is No Greater Love,12,Oscar Peterson / Oscar Peterson,0,0,data/processed/jtd_group_cv_16/audio_24k_mono/petersono-thereisnogreaterlove-brownrthigpene-1961-dc8ea579.wav,160.000000,10.000000,24000,1961,Oscar Peterson,Oscar Peterson
kellyw-thereisnogreaterlove-mcclurercobbj-1966-372399bb__00000,kellyw-thereisnogreaterlove-mcclurercobbj-1966-372399bb,There Is No Greater Love,12,Wynton Kelly / Wynton Kelly,1,1,data/processed/jtd_group_cv_16/audio_24k_mono/kellyw-thereisnogreaterlove-mcclurercobbj-1966-372399bb.wav,0.000000,10.000000,24000,1966,Wynton Kelly,Wynton Kelly
kellyw-thereisnogreaterlove-mcclurercobbj-1966-372399bb__00001,kellyw-thereisnogreaterlove-mcclurercobbj-1966-372399bb,There Is No Greater Love,12,Wynton Kelly / Wynton Kelly,1,1,data/processed/jtd_group_cv_16/audio_24k_mono/kellyw-thereisnogreaterlove-mcclurercobbj-1966-372399bb.wav,5.000000,10.000000,24000,1966,Wynton Kelly,Wynton Kelly
kellyw-thereisnogreaterlove-mcclurercobbj-1966-372399bb__00002,kellyw-thereisnogreaterlove-mcclurercobbj-1966-372399bb,There Is No Greater Love,12,Wynton Kelly / Wynton Kelly,1,1,data/processed/jtd_group_cv_16/audio_24k_mono/kellyw-thereisnogreaterlove-mcclurercobbj-1966-372399bb.wav,10.000000,10.000000,24000,1966,Wynton Kelly,Wynton Kelly
kellyw-thereisnogreaterlove-mcclurercobbj-1966-372399bb__00003,kellyw-thereisnogreaterlove-mcclurercobbj-1966-372399bb,There Is No Greater Love,12,Wynton Kelly / Wynton Kelly,1,1,data/processed/jtd_group_cv_16/audio_24k_mono/kellyw-thereisnogreaterlove-mcclurercobbj-1966-372399bb.wav,15.000000,10.000000,24000,1966,Wynton Kelly,Wynton Kelly
kellyw-thereisnogreaterlove-mcclurercobbj-1966-372399bb__00004,kellyw-thereisnogreaterlove-mcclurercobbj-1966-372399bb,There Is No Greater Love,12,Wynton Kelly / Wynton Kelly,1,1,data/processed/jtd_group_cv_16/audio_24k_mono/kellyw-thereisnogreaterlove-mcclurercobbj-1966-372399bb.wav,20.000000,10.000000,24000,1966,Wynton Kelly,Wynton Kelly
kellyw-thereisnogreaterlove-mcclurercobbj-1966-372399bb__00005,kellyw-thereisnogreaterlove-mcclurercobbj-1966-372399bb,There Is No Greater Love,12,Wynton Kelly / Wynton Kelly,1,1,data/processed/jtd_group_cv_16/audio_24k_mono/kellyw-thereisnogreaterlove-mcclurercobbj-1966-372399bb.wav,25.000000,10.000000,24000,1966,Wynton Kelly,Wynton Kelly
kellyw-thereisnogreaterlove-mcclurercobbj-1966-372399bb__00006,kellyw-thereisnogreaterlove-mcclurercobbj-1966-372399bb,There Is No Greater Love,12,Wynton Kelly / Wynton Kelly,1,1,data/processed/jtd_group_cv_16/audio_24k_mono/kellyw-thereisnogreaterlove-mcclurercobbj-1966-372399bb.wav,30.000000,10.000000,24000,1966,Wynton Kelly,Wynton Kelly
kellyw-thereisnogreaterlove-mcclurercobbj-1966-372399bb__00007,kellyw-thereisnogreaterlove-mcclurercobbj-1966-372399bb,There Is No Greater Love,12,Wynton Kelly / Wynton Kelly,1,1,data/processed/jtd_group_cv_16/audio_24k_mono/kellyw-thereisnogreaterlove-mcclurercobbj-1966-372399bb.wav,35.000000,10.000000,24000,1966,Wynton Kelly,Wynton Kelly
kellyw-thereisnogreaterlove-mcclurercobbj-1966-372399bb__00008,kellyw-thereisnogreaterlove-mcclurercobbj-1966-372399bb,There Is No Greater Love,12,Wynton Kelly / Wynton Kelly,1,1,data/processed/jtd_group_cv_16/audio_24k_mono/kellyw-thereisnogreaterlove-mcclurercobbj-1966-372399bb.wav,40.000000,10.000000,24000,1966,Wynton Kelly,Wynton Kelly
kellyw-thereisnogreaterlove-mcclurercobbj-1966-372399bb__00009,kellyw-thereisnogreaterlove-mcclurercobbj-1966-372399bb,There Is No Greater Love,12,Wynton Kelly / Wynton Kelly,1,1,data/processed/jtd_group_cv_16/audio_24k_mono/kellyw-thereisnogreaterlove-mcclurercobbj-1966-372399bb.wav,45.000000,10.000000,24000,1966,Wynton Kelly,Wynton Kelly
kellyw-thereisnogreaterlove-mcclurercobbj-1966-372399bb__00010,kellyw-thereisnogreaterlove-mcclurercobbj-1966-372399bb,There Is No Greater Love,12,Wynton Kelly / Wynton Kelly,1,1,data/processed/jtd_group_cv_16/audio_24k_mono/kellyw-thereisnogreaterlove-mcclurercobbj-1966-372399bb.wav,50.000000,10.000000,24000,1966,Wynton Kelly,Wynton Kelly
kellyw-thereisnogreaterlove-mcclurercobbj-1966-372399bb__00011,kellyw-thereisnogreaterlove-mcclurercobbj-1966-372399bb,There Is No Greater Love,12,Wynton Kelly / Wynton Kelly,1,1,data/processed/jtd_group_cv_16/audio_24k_mono/kellyw-thereisnogreaterlove-mcclurercobbj-1966-372399bb.wav,55.000000,10.000000,24000,1966,Wynton Kelly,Wynton Kelly
kellyw-thereisnogreaterlove-mcclurercobbj-1966-372399bb__00012,kellyw-thereisnogreaterlove-mcclurercobbj-1966-372399bb,There Is No Greater Love,12,Wynton Kelly / Wynton Kelly,1,1,data/processed/jtd_group_cv_16/audio_24k_mono/kellyw-thereisnogreaterlove-mcclurercobbj-1966-372399bb.wav,60.000000,10.000000,24000,1966,Wynton Kelly,Wynton Kelly
kellyw-thereisnogreaterlove-mcclurercobbj-1966-372399bb__00013,kellyw-thereisnogreaterlove-mcclurercobbj-1966-372399bb,There Is No Greater Love,12,Wynton Kelly / Wynton Kelly,1,1,data/processed/jtd_group_cv_16/audio_24k_mono/kellyw-thereisnogreaterlove-mcclurercobbj-1966-372399bb.wav,65.000000,10.000000,24000,1966,Wynton Kelly,Wynton Kelly
kellyw-thereisnogreaterlove-mcclurercobbj-1966-372399bb__00014,kellyw-thereisnogreaterlove-mcclurercobbj-1966-372399bb,There Is No Greater Love,12,Wynton Kelly / Wynton Kelly,1,1,data/processed/jtd_group_cv_16/audio_24k_mono/kellyw-thereisnogreaterlove-mcclurercobbj-1966-372399bb.wav,70.000000,10.000000,24000,1966,Wynton Kelly,Wynton Kelly
kellyw-thereisnogreaterlove-mcclurercobbj-1966-372399bb__00015,kellyw-thereisnogreaterlove-mcclurercobbj-1966-372399bb,There Is No Greater Love,12,Wynton Kelly / Wynton Kelly,1,1,data/processed/jtd_group_cv_16/audio_24k_mono/kellyw-thereisnogreaterlove-mcclurercobbj-1966-372399bb.wav,75.000000,10.000000,24000,1966,Wynton Kelly,Wynton Kelly
kellyw-thereisnogreaterlove-mcclurercobbj-1966-372399bb__00016,kellyw-thereisnogreaterlove-mcclurercobbj-1966-372399bb,There Is No Greater Love,12,Wynton Kelly / Wynton Kelly,1,1,data/processed/jtd_group_cv_16/audio_24k_mono/kellyw-thereisnogreaterlove-mcclurercobbj-1966-372399bb.wav,80.000000,10.000000,24000,1966,Wynton Kelly,Wynton Kelly
kellyw-thereisnogreaterlove-mcclurercobbj-1966-372399bb__00017,kellyw-thereisnogreaterlove-mcclurercobbj-1966-372399bb,There Is No Greater Love,12,Wynton Kelly / Wynton Kelly,1,1,data/processed/jtd_group_cv_16/audio_24k_mono/kellyw-thereisnogreaterlove-mcclurercobbj-1966-372399bb.wav,85.000000,10.000000,24000,1966,Wynton Kelly,Wynton Kelly
kellyw-thereisnogreaterlove-mcclurercobbj-1966-372399bb__00018,kellyw-thereisnogreaterlove-mcclurercobbj-1966-372399bb,There Is No Greater Love,12,Wynton Kelly / Wynton Kelly,1,1,data/processed/jtd_group_cv_16/audio_24k_mono/kellyw-thereisnogreaterlove-mcclurercobbj-1966-372399bb.wav,90.000000,10.000000,24000,1966,Wynton Kelly,Wynton Kelly
kellyw-thereisnogreaterlove-mcclurercobbj-1966-372399bb__00019,kellyw-thereisnogreaterlove-mcclurercobbj-1966-372399bb,There Is No Greater Love,12,Wynton Kelly / Wynton Kelly,1,1,data/processed/jtd_group_cv_16/audio_24k_mono/kellyw-thereisnogreaterlove-mcclurercobbj-1966-372399bb.wav,95.000000,10.000000,24000,1966,Wynton Kelly,Wynton Kelly
kellyw-thereisnogreaterlove-mcclurercobbj-1966-372399bb__00020,kellyw-thereisnogreaterlove-mcclurercobbj-1966-372399bb,There Is No Greater Love,12,Wynton Kelly / Wynton Kelly,1,1,data/processed/jtd_group_cv_16/audio_24k_mono/kellyw-thereisnogreaterlove-mcclurercobbj-1966-372399bb.wav,100.000000,10.000000,24000,1966,Wynton Kelly,Wynton Kelly
kellyw-thereisnogreaterlove-mcclurercobbj-1966-372399bb__00021,kellyw-thereisnogreaterlove-mcclurercobbj-1966-372399bb,There Is No Greater Love,12,Wynton Kelly / Wynton Kelly,1,1,data/processed/jtd_group_cv_16/audio_24k_mono/kellyw-thereisnogreaterlove-mcclurercobbj-1966-372399bb.wav,105.000000,10.000000,24000,1966,Wynton Kelly,Wynton Kelly
kellyw-thereisnogreaterlove-mcclurercobbj-1966-372399bb__00022,kellyw-thereisnogreaterlove-mcclurercobbj-1966-372399bb,There Is No Greater Love,12,Wynton Kelly / Wynton Kelly,1,1,data/processed/jtd_group_cv_16/audio_24k_mono/kellyw-thereisnogreaterlove-mcclurercobbj-1966-372399bb.wav,110.000000,10.000000,24000,1966,Wynton Kelly,Wynton Kelly
kellyw-thereisnogreaterlove-mcclurercobbj-1966-372399bb__00023,kellyw-thereisnogreaterlove-mcclurercobbj-1966-372399bb,There Is No Greater Love,12,Wynton Kelly / Wynton Kelly,1,1,data/processed/jtd_group_cv_16/audio_24k_mono/kellyw-thereisnogreaterlove-mcclurercobbj-1966-372399bb.wav,115.000000,10.000000,24000,1966,Wynton Kelly,Wynton Kelly
kellyw-thereisnogreaterlove-mcclurercobbj-1966-372399bb__00024,kellyw-thereisnogreaterlove-mcclurercobbj-1966-372399bb,There Is No Greater Love,12,Wynton Kelly / Wynton Kelly,1,1,data/processed/jtd_group_cv_16/audio_24k_mono/kellyw-thereisnogreaterlove-mcclurercobbj-1966-372399bb.wav,120.000000,10.000000,24000,1966,Wynton Kelly,Wynton Kelly
kellyw-thereisnogreaterlove-mcclurercobbj-1966-372399bb__00025,kellyw-thereisnogreaterlove-mcclurercobbj-1966-372399bb,There Is No Greater Love,12,Wynton Kelly / Wynton Kelly,1,1,data/processed/jtd_group_cv_16/audio_24k_mono/kellyw-thereisnogreaterlove-mcclurercobbj-1966-372399bb.wav,125.000000,10.000000,24000,1966,Wynton Kelly,Wynton Kelly
kellyw-thereisnogreaterlove-mcclurercobbj-1966-372399bb__00026,kellyw-thereisnogreaterlove-mcclurercobbj-1966-372399bb,There Is No Greater Love,12,Wynton Kelly / Wynton Kelly,1,1,data/processed/jtd_group_cv_16/audio_24k_mono/kellyw-thereisnogreaterlove-mcclurercobbj-1966-372399bb.wav,130.000000,10.000000,24000,1966,Wynton Kelly,Wynton Kelly
kellyw-thereisnogreaterlove-mcclurercobbj-1966-372399bb__00027,kellyw-thereisnogreaterlove-mcclurercobbj-1966-372399bb,There Is No Greater Love,12,Wynton Kelly / Wynton Kelly,1,1,data/processed/jtd_group_cv_16/audio_24k_mono/kellyw-thereisnogreaterlove-mcclurercobbj-1966-372399bb.wav,135.000000,10.000000,24000,1966,Wynton Kelly,Wynton Kelly
kellyw-thereisnogreaterlove-mcclurercobbj-1966-372399bb__00028,kellyw-thereisnogreaterlove-mcclurercobbj-1966-372399bb,There Is No Greater Love,12,Wynton Kelly / Wynton Kelly,1,1,data/processed/jtd_group_cv_16/audio_24k_mono/kellyw-thereisnogreaterlove-mcclurercobbj-1966-372399bb.wav,140.000000,10.000000,24000,1966,Wynton Kelly,Wynton Kelly
kellyw-thereisnogreaterlove-mcclurercobbj-1966-372399bb__00029,kellyw-thereisnogreaterlove-mcclurercobbj-1966-372399bb,There Is No Greater Love,12,Wynton Kelly / Wynton Kelly,1,1,data/processed/jtd_group_cv_16/audio_24k_mono/kellyw-thereisnogreaterlove-mcclurercobbj-1966-372399bb.wav,145.000000,10.000000,24000,1966,Wynton Kelly,Wynton Kelly
kellyw-thereisnogreaterlove-mcclurercobbj-1966-372399bb__00030,kellyw-thereisnogreaterlove-mcclurercobbj-1966-372399bb,There Is No Greater Love,12,Wynton Kelly / Wynton Kelly,1,1,data/processed/jtd_group_cv_16/audio_24k_mono/kellyw-thereisnogreaterlove-mcclurercobbj-1966-372399bb.wav,150.000000,10.000000,24000,1966,Wynton Kelly,Wynton Kelly
kellyw-thereisnogreaterlove-mcclurercobbj-1966-372399bb__00031,kellyw-thereisnogreaterlove-mcclurercobbj-1966-372399bb,There Is No Greater Love,12,Wynton Kelly / Wynton Kelly,1,1,data/processed/jtd_group_cv_16/audio_24k_mono/kellyw-thereisnogreaterlove-mcclurercobbj-1966-372399bb.wav,155.000000,10.000000,24000,1966,Wynton Kelly,Wynton Kelly
kellyw-thereisnogreaterlove-mcclurercobbj-1966-372399bb__00032,kellyw-thereisnogreaterlove-mcclurercobbj-1966-372399bb,There Is No Greater Love,12,Wynton Kelly / Wynton Kelly,1,1,data/processed/jtd_group_cv_16/audio_24k_mono/kellyw-thereisnogreaterlove-mcclurercobbj-1966-372399bb.wav,160.000000,10.000000,24000,1966,Wynton Kelly,Wynton Kelly
kellyw-thereisnogreaterlove-mcclurercobbj-1966-372399bb__00033,kellyw-thereisnogreaterlove-mcclurercobbj-1966-372399bb,There Is No Greater Love,12,Wynton Kelly / Wynton Kelly,1,1,data/processed/jtd_group_cv_16/audio_24k_mono/kellyw-thereisnogreaterlove-mcclurercobbj-1966-372399bb.wav,165.000000,10.000000,24000,1966,Wynton Kelly,Wynton Kelly
kellyw-thereisnogreaterlove-mcclurercobbj-1966-372399bb__00034,kellyw-thereisnogreaterlove-mcclurercobbj-1966-372399bb,There Is No Greater Love,12,Wynton Kelly / Wynton Kelly,1,1,data/processed/jtd_group_cv_16/audio_24k_mono/kellyw-thereisnogreaterlove-mcclurercobbj-1966-372399bb.wav,170.000000,10.000000,24000,1966,Wynton Kelly,Wynton Kelly
kellyw-thereisnogreaterlove-mcclurercobbj-1966-372399bb__00035,kellyw-thereisnogreaterlove-mcclurercobbj-1966-372399bb,There Is No Greater Love,12,Wynton Kelly / Wynton Kelly,1,1,data/processed/jtd_group_cv_16/audio_24k_mono/kellyw-thereisnogreaterlove-mcclurercobbj-1966-372399bb.wav,175.000000,10.000000,24000,1966,Wynton Kelly,Wynton Kelly
kellyw-thereisnogreaterlove-mcclurercobbj-1966-372399bb__00036,kellyw-thereisnogreaterlove-mcclurercobbj-1966-372399bb,There Is No Greater Love,12,Wynton Kelly / Wynton Kelly,1,1,data/processed/jtd_group_cv_16/audio_24k_mono/kellyw-thereisnogreaterlove-mcclurercobbj-1966-372399bb.wav,180.000000,10.000000,24000,1966,Wynton Kelly,Wynton Kelly
kellyw-thereisnogreaterlove-mcclurercobbj-1966-372399bb__00037,kellyw-thereisnogreaterlove-mcclurercobbj-1966-372399bb,There Is No Greater Love,12,Wynton Kelly / Wynton Kelly,1,1,data/processed/jtd_group_cv_16/audio_24k_mono/kellyw-thereisnogreaterlove-mcclurercobbj-1966-372399bb.wav,185.000000,10.000000,24000,1966,Wynton Kelly,Wynton Kelly
kellyw-thereisnogreaterlove-mcclurercobbj-1966-372399bb__00038,kellyw-thereisnogreaterlove-mcclurercobbj-1966-372399bb,There Is No Greater Love,12,Wynton Kelly / Wynton Kelly,1,1,data/processed/jtd_group_cv_16/audio_24k_mono/kellyw-thereisnogreaterlove-mcclurercobbj-1966-372399bb.wav,190.000000,10.000000,24000,1966,Wynton Kelly,Wynton Kelly
kellyw-thereisnogreaterlove-mcclurercobbj-1966-372399bb__00039,kellyw-thereisnogreaterlove-mcclurercobbj-1966-372399bb,There Is No Greater Love,12,Wynton Kelly / Wynton Kelly,1,1,data/processed/jtd_group_cv_16/audio_24k_mono/kellyw-thereisnogreaterlove-mcclurercobbj-1966-372399bb.wav,195.000000,10.000000,24000,1966,Wynton Kelly,Wynton Kelly
kellyw-thereisnogreaterlove-mcclurercobbj-1966-372399bb__00040,kellyw-thereisnogreaterlove-mcclurercobbj-1966-372399bb,There Is No Greater Love,12,Wynton Kelly / Wynton Kelly,1,1,data/processed/jtd_group_cv_16/audio_24k_mono/kellyw-thereisnogreaterlove-mcclurercobbj-1966-372399bb.wav,200.000000,10.000000,24000,1966,Wynton Kelly,Wynton Kelly
kellyw-thereisnogreaterlove-mcclurercobbj-1966-372399bb__00041,kellyw-thereisnogreaterlove-mcclurercobbj-1966-372399bb,There Is No Greater Love,12,Wynton Kelly / Wynton Kelly,1,1,data/processed/jtd_group_cv_16/audio_24k_mono/kellyw-thereisnogreaterlove-mcclurercobbj-1966-372399bb.wav,205.000000,10.000000,24000,1966,Wynton Kelly,Wynton Kelly
kellyw-thereisnogreaterlove-mcclurercobbj-1966-372399bb__00042,kellyw-thereisnogreaterlove-mcclurercobbj-1966-372399bb,There Is No Greater Love,12,Wynton Kelly / Wynton Kelly,1,1,data/processed/jtd_group_cv_16/audio_24k_mono/kellyw-thereisnogreaterlove-mcclurercobbj-1966-372399bb.wav,210.000000,10.000000,24000,1966,Wynton Kelly,Wynton Kelly
kellyw-thereisnogreaterlove-mcclurercobbj-1966-372399bb__00043,kellyw-thereisnogreaterlove-mcclurercobbj-1966-372399bb,There Is No Greater Love,12,Wynton Kelly / Wynton Kelly,1,1,data/processed/jtd_group_cv_16/audio_24k_mono/kellyw-thereisnogreaterlove-mcclurercobbj-1966-372399bb.wav,215.000000,10.000000,24000,1966,Wynton Kelly,Wynton Kelly
kellyw-thereisnogreaterlove-mcclurercobbj-1966-372399bb__00044,kellyw-thereisnogreaterlove-mcclurercobbj-1966-372399bb,There Is No Greater Love,12,Wynton Kelly / Wynton Kelly,1,1,data/processed/jtd_group_cv_16/audio_24k_mono/kellyw-thereisnogreaterlove-mcclurercobbj-1966-372399bb.wav,220.000000,10.000000,24000,1966,Wynton Kelly,Wynton Kelly
kellyw-thereisnogreaterlove-mcclurercobbj-1966-372399bb__00045,kellyw-thereisnogreaterlove-mcclurercobbj-1966-372399bb,There Is No Greater Love,12,Wynton Kelly / Wynton Kelly,1,1,data/processed/jtd_group_cv_16/audio_24k_mono/kellyw-thereisnogreaterlove-mcclurercobbj-1966-372399bb.wav,225.000000,10.000000,24000,1966,Wynton Kelly,Wynton Kelly
kellyw-thereisnogreaterlove-mcclurercobbj-1966-372399bb__00046,kellyw-thereisnogreaterlove-mcclurercobbj-1966-372399bb,There Is No Greater Love,12,Wynton Kelly / Wynton Kelly,1,1,data/processed/jtd_group_cv_16/audio_24k_mono/kellyw-thereisnogreaterlove-mcclurercobbj-1966-372399bb.wav,230.000000,10.000000,24000,1966,Wynton Kelly,Wynton Kelly
kellyw-thereisnogreaterlove-mcclurercobbj-1966-372399bb__00047,kellyw-thereisnogreaterlove-mcclurercobbj-1966-372399bb,There Is No Greater Love,12,Wynton Kelly / Wynton Kelly,1,1,data/processed/jtd_group_cv_16/audio_24k_mono/kellyw-thereisnogreaterlove-mcclurercobbj-1966-372399bb.wav,235.000000,10.000000,24000,1966,Wynton Kelly,Wynton Kelly
kellyw-thereisnogreaterlove-mcclurercobbj-1966-372399bb__00048,kellyw-thereisnogreaterlove-mcclurercobbj-1966-372399bb,There Is No Greater Love,12,Wynton Kelly / Wynton Kelly,1,1,data/processed/jtd_group_cv_16/audio_24k_mono/kellyw-thereisnogreaterlove-mcclurercobbj-1966-372399bb.wav,240.000000,10.000000,24000,1966,Wynton Kelly,Wynton Kelly
kellyw-thereisnogreaterlove-mcclurercobbj-1966-372399bb__00049,kellyw-thereisnogreaterlove-mcclurercobbj-1966-372399bb,There Is No Greater Love,12,Wynton Kelly / Wynton Kelly,1,1,data/processed/jtd_group_cv_16/audio_24k_mono/kellyw-thereisnogreaterlove-mcclurercobbj-1966-372399bb.wav,245.000000,10.000000,24000,1966,Wynton Kelly,Wynton Kelly
kellyw-thereisnogreaterlove-mcclurercobbj-1966-372399bb__00050,kellyw-thereisnogreaterlove-mcclurercobbj-1966-372399bb,There Is No Greater Love,12,Wynton Kelly / Wynton Kelly,1,1,data/processed/jtd_group_cv_16/audio_24k_mono/kellyw-thereisnogreaterlove-mcclurercobbj-1966-372399bb.wav,250.000000,10.000000,24000,1966,Wynton Kelly,Wynton Kelly
kellyw-thereisnogreaterlove-mcclurercobbj-1966-372399bb__00051,kellyw-thereisnogreaterlove-mcclurercobbj-1966-372399bb,There Is No Greater Love,12,Wynton Kelly / Wynton Kelly,1,1,data/processed/jtd_group_cv_16/audio_24k_mono/kellyw-thereisnogreaterlove-mcclurercobbj-1966-372399bb.wav,255.000000,10.000000,24000,1966,Wynton Kelly,Wynton Kelly
kellyw-thereisnogreaterlove-mcclurercobbj-1966-372399bb__00052,kellyw-thereisnogreaterlove-mcclurercobbj-1966-372399bb,There Is No Greater Love,12,Wynton Kelly / Wynton Kelly,1,1,data/processed/jtd_group_cv_16/audio_24k_mono/kellyw-thereisnogreaterlove-mcclurercobbj-1966-372399bb.wav,260.000000,10.000000,24000,1966,Wynton Kelly,Wynton Kelly
kellyw-thereisnogreaterlove-mcclurercobbj-1966-372399bb__00053,kellyw-thereisnogreaterlove-mcclurercobbj-1966-372399bb,There Is No Greater Love,12,Wynton Kelly / Wynton Kelly,1,1,data/processed/jtd_group_cv_16/audio_24k_mono/kellyw-thereisnogreaterlove-mcclurercobbj-1966-372399bb.wav,265.000000,10.000000,24000,1966,Wynton Kelly,Wynton Kelly
kellyw-thereisnogreaterlove-mcclurercobbj-1966-372399bb__00054,kellyw-thereisnogreaterlove-mcclurercobbj-1966-372399bb,There Is No Greater Love,12,Wynton Kelly / Wynton Kelly,1,1,data/processed/jtd_group_cv_16/audio_24k_mono/kellyw-thereisnogreaterlove-mcclurercobbj-1966-372399bb.wav,270.000000,10.000000,24000,1966,Wynton Kelly,Wynton Kelly
kellyw-thereisnogreaterlove-mcclurercobbj-1966-372399bb__00055,kellyw-thereisnogreaterlove-mcclurercobbj-1966-372399bb,There Is No Greater Love,12,Wynton Kelly / Wynton Kelly,1,1,data/processed/jtd_group_cv_16/audio_24k_mono/kellyw-thereisnogreaterlove-mcclurercobbj-1966-372399bb.wav,275.000000,10.000000,24000,1966,Wynton Kelly,Wynton Kelly
kellyw-thereisnogreaterlove-mcclurercobbj-1966-372399bb__00056,kellyw-thereisnogreaterlove-mcclurercobbj-1966-372399bb,There Is No Greater Love,12,Wynton Kelly / Wynton Kelly,1,1,data/processed/jtd_group_cv_16/audio_24k_mono/kellyw-thereisnogreaterlove-mcclurercobbj-1966-372399bb.wav,280.000000,10.000000,24000,1966,Wynton Kelly,Wynton Kelly
kellyw-thereisnogreaterlove-mcclurercobbj-1966-372399bb__00057,kellyw-thereisnogreaterlove-mcclurercobbj-1966-372399bb,There Is No Greater Love,12,Wynton Kelly / Wynton Kelly,1,1,data/processed/jtd_group_cv_16/audio_24k_mono/kellyw-thereisnogreaterlove-mcclurercobbj-1966-372399bb.wav,285.000000,10.000000,24000,1966,Wynton Kelly,Wynton Kelly
kellyw-thereisnogreaterlove-mcclurercobbj-1966-372399bb__00058,kellyw-thereisnogreaterlove-mcclurercobbj-1966-372399bb,There Is No Greater Love,12,Wynton Kelly / Wynton Kelly,1,1,data/processed/jtd_group_cv_16/audio_24k_mono/kellyw-thereisnogreaterlove-mcclurercobbj-1966-372399bb.wav,290.000000,10.000000,24000,1966,Wynton Kelly,Wynton Kelly
kellyw-thereisnogreaterlove-mcclurercobbj-1966-372399bb__00059,kellyw-thereisnogreaterlove-mcclurercobbj-1966-372399bb,There Is No Greater Love,12,Wynton Kelly / Wynton Kelly,1,1,data/processed/jtd_group_cv_16/audio_24k_mono/kellyw-thereisnogreaterlove-mcclurercobbj-1966-372399bb.wav,295.000000,10.000000,24000,1966,Wynton Kelly,Wynton Kelly
kellyw-thereisnogreaterlove-mcclurercobbj-1966-372399bb__00060,kellyw-thereisnogreaterlove-mcclurercobbj-1966-372399bb,There Is No Greater Love,12,Wynton Kelly / Wynton Kelly,1,1,data/processed/jtd_group_cv_16/audio_24k_mono/kellyw-thereisnogreaterlove-mcclurercobbj-1966-372399bb.wav,300.000000,10.000000,24000,1966,Wynton Kelly,Wynton Kelly
kellyw-thereisnogreaterlove-mcclurercobbj-1966-372399bb__00061,kellyw-thereisnogreaterlove-mcclurercobbj-1966-372399bb,There Is No Greater Love,12,Wynton Kelly / Wynton Kelly,1,1,data/processed/jtd_group_cv_16/audio_24k_mono/kellyw-thereisnogreaterlove-mcclurercobbj-1966-372399bb.wav,305.000000,10.000000,24000,1966,Wynton Kelly,Wynton Kelly
kellyw-thereisnogreaterlove-mcclurercobbj-1966-372399bb__00062,kellyw-thereisnogreaterlove-mcclurercobbj-1966-372399bb,There Is No Greater Love,12,Wynton Kelly / Wynton Kelly,1,1,data/processed/jtd_group_cv_16/audio_24k_mono/kellyw-thereisnogreaterlove-mcclurercobbj-1966-372399bb.wav,310.000000,10.000000,24000,1966,Wynton Kelly,Wynton Kelly
kellyw-thereisnogreaterlove-mcclurercobbj-1966-372399bb__00063,kellyw-thereisnogreaterlove-mcclurercobbj-1966-372399bb,There Is No Greater Love,12,Wynton Kelly / Wynton Kelly,1,1,data/processed/jtd_group_cv_16/audio_24k_mono/kellyw-thereisnogreaterlove-mcclurercobbj-1966-372399bb.wav,315.000000,10.000000,24000,1966,Wynton Kelly,Wynton Kelly
kellyw-thereisnogreaterlove-mcclurercobbj-1966-372399bb__00064,kellyw-thereisnogreaterlove-mcclurercobbj-1966-372399bb,There Is No Greater Love,12,Wynton Kelly / Wynton Kelly,1,1,data/processed/jtd_group_cv_16/audio_24k_mono/kellyw-thereisnogreaterlove-mcclurercobbj-1966-372399bb.wav,320.000000,10.000000,24000,1966,Wynton Kelly,Wynton Kelly
kellyw-thereisnogreaterlove-mcclurercobbj-1966-372399bb__00065,kellyw-thereisnogreaterlove-mcclurercobbj-1966-372399bb,There Is No Greater Love,12,Wynton Kelly / Wynton Kelly,1,1,data/processed/jtd_group_cv_16/audio_24k_mono/kellyw-thereisnogreaterlove-mcclurercobbj-1966-372399bb.wav,325.000000,10.000000,24000,1966,Wynton Kelly,Wynton Kelly
kellyw-thereisnogreaterlove-mcclurercobbj-1966-372399bb__00066,kellyw-thereisnogreaterlove-mcclurercobbj-1966-372399bb,There Is No Greater Love,12,Wynton Kelly / Wynton Kelly,1,1,data/processed/jtd_group_cv_16/audio_24k_mono/kellyw-thereisnogreaterlove-mcclurercobbj-1966-372399bb.wav,330.000000,10.000000,24000,1966,Wynton Kelly,Wynton Kelly
kellyw-thereisnogreaterlove-mcclurercobbj-1966-372399bb__00067,kellyw-thereisnogreaterlove-mcclurercobbj-1966-372399bb,There Is No Greater Love,12,Wynton Kelly / Wynton Kelly,1,1,data/processed/jtd_group_cv_16/audio_24k_mono/kellyw-thereisnogreaterlove-mcclurercobbj-1966-372399bb.wav,335.000000,10.000000,24000,1966,Wynton Kelly,Wynton Kelly
kellyw-thereisnogreaterlove-mcclurercobbj-1966-372399bb__00068,kellyw-thereisnogreaterlove-mcclurercobbj-1966-372399bb,There Is No Greater Love,12,Wynton Kelly / Wynton Kelly,1,1,data/processed/jtd_group_cv_16/audio_24k_mono/kellyw-thereisnogreaterlove-mcclurercobbj-1966-372399bb.wav,340.000000,10.000000,24000,1966,Wynton Kelly,Wynton Kelly
kellyw-thereisnogreaterlove-mcclurercobbj-1966-372399bb__00069,kellyw-thereisnogreaterlove-mcclurercobbj-1966-372399bb,There Is No Greater Love,12,Wynton Kelly / Wynton Kelly,1,1,data/processed/jtd_group_cv_16/audio_24k_mono/kellyw-thereisnogreaterlove-mcclurercobbj-1966-372399bb.wav,345.000000,10.000000,24000,1966,Wynton Kelly,Wynton Kelly
jamala-whatisthisthingcalled-crosbyifournierv-1961-41d8df86__00000,jamala-whatisthisthingcalled-crosbyifournierv-1961-41d8df86,What Is This Thing Called Love,13,Ahmad Jamal / Ahmad Jamal,3,3,data/processed/jtd_group_cv_16/audio_24k_mono/jamala-whatisthisthingcalled-crosbyifournierv-1961-41d8df86.wav,0.000000,10.000000,24000,1961,Ahmad Jamal,Ahmad Jamal
jamala-whatisthisthingcalled-crosbyifournierv-1961-41d8df86__00001,jamala-whatisthisthingcalled-crosbyifournierv-1961-41d8df86,What Is This Thing Called Love,13,Ahmad Jamal / Ahmad Jamal,3,3,data/processed/jtd_group_cv_16/audio_24k_mono/jamala-whatisthisthingcalled-crosbyifournierv-1961-41d8df86.wav,5.000000,10.000000,24000,1961,Ahmad Jamal,Ahmad Jamal
jamala-whatisthisthingcalled-crosbyifournierv-1961-41d8df86__00002,jamala-whatisthisthingcalled-crosbyifournierv-1961-41d8df86,What Is This Thing Called Love,13,Ahmad Jamal / Ahmad Jamal,3,3,data/processed/jtd_group_cv_16/audio_24k_mono/jamala-whatisthisthingcalled-crosbyifournierv-1961-41d8df86.wav,10.000000,10.000000,24000,1961,Ahmad Jamal,Ahmad Jamal
jamala-whatisthisthingcalled-crosbyifournierv-1961-41d8df86__00003,jamala-whatisthisthingcalled-crosbyifournierv-1961-41d8df86,What Is This Thing Called Love,13,Ahmad Jamal / Ahmad Jamal,3,3,data/processed/jtd_group_cv_16/audio_24k_mono/jamala-whatisthisthingcalled-crosbyifournierv-1961-41d8df86.wav,15.000000,10.000000,24000,1961,Ahmad Jamal,Ahmad Jamal
jamala-whatisthisthingcalled-crosbyifournierv-1961-41d8df86__00004,jamala-whatisthisthingcalled-crosbyifournierv-1961-41d8df86,What Is This Thing Called Love,13,Ahmad Jamal / Ahmad Jamal,3,3,data/processed/jtd_group_cv_16/audio_24k_mono/jamala-whatisthisthingcalled-crosbyifournierv-1961-41d8df86.wav,20.000000,10.000000,24000,1961,Ahmad Jamal,Ahmad Jamal
jamala-whatisthisthingcalled-crosbyifournierv-1961-41d8df86__00005,jamala-whatisthisthingcalled-crosbyifournierv-1961-41d8df86,What Is This Thing Called Love,13,Ahmad Jamal / Ahmad Jamal,3,3,data/processed/jtd_group_cv_16/audio_24k_mono/jamala-whatisthisthingcalled-crosbyifournierv-1961-41d8df86.wav,25.000000,10.000000,24000,1961,Ahmad Jamal,Ahmad Jamal
jamala-whatisthisthingcalled-crosbyifournierv-1961-41d8df86__00006,jamala-whatisthisthingcalled-crosbyifournierv-1961-41d8df86,What Is This Thing Called Love,13,Ahmad Jamal / Ahmad Jamal,3,3,data/processed/jtd_group_cv_16/audio_24k_mono/jamala-whatisthisthingcalled-crosbyifournierv-1961-41d8df86.wav,30.000000,10.000000,24000,1961,Ahmad Jamal,Ahmad Jamal
jamala-whatisthisthingcalled-crosbyifournierv-1961-41d8df86__00007,jamala-whatisthisthingcalled-crosbyifournierv-1961-41d8df86,What Is This Thing Called Love,13,Ahmad Jamal / Ahmad Jamal,3,3,data/processed/jtd_group_cv_16/audio_24k_mono/jamala-whatisthisthingcalled-crosbyifournierv-1961-41d8df86.wav,35.000000,10.000000,24000,1961,Ahmad Jamal,Ahmad Jamal
jamala-whatisthisthingcalled-crosbyifournierv-1961-41d8df86__00008,jamala-whatisthisthingcalled-crosbyifournierv-1961-41d8df86,What Is This Thing Called Love,13,Ahmad Jamal / Ahmad Jamal,3,3,data/processed/jtd_group_cv_16/audio_24k_mono/jamala-whatisthisthingcalled-crosbyifournierv-1961-41d8df86.wav,40.000000,10.000000,24000,1961,Ahmad Jamal,Ahmad Jamal
jamala-whatisthisthingcalled-crosbyifournierv-1961-41d8df86__00009,jamala-whatisthisthingcalled-crosbyifournierv-1961-41d8df86,What Is This Thing Called Love,13,Ahmad Jamal / Ahmad Jamal,3,3,data/processed/jtd_group_cv_16/audio_24k_mono/jamala-whatisthisthingcalled-crosbyifournierv-1961-41d8df86.wav,45.000000,10.000000,24000,1961,Ahmad Jamal,Ahmad Jamal
jamala-whatisthisthingcalled-crosbyifournierv-1961-41d8df86__00010,jamala-whatisthisthingcalled-crosbyifournierv-1961-41d8df86,What Is This Thing Called Love,13,Ahmad Jamal / Ahmad Jamal,3,3,data/processed/jtd_group_cv_16/audio_24k_mono/jamala-whatisthisthingcalled-crosbyifournierv-1961-41d8df86.wav,50.000000,10.000000,24000,1961,Ahmad Jamal,Ahmad Jamal
evansb-whatisthisthingcalled-israelscbunkerl-1961-8a127c18__00000,evansb-whatisthisthingcalled-israelscbunkerl-1961-8a127c18,What Is This Thing Called Love,13,Bill Evans / Bill Evans,1,1,data/processed/jtd_group_cv_16/audio_24k_mono/evansb-whatisthisthingcalled-israelscbunkerl-1961-8a127c18.wav,0.000000,10.000000,24000,1961,Bill Evans,Bill Evans
evansb-whatisthisthingcalled-israelscbunkerl-1961-8a127c18__00001,evansb-whatisthisthingcalled-israelscbunkerl-1961-8a127c18,What Is This Thing Called Love,13,Bill Evans / Bill Evans,1,1,data/processed/jtd_group_cv_16/audio_24k_mono/evansb-whatisthisthingcalled-israelscbunkerl-1961-8a127c18.wav,5.000000,10.000000,24000,1961,Bill Evans,Bill Evans
evansb-whatisthisthingcalled-israelscbunkerl-1961-8a127c18__00002,evansb-whatisthisthingcalled-israelscbunkerl-1961-8a127c18,What Is This Thing Called Love,13,Bill Evans / Bill Evans,1,1,data/processed/jtd_group_cv_16/audio_24k_mono/evansb-whatisthisthingcalled-israelscbunkerl-1961-8a127c18.wav,10.000000,10.000000,24000,1961,Bill Evans,Bill Evans
evansb-whatisthisthingcalled-israelscbunkerl-1961-8a127c18__00003,evansb-whatisthisthingcalled-israelscbunkerl-1961-8a127c18,What Is This Thing Called Love,13,Bill Evans / Bill Evans,1,1,data/processed/jtd_group_cv_16/audio_24k_mono/evansb-whatisthisthingcalled-israelscbunkerl-1961-8a127c18.wav,15.000000,10.000000,24000,1961,Bill Evans,Bill Evans
evansb-whatisthisthingcalled-israelscbunkerl-1961-8a127c18__00004,evansb-whatisthisthingcalled-israelscbunkerl-1961-8a127c18,What Is This Thing Called Love,13,Bill Evans / Bill Evans,1,1,data/processed/jtd_group_cv_16/audio_24k_mono/evansb-whatisthisthingcalled-israelscbunkerl-1961-8a127c18.wav,20.000000,10.000000,24000,1961,Bill Evans,Bill Evans
evansb-whatisthisthingcalled-israelscbunkerl-1961-8a127c18__00005,evansb-whatisthisthingcalled-israelscbunkerl-1961-8a127c18,What Is This Thing Called Love,13,Bill Evans / Bill Evans,1,1,data/processed/jtd_group_cv_16/audio_24k_mono/evansb-whatisthisthingcalled-israelscbunkerl-1961-8a127c18.wav,25.000000,10.000000,24000,1961,Bill Evans,Bill Evans
evansb-whatisthisthingcalled-israelscbunkerl-1961-8a127c18__00006,evansb-whatisthisthingcalled-israelscbunkerl-1961-8a127c18,What Is This Thing Called Love,13,Bill Evans / Bill Evans,1,1,data/processed/jtd_group_cv_16/audio_24k_mono/evansb-whatisthisthingcalled-israelscbunkerl-1961-8a127c18.wav,30.000000,10.000000,24000,1961,Bill Evans,Bill Evans
mancej-whatisthisthingcalled-bettskwilliamsj-1998-15983625__00000,mancej-whatisthisthingcalled-bettskwilliamsj-1998-15983625,What Is This Thing Called Love,13,Junior Mance / Junior Mance,2,2,data/processed/jtd_group_cv_16/audio_24k_mono/mancej-whatisthisthingcalled-bettskwilliamsj-1998-15983625.wav,0.000000,10.000000,24000,1998,Junior Mance,Junior Mance
mancej-whatisthisthingcalled-bettskwilliamsj-1998-15983625__00001,mancej-whatisthisthingcalled-bettskwilliamsj-1998-15983625,What Is This Thing Called Love,13,Junior Mance / Junior Mance,2,2,data/processed/jtd_group_cv_16/audio_24k_mono/mancej-whatisthisthingcalled-bettskwilliamsj-1998-15983625.wav,5.000000,10.000000,24000,1998,Junior Mance,Junior Mance
mancej-whatisthisthingcalled-bettskwilliamsj-1998-15983625__00002,mancej-whatisthisthingcalled-bettskwilliamsj-1998-15983625,What Is This Thing Called Love,13,Junior Mance / Junior Mance,2,2,data/processed/jtd_group_cv_16/audio_24k_mono/mancej-whatisthisthingcalled-bettskwilliamsj-1998-15983625.wav,10.000000,10.000000,24000,1998,Junior Mance,Junior Mance
mancej-whatisthisthingcalled-bettskwilliamsj-1998-15983625__00003,mancej-whatisthisthingcalled-bettskwilliamsj-1998-15983625,What Is This Thing Called Love,13,Junior Mance / Junior Mance,2,2,data/processed/jtd_group_cv_16/audio_24k_mono/mancej-whatisthisthingcalled-bettskwilliamsj-1998-15983625.wav,15.000000,10.000000,24000,1998,Junior Mance,Junior Mance
mancej-whatisthisthingcalled-bettskwilliamsj-1998-15983625__00004,mancej-whatisthisthingcalled-bettskwilliamsj-1998-15983625,What Is This Thing Called Love,13,Junior Mance / Junior Mance,2,2,data/processed/jtd_group_cv_16/audio_24k_mono/mancej-whatisthisthingcalled-bettskwilliamsj-1998-15983625.wav,20.000000,10.000000,24000,1998,Junior Mance,Junior Mance
mancej-whatisthisthingcalled-bettskwilliamsj-1998-15983625__00005,mancej-whatisthisthingcalled-bettskwilliamsj-1998-15983625,What Is This Thing Called Love,13,Junior Mance / Junior Mance,2,2,data/processed/jtd_group_cv_16/audio_24k_mono/mancej-whatisthisthingcalled-bettskwilliamsj-1998-15983625.wav,25.000000,10.000000,24000,1998,Junior Mance,Junior Mance
mancej-whatisthisthingcalled-bettskwilliamsj-1998-15983625__00006,mancej-whatisthisthingcalled-bettskwilliamsj-1998-15983625,What Is This Thing Called Love,13,Junior Mance / Junior Mance,2,2,data/processed/jtd_group_cv_16/audio_24k_mono/mancej-whatisthisthingcalled-bettskwilliamsj-1998-15983625.wav,30.000000,10.000000,24000,1998,Junior Mance,Junior Mance
mancej-whatisthisthingcalled-bettskwilliamsj-1998-15983625__00007,mancej-whatisthisthingcalled-bettskwilliamsj-1998-15983625,What Is This Thing Called Love,13,Junior Mance / Junior Mance,2,2,data/processed/jtd_group_cv_16/audio_24k_mono/mancej-whatisthisthingcalled-bettskwilliamsj-1998-15983625.wav,35.000000,10.000000,24000,1998,Junior Mance,Junior Mance
mancej-whatisthisthingcalled-bettskwilliamsj-1998-15983625__00008,mancej-whatisthisthingcalled-bettskwilliamsj-1998-15983625,What Is This Thing Called Love,13,Junior Mance / Junior Mance,2,2,data/processed/jtd_group_cv_16/audio_24k_mono/mancej-whatisthisthingcalled-bettskwilliamsj-1998-15983625.wav,40.000000,10.000000,24000,1998,Junior Mance,Junior Mance
mancej-whatisthisthingcalled-bettskwilliamsj-1998-15983625__00009,mancej-whatisthisthingcalled-bettskwilliamsj-1998-15983625,What Is This Thing Called Love,13,Junior Mance / Junior Mance,2,2,data/processed/jtd_group_cv_16/audio_24k_mono/mancej-whatisthisthingcalled-bettskwilliamsj-1998-15983625.wav,45.000000,10.000000,24000,1998,Junior Mance,Junior Mance
mancej-whatisthisthingcalled-bettskwilliamsj-1998-15983625__00010,mancej-whatisthisthingcalled-bettskwilliamsj-1998-15983625,What Is This Thing Called Love,13,Junior Mance / Junior Mance,2,2,data/processed/jtd_group_cv_16/audio_24k_mono/mancej-whatisthisthingcalled-bettskwilliamsj-1998-15983625.wav,50.000000,10.000000,24000,1998,Junior Mance,Junior Mance
mancej-whatisthisthingcalled-bettskwilliamsj-1998-15983625__00011,mancej-whatisthisthingcalled-bettskwilliamsj-1998-15983625,What Is This Thing Called Love,13,Junior Mance / Junior Mance,2,2,data/processed/jtd_group_cv_16/audio_24k_mono/mancej-whatisthisthingcalled-bettskwilliamsj-1998-15983625.wav,55.000000,10.000000,24000,1998,Junior Mance,Junior Mance
mancej-whatisthisthingcalled-bettskwilliamsj-1998-15983625__00012,mancej-whatisthisthingcalled-bettskwilliamsj-1998-15983625,What Is This Thing Called Love,13,Junior Mance / Junior Mance,2,2,data/processed/jtd_group_cv_16/audio_24k_mono/mancej-whatisthisthingcalled-bettskwilliamsj-1998-15983625.wav,60.000000,10.000000,24000,1998,Junior Mance,Junior Mance
mancej-whatisthisthingcalled-bettskwilliamsj-1998-15983625__00013,mancej-whatisthisthingcalled-bettskwilliamsj-1998-15983625,What Is This Thing Called Love,13,Junior Mance / Junior Mance,2,2,data/processed/jtd_group_cv_16/audio_24k_mono/mancej-whatisthisthingcalled-bettskwilliamsj-1998-15983625.wav,65.000000,10.000000,24000,1998,Junior Mance,Junior Mance
mancej-whatisthisthingcalled-bettskwilliamsj-1998-15983625__00014,mancej-whatisthisthingcalled-bettskwilliamsj-1998-15983625,What Is This Thing Called Love,13,Junior Mance / Junior Mance,2,2,data/processed/jtd_group_cv_16/audio_24k_mono/mancej-whatisthisthingcalled-bettskwilliamsj-1998-15983625.wav,70.000000,10.000000,24000,1998,Junior Mance,Junior Mance
mancej-whatisthisthingcalled-bettskwilliamsj-1998-15983625__00015,mancej-whatisthisthingcalled-bettskwilliamsj-1998-15983625,What Is This Thing Called Love,13,Junior Mance / Junior Mance,2,2,data/processed/jtd_group_cv_16/audio_24k_mono/mancej-whatisthisthingcalled-bettskwilliamsj-1998-15983625.wav,75.000000,10.000000,24000,1998,Junior Mance,Junior Mance
mancej-whatisthisthingcalled-bettskwilliamsj-1998-15983625__00016,mancej-whatisthisthingcalled-bettskwilliamsj-1998-15983625,What Is This Thing Called Love,13,Junior Mance / Junior Mance,2,2,data/processed/jtd_group_cv_16/audio_24k_mono/mancej-whatisthisthingcalled-bettskwilliamsj-1998-15983625.wav,80.000000,10.000000,24000,1998,Junior Mance,Junior Mance
mancej-whatisthisthingcalled-bettskwilliamsj-1998-15983625__00017,mancej-whatisthisthingcalled-bettskwilliamsj-1998-15983625,What Is This Thing Called Love,13,Junior Mance / Junior Mance,2,2,data/processed/jtd_group_cv_16/audio_24k_mono/mancej-whatisthisthingcalled-bettskwilliamsj-1998-15983625.wav,85.000000,10.000000,24000,1998,Junior Mance,Junior Mance
mancej-whatisthisthingcalled-bettskwilliamsj-1998-15983625__00018,mancej-whatisthisthingcalled-bettskwilliamsj-1998-15983625,What Is This Thing Called Love,13,Junior Mance / Junior Mance,2,2,data/processed/jtd_group_cv_16/audio_24k_mono/mancej-whatisthisthingcalled-bettskwilliamsj-1998-15983625.wav,90.000000,10.000000,24000,1998,Junior Mance,Junior Mance
mancej-whatisthisthingcalled-bettskwilliamsj-1998-15983625__00019,mancej-whatisthisthingcalled-bettskwilliamsj-1998-15983625,What Is This Thing Called Love,13,Junior Mance / Junior Mance,2,2,data/processed/jtd_group_cv_16/audio_24k_mono/mancej-whatisthisthingcalled-bettskwilliamsj-1998-15983625.wav,95.000000,10.000000,24000,1998,Junior Mance,Junior Mance
mancej-whatisthisthingcalled-bettskwilliamsj-1998-15983625__00020,mancej-whatisthisthingcalled-bettskwilliamsj-1998-15983625,What Is This Thing Called Love,13,Junior Mance / Junior Mance,2,2,data/processed/jtd_group_cv_16/audio_24k_mono/mancej-whatisthisthingcalled-bettskwilliamsj-1998-15983625.wav,100.000000,10.000000,24000,1998,Junior Mance,Junior Mance
mancej-whatisthisthingcalled-bettskwilliamsj-1998-15983625__00021,mancej-whatisthisthingcalled-bettskwilliamsj-1998-15983625,What Is This Thing Called Love,13,Junior Mance / Junior Mance,2,2,data/processed/jtd_group_cv_16/audio_24k_mono/mancej-whatisthisthingcalled-bettskwilliamsj-1998-15983625.wav,105.000000,10.000000,24000,1998,Junior Mance,Junior Mance
mancej-whatisthisthingcalled-bettskwilliamsj-1998-15983625__00022,mancej-whatisthisthingcalled-bettskwilliamsj-1998-15983625,What Is This Thing Called Love,13,Junior Mance / Junior Mance,2,2,data/processed/jtd_group_cv_16/audio_24k_mono/mancej-whatisthisthingcalled-bettskwilliamsj-1998-15983625.wav,110.000000,10.000000,24000,1998,Junior Mance,Junior Mance
mancej-whatisthisthingcalled-bettskwilliamsj-1998-15983625__00023,mancej-whatisthisthingcalled-bettskwilliamsj-1998-15983625,What Is This Thing Called Love,13,Junior Mance / Junior Mance,2,2,data/processed/jtd_group_cv_16/audio_24k_mono/mancej-whatisthisthingcalled-bettskwilliamsj-1998-15983625.wav,115.000000,10.000000,24000,1998,Junior Mance,Junior Mance
mancej-whatisthisthingcalled-bettskwilliamsj-1998-15983625__00024,mancej-whatisthisthingcalled-bettskwilliamsj-1998-15983625,What Is This Thing Called Love,13,Junior Mance / Junior Mance,2,2,data/processed/jtd_group_cv_16/audio_24k_mono/mancej-whatisthisthingcalled-bettskwilliamsj-1998-15983625.wav,120.000000,10.000000,24000,1998,Junior Mance,Junior Mance
mancej-whatisthisthingcalled-bettskwilliamsj-1998-15983625__00025,mancej-whatisthisthingcalled-bettskwilliamsj-1998-15983625,What Is This Thing Called Love,13,Junior Mance / Junior Mance,2,2,data/processed/jtd_group_cv_16/audio_24k_mono/mancej-whatisthisthingcalled-bettskwilliamsj-1998-15983625.wav,125.000000,10.000000,24000,1998,Junior Mance,Junior Mance
mancej-whatisthisthingcalled-bettskwilliamsj-1998-15983625__00026,mancej-whatisthisthingcalled-bettskwilliamsj-1998-15983625,What Is This Thing Called Love,13,Junior Mance / Junior Mance,2,2,data/processed/jtd_group_cv_16/audio_24k_mono/mancej-whatisthisthingcalled-bettskwilliamsj-1998-15983625.wav,130.000000,10.000000,24000,1998,Junior Mance,Junior Mance
mancej-whatisthisthingcalled-bettskwilliamsj-1998-15983625__00027,mancej-whatisthisthingcalled-bettskwilliamsj-1998-15983625,What Is This Thing Called Love,13,Junior Mance / Junior Mance,2,2,data/processed/jtd_group_cv_16/audio_24k_mono/mancej-whatisthisthingcalled-bettskwilliamsj-1998-15983625.wav,135.000000,10.000000,24000,1998,Junior Mance,Junior Mance
mancej-whatisthisthingcalled-bettskwilliamsj-1998-15983625__00028,mancej-whatisthisthingcalled-bettskwilliamsj-1998-15983625,What Is This Thing Called Love,13,Junior Mance / Junior Mance,2,2,data/processed/jtd_group_cv_16/audio_24k_mono/mancej-whatisthisthingcalled-bettskwilliamsj-1998-15983625.wav,140.000000,10.000000,24000,1998,Junior Mance,Junior Mance
mancej-whatisthisthingcalled-bettskwilliamsj-1998-15983625__00029,mancej-whatisthisthingcalled-bettskwilliamsj-1998-15983625,What Is This Thing Called Love,13,Junior Mance / Junior Mance,2,2,data/processed/jtd_group_cv_16/audio_24k_mono/mancej-whatisthisthingcalled-bettskwilliamsj-1998-15983625.wav,145.000000,10.000000,24000,1998,Junior Mance,Junior Mance
mancej-whatisthisthingcalled-bettskwilliamsj-1998-15983625__00030,mancej-whatisthisthingcalled-bettskwilliamsj-1998-15983625,What Is This Thing Called Love,13,Junior Mance / Junior Mance,2,2,data/processed/jtd_group_cv_16/audio_24k_mono/mancej-whatisthisthingcalled-bettskwilliamsj-1998-15983625.wav,150.000000,10.000000,24000,1998,Junior Mance,Junior Mance
mancej-whatisthisthingcalled-bettskwilliamsj-1998-15983625__00031,mancej-whatisthisthingcalled-bettskwilliamsj-1998-15983625,What Is This Thing Called Love,13,Junior Mance / Junior Mance,2,2,data/processed/jtd_group_cv_16/audio_24k_mono/mancej-whatisthisthingcalled-bettskwilliamsj-1998-15983625.wav,155.000000,10.000000,24000,1998,Junior Mance,Junior Mance
mancej-whatisthisthingcalled-bettskwilliamsj-1998-15983625__00032,mancej-whatisthisthingcalled-bettskwilliamsj-1998-15983625,What Is This Thing Called Love,13,Junior Mance / Junior Mance,2,2,data/processed/jtd_group_cv_16/audio_24k_mono/mancej-whatisthisthingcalled-bettskwilliamsj-1998-15983625.wav,160.000000,10.000000,24000,1998,Junior Mance,Junior Mance
mancej-whatisthisthingcalled-bettskwilliamsj-1998-15983625__00033,mancej-whatisthisthingcalled-bettskwilliamsj-1998-15983625,What Is This Thing Called Love,13,Junior Mance / Junior Mance,2,2,data/processed/jtd_group_cv_16/audio_24k_mono/mancej-whatisthisthingcalled-bettskwilliamsj-1998-15983625.wav,165.000000,10.000000,24000,1998,Junior Mance,Junior Mance
mancej-whatisthisthingcalled-bettskwilliamsj-1998-15983625__00034,mancej-whatisthisthingcalled-bettskwilliamsj-1998-15983625,What Is This Thing Called Love,13,Junior Mance / Junior Mance,2,2,data/processed/jtd_group_cv_16/audio_24k_mono/mancej-whatisthisthingcalled-bettskwilliamsj-1998-15983625.wav,170.000000,10.000000,24000,1998,Junior Mance,Junior Mance
mancej-whatisthisthingcalled-bettskwilliamsj-1998-15983625__00035,mancej-whatisthisthingcalled-bettskwilliamsj-1998-15983625,What Is This Thing Called Love,13,Junior Mance / Junior Mance,2,2,data/processed/jtd_group_cv_16/audio_24k_mono/mancej-whatisthisthingcalled-bettskwilliamsj-1998-15983625.wav,175.000000,10.000000,24000,1998,Junior Mance,Junior Mance
mancej-whatisthisthingcalled-bettskwilliamsj-1998-15983625__00036,mancej-whatisthisthingcalled-bettskwilliamsj-1998-15983625,What Is This Thing Called Love,13,Junior Mance / Junior Mance,2,2,data/processed/jtd_group_cv_16/audio_24k_mono/mancej-whatisthisthingcalled-bettskwilliamsj-1998-15983625.wav,180.000000,10.000000,24000,1998,Junior Mance,Junior Mance
jarrettk-whatisthisthingcalled-peacockgdejohnettej-1999-72ad4994__00000,jarrettk-whatisthisthingcalled-peacockgdejohnettej-1999-72ad4994,What Is This Thing Called Love,13,Keith Jarrett / Keith Jarrett,0,0,data/processed/jtd_group_cv_16/audio_24k_mono/jarrettk-whatisthisthingcalled-peacockgdejohnettej-1999-72ad4994.wav,0.000000,10.000000,24000,1999,Keith Jarrett,Keith Jarrett
jarrettk-whatisthisthingcalled-peacockgdejohnettej-1999-72ad4994__00001,jarrettk-whatisthisthingcalled-peacockgdejohnettej-1999-72ad4994,What Is This Thing Called Love,13,Keith Jarrett / Keith Jarrett,0,0,data/processed/jtd_group_cv_16/audio_24k_mono/jarrettk-whatisthisthingcalled-peacockgdejohnettej-1999-72ad4994.wav,5.000000,10.000000,24000,1999,Keith Jarrett,Keith Jarrett
jarrettk-whatisthisthingcalled-peacockgdejohnettej-1999-72ad4994__00002,jarrettk-whatisthisthingcalled-peacockgdejohnettej-1999-72ad4994,What Is This Thing Called Love,13,Keith Jarrett / Keith Jarrett,0,0,data/processed/jtd_group_cv_16/audio_24k_mono/jarrettk-whatisthisthingcalled-peacockgdejohnettej-1999-72ad4994.wav,10.000000,10.000000,24000,1999,Keith Jarrett,Keith Jarrett
jarrettk-whatisthisthingcalled-peacockgdejohnettej-1999-72ad4994__00003,jarrettk-whatisthisthingcalled-peacockgdejohnettej-1999-72ad4994,What Is This Thing Called Love,13,Keith Jarrett / Keith Jarrett,0,0,data/processed/jtd_group_cv_16/audio_24k_mono/jarrettk-whatisthisthingcalled-peacockgdejohnettej-1999-72ad4994.wav,15.000000,10.000000,24000,1999,Keith Jarrett,Keith Jarrett
jarrettk-whatisthisthingcalled-peacockgdejohnettej-1999-72ad4994__00004,jarrettk-whatisthisthingcalled-peacockgdejohnettej-1999-72ad4994,What Is This Thing Called Love,13,Keith Jarrett / Keith Jarrett,0,0,data/processed/jtd_group_cv_16/audio_24k_mono/jarrettk-whatisthisthingcalled-peacockgdejohnettej-1999-72ad4994.wav,20.000000,10.000000,24000,1999,Keith Jarrett,Keith Jarrett
jarrettk-whatisthisthingcalled-peacockgdejohnettej-1999-72ad4994__00005,jarrettk-whatisthisthingcalled-peacockgdejohnettej-1999-72ad4994,What Is This Thing Called Love,13,Keith Jarrett / Keith Jarrett,0,0,data/processed/jtd_group_cv_16/audio_24k_mono/jarrettk-whatisthisthingcalled-peacockgdejohnettej-1999-72ad4994.wav,25.000000,10.000000,24000,1999,Keith Jarrett,Keith Jarrett
jarrettk-whatisthisthingcalled-peacockgdejohnettej-1999-72ad4994__00006,jarrettk-whatisthisthingcalled-peacockgdejohnettej-1999-72ad4994,What Is This Thing Called Love,13,Keith Jarrett / Keith Jarrett,0,0,data/processed/jtd_group_cv_16/audio_24k_mono/jarrettk-whatisthisthingcalled-peacockgdejohnettej-1999-72ad4994.wav,30.000000,10.000000,24000,1999,Keith Jarrett,Keith Jarrett
jarrettk-whatisthisthingcalled-peacockgdejohnettej-1999-72ad4994__00007,jarrettk-whatisthisthingcalled-peacockgdejohnettej-1999-72ad4994,What Is This Thing Called Love,13,Keith Jarrett / Keith Jarrett,0,0,data/processed/jtd_group_cv_16/audio_24k_mono/jarrettk-whatisthisthingcalled-peacockgdejohnettej-1999-72ad4994.wav,35.000000,10.000000,24000,1999,Keith Jarrett,Keith Jarrett
jarrettk-whatisthisthingcalled-peacockgdejohnettej-1999-72ad4994__00008,jarrettk-whatisthisthingcalled-peacockgdejohnettej-1999-72ad4994,What Is This Thing Called Love,13,Keith Jarrett / Keith Jarrett,0,0,data/processed/jtd_group_cv_16/audio_24k_mono/jarrettk-whatisthisthingcalled-peacockgdejohnettej-1999-72ad4994.wav,40.000000,10.000000,24000,1999,Keith Jarrett,Keith Jarrett
jarrettk-whatisthisthingcalled-peacockgdejohnettej-1999-72ad4994__00009,jarrettk-whatisthisthingcalled-peacockgdejohnettej-1999-72ad4994,What Is This Thing Called Love,13,Keith Jarrett / Keith Jarrett,0,0,data/processed/jtd_group_cv_16/audio_24k_mono/jarrettk-whatisthisthingcalled-peacockgdejohnettej-1999-72ad4994.wav,45.000000,10.000000,24000,1999,Keith Jarrett,Keith Jarrett
jarrettk-whatisthisthingcalled-peacockgdejohnettej-1999-72ad4994__00010,jarrettk-whatisthisthingcalled-peacockgdejohnettej-1999-72ad4994,What Is This Thing Called Love,13,Keith Jarrett / Keith Jarrett,0,0,data/processed/jtd_group_cv_16/audio_24k_mono/jarrettk-whatisthisthingcalled-peacockgdejohnettej-1999-72ad4994.wav,50.000000,10.000000,24000,1999,Keith Jarrett,Keith Jarrett
jarrettk-whatisthisthingcalled-peacockgdejohnettej-1999-72ad4994__00011,jarrettk-whatisthisthingcalled-peacockgdejohnettej-1999-72ad4994,What Is This Thing Called Love,13,Keith Jarrett / Keith Jarrett,0,0,data/processed/jtd_group_cv_16/audio_24k_mono/jarrettk-whatisthisthingcalled-peacockgdejohnettej-1999-72ad4994.wav,55.000000,10.000000,24000,1999,Keith Jarrett,Keith Jarrett
jarrettk-whatisthisthingcalled-peacockgdejohnettej-1999-72ad4994__00012,jarrettk-whatisthisthingcalled-peacockgdejohnettej-1999-72ad4994,What Is This Thing Called Love,13,Keith Jarrett / Keith Jarrett,0,0,data/processed/jtd_group_cv_16/audio_24k_mono/jarrettk-whatisthisthingcalled-peacockgdejohnettej-1999-72ad4994.wav,60.000000,10.000000,24000,1999,Keith Jarrett,Keith Jarrett
jarrettk-whatisthisthingcalled-peacockgdejohnettej-1999-72ad4994__00013,jarrettk-whatisthisthingcalled-peacockgdejohnettej-1999-72ad4994,What Is This Thing Called Love,13,Keith Jarrett / Keith Jarrett,0,0,data/processed/jtd_group_cv_16/audio_24k_mono/jarrettk-whatisthisthingcalled-peacockgdejohnettej-1999-72ad4994.wav,65.000000,10.000000,24000,1999,Keith Jarrett,Keith Jarrett
jarrettk-whatisthisthingcalled-peacockgdejohnettej-1999-72ad4994__00014,jarrettk-whatisthisthingcalled-peacockgdejohnettej-1999-72ad4994,What Is This Thing Called Love,13,Keith Jarrett / Keith Jarrett,0,0,data/processed/jtd_group_cv_16/audio_24k_mono/jarrettk-whatisthisthingcalled-peacockgdejohnettej-1999-72ad4994.wav,70.000000,10.000000,24000,1999,Keith Jarrett,Keith Jarrett
jarrettk-whatisthisthingcalled-peacockgdejohnettej-1999-72ad4994__00015,jarrettk-whatisthisthingcalled-peacockgdejohnettej-1999-72ad4994,What Is This Thing Called Love,13,Keith Jarrett / Keith Jarrett,0,0,data/processed/jtd_group_cv_16/audio_24k_mono/jarrettk-whatisthisthingcalled-peacockgdejohnettej-1999-72ad4994.wav,75.000000,10.000000,24000,1999,Keith Jarrett,Keith Jarrett
jarrettk-whatisthisthingcalled-peacockgdejohnettej-1999-72ad4994__00016,jarrettk-whatisthisthingcalled-peacockgdejohnettej-1999-72ad4994,What Is This Thing Called Love,13,Keith Jarrett / Keith Jarrett,0,0,data/processed/jtd_group_cv_16/audio_24k_mono/jarrettk-whatisthisthingcalled-peacockgdejohnettej-1999-72ad4994.wav,80.000000,10.000000,24000,1999,Keith Jarrett,Keith Jarrett
jarrettk-whatisthisthingcalled-peacockgdejohnettej-1999-72ad4994__00017,jarrettk-whatisthisthingcalled-peacockgdejohnettej-1999-72ad4994,What Is This Thing Called Love,13,Keith Jarrett / Keith Jarrett,0,0,data/processed/jtd_group_cv_16/audio_24k_mono/jarrettk-whatisthisthingcalled-peacockgdejohnettej-1999-72ad4994.wav,85.000000,10.000000,24000,1999,Keith Jarrett,Keith Jarrett
jarrettk-whatisthisthingcalled-peacockgdejohnettej-1999-72ad4994__00018,jarrettk-whatisthisthingcalled-peacockgdejohnettej-1999-72ad4994,What Is This Thing Called Love,13,Keith Jarrett / Keith Jarrett,0,0,data/processed/jtd_group_cv_16/audio_24k_mono/jarrettk-whatisthisthingcalled-peacockgdejohnettej-1999-72ad4994.wav,90.000000,10.000000,24000,1999,Keith Jarrett,Keith Jarrett
jarrettk-whatisthisthingcalled-peacockgdejohnettej-1999-72ad4994__00019,jarrettk-whatisthisthingcalled-peacockgdejohnettej-1999-72ad4994,What Is This Thing Called Love,13,Keith Jarrett / Keith Jarrett,0,0,data/processed/jtd_group_cv_16/audio_24k_mono/jarrettk-whatisthisthingcalled-peacockgdejohnettej-1999-72ad4994.wav,95.000000,10.000000,24000,1999,Keith Jarrett,Keith Jarrett
jarrettk-whatisthisthingcalled-peacockgdejohnettej-1999-72ad4994__00020,jarrettk-whatisthisthingcalled-peacockgdejohnettej-1999-72ad4994,What Is This Thing Called Love,13,Keith Jarrett / Keith Jarrett,0,0,data/processed/jtd_group_cv_16/audio_24k_mono/jarrettk-whatisthisthingcalled-peacockgdejohnettej-1999-72ad4994.wav,100.000000,10.000000,24000,1999,Keith Jarrett,Keith Jarrett
jarrettk-whatisthisthingcalled-peacockgdejohnettej-1999-72ad4994__00021,jarrettk-whatisthisthingcalled-peacockgdejohnettej-1999-72ad4994,What Is This Thing Called Love,13,Keith Jarrett / Keith Jarrett,0,0,data/processed/jtd_group_cv_16/audio_24k_mono/jarrettk-whatisthisthingcalled-peacockgdejohnettej-1999-72ad4994.wav,105.000000,10.000000,24000,1999,Keith Jarrett,Keith Jarrett
jarrettk-whatisthisthingcalled-peacockgdejohnettej-1999-72ad4994__00022,jarrettk-whatisthisthingcalled-peacockgdejohnettej-1999-72ad4994,What Is This Thing Called Love,13,Keith Jarrett / Keith Jarrett,0,0,data/processed/jtd_group_cv_16/audio_24k_mono/jarrettk-whatisthisthingcalled-peacockgdejohnettej-1999-72ad4994.wav,110.000000,10.000000,24000,1999,Keith Jarrett,Keith Jarrett
jarrettk-whatisthisthingcalled-peacockgdejohnettej-1999-72ad4994__00023,jarrettk-whatisthisthingcalled-peacockgdejohnettej-1999-72ad4994,What Is This Thing Called Love,13,Keith Jarrett / Keith Jarrett,0,0,data/processed/jtd_group_cv_16/audio_24k_mono/jarrettk-whatisthisthingcalled-peacockgdejohnettej-1999-72ad4994.wav,115.000000,10.000000,24000,1999,Keith Jarrett,Keith Jarrett
jarrettk-whatisthisthingcalled-peacockgdejohnettej-1999-72ad4994__00024,jarrettk-whatisthisthingcalled-peacockgdejohnettej-1999-72ad4994,What Is This Thing Called Love,13,Keith Jarrett / Keith Jarrett,0,0,data/processed/jtd_group_cv_16/audio_24k_mono/jarrettk-whatisthisthingcalled-peacockgdejohnettej-1999-72ad4994.wav,120.000000,10.000000,24000,1999,Keith Jarrett,Keith Jarrett
jarrettk-whatisthisthingcalled-peacockgdejohnettej-1999-72ad4994__00025,jarrettk-whatisthisthingcalled-peacockgdejohnettej-1999-72ad4994,What Is This Thing Called Love,13,Keith Jarrett / Keith Jarrett,0,0,data/processed/jtd_group_cv_16/audio_24k_mono/jarrettk-whatisthisthingcalled-peacockgdejohnettej-1999-72ad4994.wav,125.000000,10.000000,24000,1999,Keith Jarrett,Keith Jarrett
jarrettk-whatisthisthingcalled-peacockgdejohnettej-1999-72ad4994__00026,jarrettk-whatisthisthingcalled-peacockgdejohnettej-1999-72ad4994,What Is This Thing Called Love,13,Keith Jarrett / Keith Jarrett,0,0,data/processed/jtd_group_cv_16/audio_24k_mono/jarrettk-whatisthisthingcalled-peacockgdejohnettej-1999-72ad4994.wav,130.000000,10.000000,24000,1999,Keith Jarrett,Keith Jarrett
jarrettk-whatisthisthingcalled-peacockgdejohnettej-1999-72ad4994__00027,jarrettk-whatisthisthingcalled-peacockgdejohnettej-1999-72ad4994,What Is This Thing Called Love,13,Keith Jarrett / Keith Jarrett,0,0,data/processed/jtd_group_cv_16/audio_24k_mono/jarrettk-whatisthisthingcalled-peacockgdejohnettej-1999-72ad4994.wav,135.000000,10.000000,24000,1999,Keith Jarrett,Keith Jarrett
jarrettk-whatisthisthingcalled-peacockgdejohnettej-1999-72ad4994__00028,jarrettk-whatisthisthingcalled-peacockgdejohnettej-1999-72ad4994,What Is This Thing Called Love,13,Keith Jarrett / Keith Jarrett,0,0,data/processed/jtd_group_cv_16/audio_24k_mono/jarrettk-whatisthisthingcalled-peacockgdejohnettej-1999-72ad4994.wav,140.000000,10.000000,24000,1999,Keith Jarrett,Keith Jarrett
jarrettk-whatisthisthingcalled-peacockgdejohnettej-1999-72ad4994__00029,jarrettk-whatisthisthingcalled-peacockgdejohnettej-1999-72ad4994,What Is This Thing Called Love,13,Keith Jarrett / Keith Jarrett,0,0,data/processed/jtd_group_cv_16/audio_24k_mono/jarrettk-whatisthisthingcalled-peacockgdejohnettej-1999-72ad4994.wav,145.000000,10.000000,24000,1999,Keith Jarrett,Keith Jarrett
jarrettk-whatisthisthingcalled-peacockgdejohnettej-1999-72ad4994__00030,jarrettk-whatisthisthingcalled-peacockgdejohnettej-1999-72ad4994,What Is This Thing Called Love,13,Keith Jarrett / Keith Jarrett,0,0,data/processed/jtd_group_cv_16/audio_24k_mono/jarrettk-whatisthisthingcalled-peacockgdejohnettej-1999-72ad4994.wav,150.000000,10.000000,24000,1999,Keith Jarrett,Keith Jarrett
jarrettk-whatisthisthingcalled-peacockgdejohnettej-1999-72ad4994__00031,jarrettk-whatisthisthingcalled-peacockgdejohnettej-1999-72ad4994,What Is This Thing Called Love,13,Keith Jarrett / Keith Jarrett,0,0,data/processed/jtd_group_cv_16/audio_24k_mono/jarrettk-whatisthisthingcalled-peacockgdejohnettej-1999-72ad4994.wav,155.000000,10.000000,24000,1999,Keith Jarrett,Keith Jarrett
jarrettk-whatisthisthingcalled-peacockgdejohnettej-1999-72ad4994__00032,jarrettk-whatisthisthingcalled-peacockgdejohnettej-1999-72ad4994,What Is This Thing Called Love,13,Keith Jarrett / Keith Jarrett,0,0,data/processed/jtd_group_cv_16/audio_24k_mono/jarrettk-whatisthisthingcalled-peacockgdejohnettej-1999-72ad4994.wav,160.000000,10.000000,24000,1999,Keith Jarrett,Keith Jarrett
jarrettk-whatisthisthingcalled-peacockgdejohnettej-1999-72ad4994__00033,jarrettk-whatisthisthingcalled-peacockgdejohnettej-1999-72ad4994,What Is This Thing Called Love,13,Keith Jarrett / Keith Jarrett,0,0,data/processed/jtd_group_cv_16/audio_24k_mono/jarrettk-whatisthisthingcalled-peacockgdejohnettej-1999-72ad4994.wav,165.000000,10.000000,24000,1999,Keith Jarrett,Keith Jarrett
jarrettk-whatisthisthingcalled-peacockgdejohnettej-1999-72ad4994__00034,jarrettk-whatisthisthingcalled-peacockgdejohnettej-1999-72ad4994,What Is This Thing Called Love,13,Keith Jarrett / Keith Jarrett,0,0,data/processed/jtd_group_cv_16/audio_24k_mono/jarrettk-whatisthisthingcalled-peacockgdejohnettej-1999-72ad4994.wav,170.000000,10.000000,24000,1999,Keith Jarrett,Keith Jarrett
jarrettk-whatisthisthingcalled-peacockgdejohnettej-1999-72ad4994__00035,jarrettk-whatisthisthingcalled-peacockgdejohnettej-1999-72ad4994,What Is This Thing Called Love,13,Keith Jarrett / Keith Jarrett,0,0,data/processed/jtd_group_cv_16/audio_24k_mono/jarrettk-whatisthisthingcalled-peacockgdejohnettej-1999-72ad4994.wav,175.000000,10.000000,24000,1999,Keith Jarrett,Keith Jarrett
jarrettk-whatisthisthingcalled-peacockgdejohnettej-1999-72ad4994__00036,jarrettk-whatisthisthingcalled-peacockgdejohnettej-1999-72ad4994,What Is This Thing Called Love,13,Keith Jarrett / Keith Jarrett,0,0,data/processed/jtd_group_cv_16/audio_24k_mono/jarrettk-whatisthisthingcalled-peacockgdejohnettej-1999-72ad4994.wav,180.000000,10.000000,24000,1999,Keith Jarrett,Keith Jarrett
jarrettk-whatisthisthingcalled-peacockgdejohnettej-1999-72ad4994__00037,jarrettk-whatisthisthingcalled-peacockgdejohnettej-1999-72ad4994,What Is This Thing Called Love,13,Keith Jarrett / Keith Jarrett,0,0,data/processed/jtd_group_cv_16/audio_24k_mono/jarrettk-whatisthisthingcalled-peacockgdejohnettej-1999-72ad4994.wav,185.000000,10.000000,24000,1999,Keith Jarrett,Keith Jarrett
jarrettk-whatisthisthingcalled-peacockgdejohnettej-1999-72ad4994__00038,jarrettk-whatisthisthingcalled-peacockgdejohnettej-1999-72ad4994,What Is This Thing Called Love,13,Keith Jarrett / Keith Jarrett,0,0,data/processed/jtd_group_cv_16/audio_24k_mono/jarrettk-whatisthisthingcalled-peacockgdejohnettej-1999-72ad4994.wav,190.000000,10.000000,24000,1999,Keith Jarrett,Keith Jarrett
jarrettk-whatisthisthingcalled-peacockgdejohnettej-1999-72ad4994__00039,jarrettk-whatisthisthingcalled-peacockgdejohnettej-1999-72ad4994,What Is This Thing Called Love,13,Keith Jarrett / Keith Jarrett,0,0,data/processed/jtd_group_cv_16/audio_24k_mono/jarrettk-whatisthisthingcalled-peacockgdejohnettej-1999-72ad4994.wav,195.000000,10.000000,24000,1999,Keith Jarrett,Keith Jarrett
jarrettk-whatisthisthingcalled-peacockgdejohnettej-1999-72ad4994__00040,jarrettk-whatisthisthingcalled-peacockgdejohnettej-1999-72ad4994,What Is This Thing Called Love,13,Keith Jarrett / Keith Jarrett,0,0,data/processed/jtd_group_cv_16/audio_24k_mono/jarrettk-whatisthisthingcalled-peacockgdejohnettej-1999-72ad4994.wav,200.000000,10.000000,24000,1999,Keith Jarrett,Keith Jarrett
jarrettk-whatisthisthingcalled-peacockgdejohnettej-1999-72ad4994__00041,jarrettk-whatisthisthingcalled-peacockgdejohnettej-1999-72ad4994,What Is This Thing Called Love,13,Keith Jarrett / Keith Jarrett,0,0,data/processed/jtd_group_cv_16/audio_24k_mono/jarrettk-whatisthisthingcalled-peacockgdejohnettej-1999-72ad4994.wav,205.000000,10.000000,24000,1999,Keith Jarrett,Keith Jarrett
jarrettk-whatisthisthingcalled-peacockgdejohnettej-1999-72ad4994__00042,jarrettk-whatisthisthingcalled-peacockgdejohnettej-1999-72ad4994,What Is This Thing Called Love,13,Keith Jarrett / Keith Jarrett,0,0,data/processed/jtd_group_cv_16/audio_24k_mono/jarrettk-whatisthisthingcalled-peacockgdejohnettej-1999-72ad4994.wav,210.000000,10.000000,24000,1999,Keith Jarrett,Keith Jarrett
jarrettk-whatisthisthingcalled-peacockgdejohnettej-1999-72ad4994__00043,jarrettk-whatisthisthingcalled-peacockgdejohnettej-1999-72ad4994,What Is This Thing Called Love,13,Keith Jarrett / Keith Jarrett,0,0,data/processed/jtd_group_cv_16/audio_24k_mono/jarrettk-whatisthisthingcalled-peacockgdejohnettej-1999-72ad4994.wav,215.000000,10.000000,24000,1999,Keith Jarrett,Keith Jarrett
jarrettk-whatisthisthingcalled-peacockgdejohnettej-1999-72ad4994__00044,jarrettk-whatisthisthingcalled-peacockgdejohnettej-1999-72ad4994,What Is This Thing Called Love,13,Keith Jarrett / Keith Jarrett,0,0,data/processed/jtd_group_cv_16/audio_24k_mono/jarrettk-whatisthisthingcalled-peacockgdejohnettej-1999-72ad4994.wav,220.000000,10.000000,24000,1999,Keith Jarrett,Keith Jarrett
jarrettk-whatisthisthingcalled-peacockgdejohnettej-1999-72ad4994__00045,jarrettk-whatisthisthingcalled-peacockgdejohnettej-1999-72ad4994,What Is This Thing Called Love,13,Keith Jarrett / Keith Jarrett,0,0,data/processed/jtd_group_cv_16/audio_24k_mono/jarrettk-whatisthisthingcalled-peacockgdejohnettej-1999-72ad4994.wav,225.000000,10.000000,24000,1999,Keith Jarrett,Keith Jarrett
jarrettk-whatisthisthingcalled-peacockgdejohnettej-1999-72ad4994__00046,jarrettk-whatisthisthingcalled-peacockgdejohnettej-1999-72ad4994,What Is This Thing Called Love,13,Keith Jarrett / Keith Jarrett,0,0,data/processed/jtd_group_cv_16/audio_24k_mono/jarrettk-whatisthisthingcalled-peacockgdejohnettej-1999-72ad4994.wav,230.000000,10.000000,24000,1999,Keith Jarrett,Keith Jarrett
jarrettk-whatisthisthingcalled-peacockgdejohnettej-1999-72ad4994__00047,jarrettk-whatisthisthingcalled-peacockgdejohnettej-1999-72ad4994,What Is This Thing Called Love,13,Keith Jarrett / Keith Jarrett,0,0,data/processed/jtd_group_cv_16/audio_24k_mono/jarrettk-whatisthisthingcalled-peacockgdejohnettej-1999-72ad4994.wav,235.000000,10.000000,24000,1999,Keith Jarrett,Keith Jarrett
jarrettk-whatisthisthingcalled-peacockgdejohnettej-1999-72ad4994__00048,jarrettk-whatisthisthingcalled-peacockgdejohnettej-1999-72ad4994,What Is This Thing Called Love,13,Keith Jarrett / Keith Jarrett,0,0,data/processed/jtd_group_cv_16/audio_24k_mono/jarrettk-whatisthisthingcalled-peacockgdejohnettej-1999-72ad4994.wav,240.000000,10.000000,24000,1999,Keith Jarrett,Keith Jarrett
jarrettk-whatisthisthingcalled-peacockgdejohnettej-1999-72ad4994__00049,jarrettk-whatisthisthingcalled-peacockgdejohnettej-1999-72ad4994,What Is This Thing Called Love,13,Keith Jarrett / Keith Jarrett,0,0,data/processed/jtd_group_cv_16/audio_24k_mono/jarrettk-whatisthisthingcalled-peacockgdejohnettej-1999-72ad4994.wav,245.000000,10.000000,24000,1999,Keith Jarrett,Keith Jarrett
jarrettk-whatisthisthingcalled-peacockgdejohnettej-1999-72ad4994__00050,jarrettk-whatisthisthingcalled-peacockgdejohnettej-1999-72ad4994,What Is This Thing Called Love,13,Keith Jarrett / Keith Jarrett,0,0,data/processed/jtd_group_cv_16/audio_24k_mono/jarrettk-whatisthisthingcalled-peacockgdejohnettej-1999-72ad4994.wav,250.000000,10.000000,24000,1999,Keith Jarrett,Keith Jarrett
jarrettk-whatisthisthingcalled-peacockgdejohnettej-1999-72ad4994__00051,jarrettk-whatisthisthingcalled-peacockgdejohnettej-1999-72ad4994,What Is This Thing Called Love,13,Keith Jarrett / Keith Jarrett,0,0,data/processed/jtd_group_cv_16/audio_24k_mono/jarrettk-whatisthisthingcalled-peacockgdejohnettej-1999-72ad4994.wav,255.000000,10.000000,24000,1999,Keith Jarrett,Keith Jarrett
jarrettk-whatisthisthingcalled-peacockgdejohnettej-1999-72ad4994__00052,jarrettk-whatisthisthingcalled-peacockgdejohnettej-1999-72ad4994,What Is This Thing Called Love,13,Keith Jarrett / Keith Jarrett,0,0,data/processed/jtd_group_cv_16/audio_24k_mono/jarrettk-whatisthisthingcalled-peacockgdejohnettej-1999-72ad4994.wav,260.000000,10.000000,24000,1999,Keith Jarrett,Keith Jarrett
jarrettk-whatisthisthingcalled-peacockgdejohnettej-1999-72ad4994__00053,jarrettk-whatisthisthingcalled-peacockgdejohnettej-1999-72ad4994,What Is This Thing Called Love,13,Keith Jarrett / Keith Jarrett,0,0,data/processed/jtd_group_cv_16/audio_24k_mono/jarrettk-whatisthisthingcalled-peacockgdejohnettej-1999-72ad4994.wav,265.000000,10.000000,24000,1999,Keith Jarrett,Keith Jarrett
jarrettk-whatisthisthingcalled-peacockgdejohnettej-1999-72ad4994__00054,jarrettk-whatisthisthingcalled-peacockgdejohnettej-1999-72ad4994,What Is This Thing Called Love,13,Keith Jarrett / Keith Jarrett,0,0,data/processed/jtd_group_cv_16/audio_24k_mono/jarrettk-whatisthisthingcalled-peacockgdejohnettej-1999-72ad4994.wav,270.000000,10.000000,24000,1999,Keith Jarrett,Keith Jarrett
jarrettk-whatisthisthingcalled-peacockgdejohnettej-1999-72ad4994__00055,jarrettk-whatisthisthingcalled-peacockgdejohnettej-1999-72ad4994,What Is This Thing Called Love,13,Keith Jarrett / Keith Jarrett,0,0,data/processed/jtd_group_cv_16/audio_24k_mono/jarrettk-whatisthisthingcalled-peacockgdejohnettej-1999-72ad4994.wav,275.000000,10.000000,24000,1999,Keith Jarrett,Keith Jarrett
jarrettk-whatisthisthingcalled-peacockgdejohnettej-1999-72ad4994__00056,jarrettk-whatisthisthingcalled-peacockgdejohnettej-1999-72ad4994,What Is This Thing Called Love,13,Keith Jarrett / Keith Jarrett,0,0,data/processed/jtd_group_cv_16/audio_24k_mono/jarrettk-whatisthisthingcalled-peacockgdejohnettej-1999-72ad4994.wav,280.000000,10.000000,24000,1999,Keith Jarrett,Keith Jarrett
jarrettk-whatisthisthingcalled-peacockgdejohnettej-1999-72ad4994__00057,jarrettk-whatisthisthingcalled-peacockgdejohnettej-1999-72ad4994,What Is This Thing Called Love,13,Keith Jarrett / Keith Jarrett,0,0,data/processed/jtd_group_cv_16/audio_24k_mono/jarrettk-whatisthisthingcalled-peacockgdejohnettej-1999-72ad4994.wav,285.000000,10.000000,24000,1999,Keith Jarrett,Keith Jarrett
jarrettk-whatisthisthingcalled-peacockgdejohnettej-1999-72ad4994__00058,jarrettk-whatisthisthingcalled-peacockgdejohnettej-1999-72ad4994,What Is This Thing Called Love,13,Keith Jarrett / Keith Jarrett,0,0,data/processed/jtd_group_cv_16/audio_24k_mono/jarrettk-whatisthisthingcalled-peacockgdejohnettej-1999-72ad4994.wav,290.000000,10.000000,24000,1999,Keith Jarrett,Keith Jarrett
jarrettk-whatisthisthingcalled-peacockgdejohnettej-1999-72ad4994__00059,jarrettk-whatisthisthingcalled-peacockgdejohnettej-1999-72ad4994,What Is This Thing Called Love,13,Keith Jarrett / Keith Jarrett,0,0,data/processed/jtd_group_cv_16/audio_24k_mono/jarrettk-whatisthisthingcalled-peacockgdejohnettej-1999-72ad4994.wav,295.000000,10.000000,24000,1999,Keith Jarrett,Keith Jarrett
jarrettk-whatisthisthingcalled-peacockgdejohnettej-1999-72ad4994__00060,jarrettk-whatisthisthingcalled-peacockgdejohnettej-1999-72ad4994,What Is This Thing Called Love,13,Keith Jarrett / Keith Jarrett,0,0,data/processed/jtd_group_cv_16/audio_24k_mono/jarrettk-whatisthisthingcalled-peacockgdejohnettej-1999-72ad4994.wav,300.000000,10.000000,24000,1999,Keith Jarrett,Keith Jarrett
jarrettk-whatisthisthingcalled-peacockgdejohnettej-1999-72ad4994__00061,jarrettk-whatisthisthingcalled-peacockgdejohnettej-1999-72ad4994,What Is This Thing Called Love,13,Keith Jarrett / Keith Jarrett,0,0,data/processed/jtd_group_cv_16/audio_24k_mono/jarrettk-whatisthisthingcalled-peacockgdejohnettej-1999-72ad4994.wav,305.000000,10.000000,24000,1999,Keith Jarrett,Keith Jarrett
jamala-whispernot-nasserjfournierv-1965-dc92588c__00000,jamala-whispernot-nasserjfournierv-1965-dc92588c,Whisper Not,14,Ahmad Jamal / Ahmad Jamal,1,1,data/processed/jtd_group_cv_16/audio_24k_mono/jamala-whispernot-nasserjfournierv-1965-dc92588c.wav,0.000000,10.000000,24000,1965,Ahmad Jamal,Ahmad Jamal
jamala-whispernot-nasserjfournierv-1965-dc92588c__00001,jamala-whispernot-nasserjfournierv-1965-dc92588c,Whisper Not,14,Ahmad Jamal / Ahmad Jamal,1,1,data/processed/jtd_group_cv_16/audio_24k_mono/jamala-whispernot-nasserjfournierv-1965-dc92588c.wav,5.000000,10.000000,24000,1965,Ahmad Jamal,Ahmad Jamal
jamala-whispernot-nasserjfournierv-1965-dc92588c__00002,jamala-whispernot-nasserjfournierv-1965-dc92588c,Whisper Not,14,Ahmad Jamal / Ahmad Jamal,1,1,data/processed/jtd_group_cv_16/audio_24k_mono/jamala-whispernot-nasserjfournierv-1965-dc92588c.wav,10.000000,10.000000,24000,1965,Ahmad Jamal,Ahmad Jamal
jamala-whispernot-nasserjfournierv-1965-dc92588c__00003,jamala-whispernot-nasserjfournierv-1965-dc92588c,Whisper Not,14,Ahmad Jamal / Ahmad Jamal,1,1,data/processed/jtd_group_cv_16/audio_24k_mono/jamala-whispernot-nasserjfournierv-1965-dc92588c.wav,15.000000,10.000000,24000,1965,Ahmad Jamal,Ahmad Jamal
jamala-whispernot-nasserjfournierv-1965-dc92588c__00004,jamala-whispernot-nasserjfournierv-1965-dc92588c,Whisper Not,14,Ahmad Jamal / Ahmad Jamal,1,1,data/processed/jtd_group_cv_16/audio_24k_mono/jamala-whispernot-nasserjfournierv-1965-dc92588c.wav,20.000000,10.000000,24000,1965,Ahmad Jamal,Ahmad Jamal
jamala-whispernot-nasserjfournierv-1965-dc92588c__00005,jamala-whispernot-nasserjfournierv-1965-dc92588c,Whisper Not,14,Ahmad Jamal / Ahmad Jamal,1,1,data/processed/jtd_group_cv_16/audio_24k_mono/jamala-whispernot-nasserjfournierv-1965-dc92588c.wav,25.000000,10.000000,24000,1965,Ahmad Jamal,Ahmad Jamal
jamala-whispernot-nasserjfournierv-1965-dc92588c__00006,jamala-whispernot-nasserjfournierv-1965-dc92588c,Whisper Not,14,Ahmad Jamal / Ahmad Jamal,1,1,data/processed/jtd_group_cv_16/audio_24k_mono/jamala-whispernot-nasserjfournierv-1965-dc92588c.wav,30.000000,10.000000,24000,1965,Ahmad Jamal,Ahmad Jamal
jamala-whispernot-nasserjfournierv-1965-dc92588c__00007,jamala-whispernot-nasserjfournierv-1965-dc92588c,Whisper Not,14,Ahmad Jamal / Ahmad Jamal,1,1,data/processed/jtd_group_cv_16/audio_24k_mono/jamala-whispernot-nasserjfournierv-1965-dc92588c.wav,35.000000,10.000000,24000,1965,Ahmad Jamal,Ahmad Jamal
jamala-whispernot-nasserjfournierv-1965-dc92588c__00008,jamala-whispernot-nasserjfournierv-1965-dc92588c,Whisper Not,14,Ahmad Jamal / Ahmad Jamal,1,1,data/processed/jtd_group_cv_16/audio_24k_mono/jamala-whispernot-nasserjfournierv-1965-dc92588c.wav,40.000000,10.000000,24000,1965,Ahmad Jamal,Ahmad Jamal
jamala-whispernot-nasserjfournierv-1965-dc92588c__00009,jamala-whispernot-nasserjfournierv-1965-dc92588c,Whisper Not,14,Ahmad Jamal / Ahmad Jamal,1,1,data/processed/jtd_group_cv_16/audio_24k_mono/jamala-whispernot-nasserjfournierv-1965-dc92588c.wav,45.000000,10.000000,24000,1965,Ahmad Jamal,Ahmad Jamal
jamala-whispernot-nasserjfournierv-1965-dc92588c__00010,jamala-whispernot-nasserjfournierv-1965-dc92588c,Whisper Not,14,Ahmad Jamal / Ahmad Jamal,1,1,data/processed/jtd_group_cv_16/audio_24k_mono/jamala-whispernot-nasserjfournierv-1965-dc92588c.wav,50.000000,10.000000,24000,1965,Ahmad Jamal,Ahmad Jamal
jamala-whispernot-nasserjfournierv-1965-dc92588c__00011,jamala-whispernot-nasserjfournierv-1965-dc92588c,Whisper Not,14,Ahmad Jamal / Ahmad Jamal,1,1,data/processed/jtd_group_cv_16/audio_24k_mono/jamala-whispernot-nasserjfournierv-1965-dc92588c.wav,55.000000,10.000000,24000,1965,Ahmad Jamal,Ahmad Jamal
jamala-whispernot-nasserjfournierv-1965-dc92588c__00012,jamala-whispernot-nasserjfournierv-1965-dc92588c,Whisper Not,14,Ahmad Jamal / Ahmad Jamal,1,1,data/processed/jtd_group_cv_16/audio_24k_mono/jamala-whispernot-nasserjfournierv-1965-dc92588c.wav,60.000000,10.000000,24000,1965,Ahmad Jamal,Ahmad Jamal
jamala-whispernot-nasserjfournierv-1965-dc92588c__00013,jamala-whispernot-nasserjfournierv-1965-dc92588c,Whisper Not,14,Ahmad Jamal / Ahmad Jamal,1,1,data/processed/jtd_group_cv_16/audio_24k_mono/jamala-whispernot-nasserjfournierv-1965-dc92588c.wav,65.000000,10.000000,24000,1965,Ahmad Jamal,Ahmad Jamal
mancej-whispernot-cleyndertabrowns-2000-7234835b__00000,mancej-whispernot-cleyndertabrowns-2000-7234835b,Whisper Not,14,Junior Mance / Junior Mance,3,3,data/processed/jtd_group_cv_16/audio_24k_mono/mancej-whispernot-cleyndertabrowns-2000-7234835b.wav,0.000000,10.000000,24000,2000,Junior Mance,Junior Mance
mancej-whispernot-cleyndertabrowns-2000-7234835b__00001,mancej-whispernot-cleyndertabrowns-2000-7234835b,Whisper Not,14,Junior Mance / Junior Mance,3,3,data/processed/jtd_group_cv_16/audio_24k_mono/mancej-whispernot-cleyndertabrowns-2000-7234835b.wav,5.000000,10.000000,24000,2000,Junior Mance,Junior Mance
mancej-whispernot-cleyndertabrowns-2000-7234835b__00002,mancej-whispernot-cleyndertabrowns-2000-7234835b,Whisper Not,14,Junior Mance / Junior Mance,3,3,data/processed/jtd_group_cv_16/audio_24k_mono/mancej-whispernot-cleyndertabrowns-2000-7234835b.wav,10.000000,10.000000,24000,2000,Junior Mance,Junior Mance
mancej-whispernot-cleyndertabrowns-2000-7234835b__00003,mancej-whispernot-cleyndertabrowns-2000-7234835b,Whisper Not,14,Junior Mance / Junior Mance,3,3,data/processed/jtd_group_cv_16/audio_24k_mono/mancej-whispernot-cleyndertabrowns-2000-7234835b.wav,15.000000,10.000000,24000,2000,Junior Mance,Junior Mance
mancej-whispernot-cleyndertabrowns-2000-7234835b__00004,mancej-whispernot-cleyndertabrowns-2000-7234835b,Whisper Not,14,Junior Mance / Junior Mance,3,3,data/processed/jtd_group_cv_16/audio_24k_mono/mancej-whispernot-cleyndertabrowns-2000-7234835b.wav,20.000000,10.000000,24000,2000,Junior Mance,Junior Mance
mancej-whispernot-cleyndertabrowns-2000-7234835b__00005,mancej-whispernot-cleyndertabrowns-2000-7234835b,Whisper Not,14,Junior Mance / Junior Mance,3,3,data/processed/jtd_group_cv_16/audio_24k_mono/mancej-whispernot-cleyndertabrowns-2000-7234835b.wav,25.000000,10.000000,24000,2000,Junior Mance,Junior Mance
mancej-whispernot-cleyndertabrowns-2000-7234835b__00006,mancej-whispernot-cleyndertabrowns-2000-7234835b,Whisper Not,14,Junior Mance / Junior Mance,3,3,data/processed/jtd_group_cv_16/audio_24k_mono/mancej-whispernot-cleyndertabrowns-2000-7234835b.wav,30.000000,10.000000,24000,2000,Junior Mance,Junior Mance
mancej-whispernot-cleyndertabrowns-2000-7234835b__00007,mancej-whispernot-cleyndertabrowns-2000-7234835b,Whisper Not,14,Junior Mance / Junior Mance,3,3,data/processed/jtd_group_cv_16/audio_24k_mono/mancej-whispernot-cleyndertabrowns-2000-7234835b.wav,35.000000,10.000000,24000,2000,Junior Mance,Junior Mance
mancej-whispernot-cleyndertabrowns-2000-7234835b__00008,mancej-whispernot-cleyndertabrowns-2000-7234835b,Whisper Not,14,Junior Mance / Junior Mance,3,3,data/processed/jtd_group_cv_16/audio_24k_mono/mancej-whispernot-cleyndertabrowns-2000-7234835b.wav,40.000000,10.000000,24000,2000,Junior Mance,Junior Mance
mancej-whispernot-cleyndertabrowns-2000-7234835b__00009,mancej-whispernot-cleyndertabrowns-2000-7234835b,Whisper Not,14,Junior Mance / Junior Mance,3,3,data/processed/jtd_group_cv_16/audio_24k_mono/mancej-whispernot-cleyndertabrowns-2000-7234835b.wav,45.000000,10.000000,24000,2000,Junior Mance,Junior Mance
mancej-whispernot-cleyndertabrowns-2000-7234835b__00010,mancej-whispernot-cleyndertabrowns-2000-7234835b,Whisper Not,14,Junior Mance / Junior Mance,3,3,data/processed/jtd_group_cv_16/audio_24k_mono/mancej-whispernot-cleyndertabrowns-2000-7234835b.wav,50.000000,10.000000,24000,2000,Junior Mance,Junior Mance
mancej-whispernot-cleyndertabrowns-2000-7234835b__00011,mancej-whispernot-cleyndertabrowns-2000-7234835b,Whisper Not,14,Junior Mance / Junior Mance,3,3,data/processed/jtd_group_cv_16/audio_24k_mono/mancej-whispernot-cleyndertabrowns-2000-7234835b.wav,55.000000,10.000000,24000,2000,Junior Mance,Junior Mance
mancej-whispernot-cleyndertabrowns-2000-7234835b__00012,mancej-whispernot-cleyndertabrowns-2000-7234835b,Whisper Not,14,Junior Mance / Junior Mance,3,3,data/processed/jtd_group_cv_16/audio_24k_mono/mancej-whispernot-cleyndertabrowns-2000-7234835b.wav,60.000000,10.000000,24000,2000,Junior Mance,Junior Mance
mancej-whispernot-cleyndertabrowns-2000-7234835b__00013,mancej-whispernot-cleyndertabrowns-2000-7234835b,Whisper Not,14,Junior Mance / Junior Mance,3,3,data/processed/jtd_group_cv_16/audio_24k_mono/mancej-whispernot-cleyndertabrowns-2000-7234835b.wav,65.000000,10.000000,24000,2000,Junior Mance,Junior Mance
mancej-whispernot-cleyndertabrowns-2000-7234835b__00014,mancej-whispernot-cleyndertabrowns-2000-7234835b,Whisper Not,14,Junior Mance / Junior Mance,3,3,data/processed/jtd_group_cv_16/audio_24k_mono/mancej-whispernot-cleyndertabrowns-2000-7234835b.wav,70.000000,10.000000,24000,2000,Junior Mance,Junior Mance
mancej-whispernot-cleyndertabrowns-2000-7234835b__00015,mancej-whispernot-cleyndertabrowns-2000-7234835b,Whisper Not,14,Junior Mance / Junior Mance,3,3,data/processed/jtd_group_cv_16/audio_24k_mono/mancej-whispernot-cleyndertabrowns-2000-7234835b.wav,75.000000,10.000000,24000,2000,Junior Mance,Junior Mance
mancej-whispernot-cleyndertabrowns-2000-7234835b__00016,mancej-whispernot-cleyndertabrowns-2000-7234835b,Whisper Not,14,Junior Mance / Junior Mance,3,3,data/processed/jtd_group_cv_16/audio_24k_mono/mancej-whispernot-cleyndertabrowns-2000-7234835b.wav,80.000000,10.000000,24000,2000,Junior Mance,Junior Mance
mancej-whispernot-cleyndertabrowns-2000-7234835b__00017,mancej-whispernot-cleyndertabrowns-2000-7234835b,Whisper Not,14,Junior Mance / Junior Mance,3,3,data/processed/jtd_group_cv_16/audio_24k_mono/mancej-whispernot-cleyndertabrowns-2000-7234835b.wav,85.000000,10.000000,24000,2000,Junior Mance,Junior Mance
mancej-whispernot-cleyndertabrowns-2000-7234835b__00018,mancej-whispernot-cleyndertabrowns-2000-7234835b,Whisper Not,14,Junior Mance / Junior Mance,3,3,data/processed/jtd_group_cv_16/audio_24k_mono/mancej-whispernot-cleyndertabrowns-2000-7234835b.wav,90.000000,10.000000,24000,2000,Junior Mance,Junior Mance
mancej-whispernot-cleyndertabrowns-2000-7234835b__00019,mancej-whispernot-cleyndertabrowns-2000-7234835b,Whisper Not,14,Junior Mance / Junior Mance,3,3,data/processed/jtd_group_cv_16/audio_24k_mono/mancej-whispernot-cleyndertabrowns-2000-7234835b.wav,95.000000,10.000000,24000,2000,Junior Mance,Junior Mance
mancej-whispernot-cleyndertabrowns-2000-7234835b__00020,mancej-whispernot-cleyndertabrowns-2000-7234835b,Whisper Not,14,Junior Mance / Junior Mance,3,3,data/processed/jtd_group_cv_16/audio_24k_mono/mancej-whispernot-cleyndertabrowns-2000-7234835b.wav,100.000000,10.000000,24000,2000,Junior Mance,Junior Mance
mancej-whispernot-cleyndertabrowns-2000-7234835b__00021,mancej-whispernot-cleyndertabrowns-2000-7234835b,Whisper Not,14,Junior Mance / Junior Mance,3,3,data/processed/jtd_group_cv_16/audio_24k_mono/mancej-whispernot-cleyndertabrowns-2000-7234835b.wav,105.000000,10.000000,24000,2000,Junior Mance,Junior Mance
mancej-whispernot-cleyndertabrowns-2000-7234835b__00022,mancej-whispernot-cleyndertabrowns-2000-7234835b,Whisper Not,14,Junior Mance / Junior Mance,3,3,data/processed/jtd_group_cv_16/audio_24k_mono/mancej-whispernot-cleyndertabrowns-2000-7234835b.wav,110.000000,10.000000,24000,2000,Junior Mance,Junior Mance
mancej-whispernot-cleyndertabrowns-2000-7234835b__00023,mancej-whispernot-cleyndertabrowns-2000-7234835b,Whisper Not,14,Junior Mance / Junior Mance,3,3,data/processed/jtd_group_cv_16/audio_24k_mono/mancej-whispernot-cleyndertabrowns-2000-7234835b.wav,115.000000,10.000000,24000,2000,Junior Mance,Junior Mance
mancej-whispernot-cleyndertabrowns-2000-7234835b__00024,mancej-whispernot-cleyndertabrowns-2000-7234835b,Whisper Not,14,Junior Mance / Junior Mance,3,3,data/processed/jtd_group_cv_16/audio_24k_mono/mancej-whispernot-cleyndertabrowns-2000-7234835b.wav,120.000000,10.000000,24000,2000,Junior Mance,Junior Mance
mancej-whispernot-cleyndertabrowns-2000-7234835b__00025,mancej-whispernot-cleyndertabrowns-2000-7234835b,Whisper Not,14,Junior Mance / Junior Mance,3,3,data/processed/jtd_group_cv_16/audio_24k_mono/mancej-whispernot-cleyndertabrowns-2000-7234835b.wav,125.000000,10.000000,24000,2000,Junior Mance,Junior Mance
mancej-whispernot-cleyndertabrowns-2000-7234835b__00026,mancej-whispernot-cleyndertabrowns-2000-7234835b,Whisper Not,14,Junior Mance / Junior Mance,3,3,data/processed/jtd_group_cv_16/audio_24k_mono/mancej-whispernot-cleyndertabrowns-2000-7234835b.wav,130.000000,10.000000,24000,2000,Junior Mance,Junior Mance
mancej-whispernot-cleyndertabrowns-2000-7234835b__00027,mancej-whispernot-cleyndertabrowns-2000-7234835b,Whisper Not,14,Junior Mance / Junior Mance,3,3,data/processed/jtd_group_cv_16/audio_24k_mono/mancej-whispernot-cleyndertabrowns-2000-7234835b.wav,135.000000,10.000000,24000,2000,Junior Mance,Junior Mance
mancej-whispernot-cleyndertabrowns-2000-7234835b__00028,mancej-whispernot-cleyndertabrowns-2000-7234835b,Whisper Not,14,Junior Mance / Junior Mance,3,3,data/processed/jtd_group_cv_16/audio_24k_mono/mancej-whispernot-cleyndertabrowns-2000-7234835b.wav,140.000000,10.000000,24000,2000,Junior Mance,Junior Mance
mancej-whispernot-cleyndertabrowns-2000-7234835b__00029,mancej-whispernot-cleyndertabrowns-2000-7234835b,Whisper Not,14,Junior Mance / Junior Mance,3,3,data/processed/jtd_group_cv_16/audio_24k_mono/mancej-whispernot-cleyndertabrowns-2000-7234835b.wav,145.000000,10.000000,24000,2000,Junior Mance,Junior Mance
mancej-whispernot-cleyndertabrowns-2000-7234835b__00030,mancej-whispernot-cleyndertabrowns-2000-7234835b,Whisper Not,14,Junior Mance / Junior Mance,3,3,data/processed/jtd_group_cv_16/audio_24k_mono/mancej-whispernot-cleyndertabrowns-2000-7234835b.wav,150.000000,10.000000,24000,2000,Junior Mance,Junior Mance
mancej-whispernot-cleyndertabrowns-2000-7234835b__00031,mancej-whispernot-cleyndertabrowns-2000-7234835b,Whisper Not,14,Junior Mance / Junior Mance,3,3,data/processed/jtd_group_cv_16/audio_24k_mono/mancej-whispernot-cleyndertabrowns-2000-7234835b.wav,155.000000,10.000000,24000,2000,Junior Mance,Junior Mance
mancej-whispernot-cleyndertabrowns-2000-7234835b__00032,mancej-whispernot-cleyndertabrowns-2000-7234835b,Whisper Not,14,Junior Mance / Junior Mance,3,3,data/processed/jtd_group_cv_16/audio_24k_mono/mancej-whispernot-cleyndertabrowns-2000-7234835b.wav,160.000000,10.000000,24000,2000,Junior Mance,Junior Mance
mancej-whispernot-cleyndertabrowns-2000-7234835b__00033,mancej-whispernot-cleyndertabrowns-2000-7234835b,Whisper Not,14,Junior Mance / Junior Mance,3,3,data/processed/jtd_group_cv_16/audio_24k_mono/mancej-whispernot-cleyndertabrowns-2000-7234835b.wav,165.000000,10.000000,24000,2000,Junior Mance,Junior Mance
mancej-whispernot-cleyndertabrowns-2000-7234835b__00034,mancej-whispernot-cleyndertabrowns-2000-7234835b,Whisper Not,14,Junior Mance / Junior Mance,3,3,data/processed/jtd_group_cv_16/audio_24k_mono/mancej-whispernot-cleyndertabrowns-2000-7234835b.wav,170.000000,10.000000,24000,2000,Junior Mance,Junior Mance
mancej-whispernot-cleyndertabrowns-2000-7234835b__00035,mancej-whispernot-cleyndertabrowns-2000-7234835b,Whisper Not,14,Junior Mance / Junior Mance,3,3,data/processed/jtd_group_cv_16/audio_24k_mono/mancej-whispernot-cleyndertabrowns-2000-7234835b.wav,175.000000,10.000000,24000,2000,Junior Mance,Junior Mance
mancej-whispernot-cleyndertabrowns-2000-7234835b__00036,mancej-whispernot-cleyndertabrowns-2000-7234835b,Whisper Not,14,Junior Mance / Junior Mance,3,3,data/processed/jtd_group_cv_16/audio_24k_mono/mancej-whispernot-cleyndertabrowns-2000-7234835b.wav,180.000000,10.000000,24000,2000,Junior Mance,Junior Mance
jarrettk-whispernot-peacockgdejohnettej-1999-acdeb96f__00000,jarrettk-whispernot-peacockgdejohnettej-1999-acdeb96f,Whisper Not,14,Keith Jarrett / Keith Jarrett,2,2,data/processed/jtd_group_cv_16/audio_24k_mono/jarrettk-whispernot-peacockgdejohnettej-1999-acdeb96f.wav,0.000000,10.000000,24000,1999,Keith Jarrett,Keith Jarrett
jarrettk-whispernot-peacockgdejohnettej-1999-acdeb96f__00001,jarrettk-whispernot-peacockgdejohnettej-1999-acdeb96f,Whisper Not,14,Keith Jarrett / Keith Jarrett,2,2,data/processed/jtd_group_cv_16/audio_24k_mono/jarrettk-whispernot-peacockgdejohnettej-1999-acdeb96f.wav,5.000000,10.000000,24000,1999,Keith Jarrett,Keith Jarrett
jarrettk-whispernot-peacockgdejohnettej-1999-acdeb96f__00002,jarrettk-whispernot-peacockgdejohnettej-1999-acdeb96f,Whisper Not,14,Keith Jarrett / Keith Jarrett,2,2,data/processed/jtd_group_cv_16/audio_24k_mono/jarrettk-whispernot-peacockgdejohnettej-1999-acdeb96f.wav,10.000000,10.000000,24000,1999,Keith Jarrett,Keith Jarrett
jarrettk-whispernot-peacockgdejohnettej-1999-acdeb96f__00003,jarrettk-whispernot-peacockgdejohnettej-1999-acdeb96f,Whisper Not,14,Keith Jarrett / Keith Jarrett,2,2,data/processed/jtd_group_cv_16/audio_24k_mono/jarrettk-whispernot-peacockgdejohnettej-1999-acdeb96f.wav,15.000000,10.000000,24000,1999,Keith Jarrett,Keith Jarrett
jarrettk-whispernot-peacockgdejohnettej-1999-acdeb96f__00004,jarrettk-whispernot-peacockgdejohnettej-1999-acdeb96f,Whisper Not,14,Keith Jarrett / Keith Jarrett,2,2,data/processed/jtd_group_cv_16/audio_24k_mono/jarrettk-whispernot-peacockgdejohnettej-1999-acdeb96f.wav,20.000000,10.000000,24000,1999,Keith Jarrett,Keith Jarrett
jarrettk-whispernot-peacockgdejohnettej-1999-acdeb96f__00005,jarrettk-whispernot-peacockgdejohnettej-1999-acdeb96f,Whisper Not,14,Keith Jarrett / Keith Jarrett,2,2,data/processed/jtd_group_cv_16/audio_24k_mono/jarrettk-whispernot-peacockgdejohnettej-1999-acdeb96f.wav,25.000000,10.000000,24000,1999,Keith Jarrett,Keith Jarrett
jarrettk-whispernot-peacockgdejohnettej-1999-acdeb96f__00006,jarrettk-whispernot-peacockgdejohnettej-1999-acdeb96f,Whisper Not,14,Keith Jarrett / Keith Jarrett,2,2,data/processed/jtd_group_cv_16/audio_24k_mono/jarrettk-whispernot-peacockgdejohnettej-1999-acdeb96f.wav,30.000000,10.000000,24000,1999,Keith Jarrett,Keith Jarrett
jarrettk-whispernot-peacockgdejohnettej-1999-acdeb96f__00007,jarrettk-whispernot-peacockgdejohnettej-1999-acdeb96f,Whisper Not,14,Keith Jarrett / Keith Jarrett,2,2,data/processed/jtd_group_cv_16/audio_24k_mono/jarrettk-whispernot-peacockgdejohnettej-1999-acdeb96f.wav,35.000000,10.000000,24000,1999,Keith Jarrett,Keith Jarrett
jarrettk-whispernot-peacockgdejohnettej-1999-acdeb96f__00008,jarrettk-whispernot-peacockgdejohnettej-1999-acdeb96f,Whisper Not,14,Keith Jarrett / Keith Jarrett,2,2,data/processed/jtd_group_cv_16/audio_24k_mono/jarrettk-whispernot-peacockgdejohnettej-1999-acdeb96f.wav,40.000000,10.000000,24000,1999,Keith Jarrett,Keith Jarrett
jarrettk-whispernot-peacockgdejohnettej-1999-acdeb96f__00009,jarrettk-whispernot-peacockgdejohnettej-1999-acdeb96f,Whisper Not,14,Keith Jarrett / Keith Jarrett,2,2,data/processed/jtd_group_cv_16/audio_24k_mono/jarrettk-whispernot-peacockgdejohnettej-1999-acdeb96f.wav,45.000000,10.000000,24000,1999,Keith Jarrett,Keith Jarrett
jarrettk-whispernot-peacockgdejohnettej-1999-acdeb96f__00010,jarrettk-whispernot-peacockgdejohnettej-1999-acdeb96f,Whisper Not,14,Keith Jarrett / Keith Jarrett,2,2,data/processed/jtd_group_cv_16/audio_24k_mono/jarrettk-whispernot-peacockgdejohnettej-1999-acdeb96f.wav,50.000000,10.000000,24000,1999,Keith Jarrett,Keith Jarrett
jarrettk-whispernot-peacockgdejohnettej-1999-acdeb96f__00011,jarrettk-whispernot-peacockgdejohnettej-1999-acdeb96f,Whisper Not,14,Keith Jarrett / Keith Jarrett,2,2,data/processed/jtd_group_cv_16/audio_24k_mono/jarrettk-whispernot-peacockgdejohnettej-1999-acdeb96f.wav,55.000000,10.000000,24000,1999,Keith Jarrett,Keith Jarrett
jarrettk-whispernot-peacockgdejohnettej-1999-acdeb96f__00012,jarrettk-whispernot-peacockgdejohnettej-1999-acdeb96f,Whisper Not,14,Keith Jarrett / Keith Jarrett,2,2,data/processed/jtd_group_cv_16/audio_24k_mono/jarrettk-whispernot-peacockgdejohnettej-1999-acdeb96f.wav,60.000000,10.000000,24000,1999,Keith Jarrett,Keith Jarrett
jarrettk-whispernot-peacockgdejohnettej-1999-acdeb96f__00013,jarrettk-whispernot-peacockgdejohnettej-1999-acdeb96f,Whisper Not,14,Keith Jarrett / Keith Jarrett,2,2,data/processed/jtd_group_cv_16/audio_24k_mono/jarrettk-whispernot-peacockgdejohnettej-1999-acdeb96f.wav,65.000000,10.000000,24000,1999,Keith Jarrett,Keith Jarrett
jarrettk-whispernot-peacockgdejohnettej-1999-acdeb96f__00014,jarrettk-whispernot-peacockgdejohnettej-1999-acdeb96f,Whisper Not,14,Keith Jarrett / Keith Jarrett,2,2,data/processed/jtd_group_cv_16/audio_24k_mono/jarrettk-whispernot-peacockgdejohnettej-1999-acdeb96f.wav,70.000000,10.000000,24000,1999,Keith Jarrett,Keith Jarrett
jarrettk-whispernot-peacockgdejohnettej-1999-acdeb96f__00015,jarrettk-whispernot-peacockgdejohnettej-1999-acdeb96f,Whisper Not,14,Keith Jarrett / Keith Jarrett,2,2,data/processed/jtd_group_cv_16/audio_24k_mono/jarrettk-whispernot-peacockgdejohnettej-1999-acdeb96f.wav,75.000000,10.000000,24000,1999,Keith Jarrett,Keith Jarrett
jarrettk-whispernot-peacockgdejohnettej-1999-acdeb96f__00016,jarrettk-whispernot-peacockgdejohnettej-1999-acdeb96f,Whisper Not,14,Keith Jarrett / Keith Jarrett,2,2,data/processed/jtd_group_cv_16/audio_24k_mono/jarrettk-whispernot-peacockgdejohnettej-1999-acdeb96f.wav,80.000000,10.000000,24000,1999,Keith Jarrett,Keith Jarrett
jarrettk-whispernot-peacockgdejohnettej-1999-acdeb96f__00017,jarrettk-whispernot-peacockgdejohnettej-1999-acdeb96f,Whisper Not,14,Keith Jarrett / Keith Jarrett,2,2,data/processed/jtd_group_cv_16/audio_24k_mono/jarrettk-whispernot-peacockgdejohnettej-1999-acdeb96f.wav,85.000000,10.000000,24000,1999,Keith Jarrett,Keith Jarrett
jarrettk-whispernot-peacockgdejohnettej-1999-acdeb96f__00018,jarrettk-whispernot-peacockgdejohnettej-1999-acdeb96f,Whisper Not,14,Keith Jarrett / Keith Jarrett,2,2,data/processed/jtd_group_cv_16/audio_24k_mono/jarrettk-whispernot-peacockgdejohnettej-1999-acdeb96f.wav,90.000000,10.000000,24000,1999,Keith Jarrett,Keith Jarrett
jarrettk-whispernot-peacockgdejohnettej-1999-acdeb96f__00019,jarrettk-whispernot-peacockgdejohnettej-1999-acdeb96f,Whisper Not,14,Keith Jarrett / Keith Jarrett,2,2,data/processed/jtd_group_cv_16/audio_24k_mono/jarrettk-whispernot-peacockgdejohnettej-1999-acdeb96f.wav,95.000000,10.000000,24000,1999,Keith Jarrett,Keith Jarrett
jarrettk-whispernot-peacockgdejohnettej-1999-acdeb96f__00020,jarrettk-whispernot-peacockgdejohnettej-1999-acdeb96f,Whisper Not,14,Keith Jarrett / Keith Jarrett,2,2,data/processed/jtd_group_cv_16/audio_24k_mono/jarrettk-whispernot-peacockgdejohnettej-1999-acdeb96f.wav,100.000000,10.000000,24000,1999,Keith Jarrett,Keith Jarrett
jarrettk-whispernot-peacockgdejohnettej-1999-acdeb96f__00021,jarrettk-whispernot-peacockgdejohnettej-1999-acdeb96f,Whisper Not,14,Keith Jarrett / Keith Jarrett,2,2,data/processed/jtd_group_cv_16/audio_24k_mono/jarrettk-whispernot-peacockgdejohnettej-1999-acdeb96f.wav,105.000000,10.000000,24000,1999,Keith Jarrett,Keith Jarrett
jarrettk-whispernot-peacockgdejohnettej-1999-acdeb96f__00022,jarrettk-whispernot-peacockgdejohnettej-1999-acdeb96f,Whisper Not,14,Keith Jarrett / Keith Jarrett,2,2,data/processed/jtd_group_cv_16/audio_24k_mono/jarrettk-whispernot-peacockgdejohnettej-1999-acdeb96f.wav,110.000000,10.000000,24000,1999,Keith Jarrett,Keith Jarrett
jarrettk-whispernot-peacockgdejohnettej-1999-acdeb96f__00023,jarrettk-whispernot-peacockgdejohnettej-1999-acdeb96f,Whisper Not,14,Keith Jarrett / Keith Jarrett,2,2,data/processed/jtd_group_cv_16/audio_24k_mono/jarrettk-whispernot-peacockgdejohnettej-1999-acdeb96f.wav,115.000000,10.000000,24000,1999,Keith Jarrett,Keith Jarrett
jarrettk-whispernot-peacockgdejohnettej-1999-acdeb96f__00024,jarrettk-whispernot-peacockgdejohnettej-1999-acdeb96f,Whisper Not,14,Keith Jarrett / Keith Jarrett,2,2,data/processed/jtd_group_cv_16/audio_24k_mono/jarrettk-whispernot-peacockgdejohnettej-1999-acdeb96f.wav,120.000000,10.000000,24000,1999,Keith Jarrett,Keith Jarrett
jarrettk-whispernot-peacockgdejohnettej-1999-acdeb96f__00025,jarrettk-whispernot-peacockgdejohnettej-1999-acdeb96f,Whisper Not,14,Keith Jarrett / Keith Jarrett,2,2,data/processed/jtd_group_cv_16/audio_24k_mono/jarrettk-whispernot-peacockgdejohnettej-1999-acdeb96f.wav,125.000000,10.000000,24000,1999,Keith Jarrett,Keith Jarrett
jarrettk-whispernot-peacockgdejohnettej-1999-acdeb96f__00026,jarrettk-whispernot-peacockgdejohnettej-1999-acdeb96f,Whisper Not,14,Keith Jarrett / Keith Jarrett,2,2,data/processed/jtd_group_cv_16/audio_24k_mono/jarrettk-whispernot-peacockgdejohnettej-1999-acdeb96f.wav,130.000000,10.000000,24000,1999,Keith Jarrett,Keith Jarrett
jarrettk-whispernot-peacockgdejohnettej-1999-acdeb96f__00027,jarrettk-whispernot-peacockgdejohnettej-1999-acdeb96f,Whisper Not,14,Keith Jarrett / Keith Jarrett,2,2,data/processed/jtd_group_cv_16/audio_24k_mono/jarrettk-whispernot-peacockgdejohnettej-1999-acdeb96f.wav,135.000000,10.000000,24000,1999,Keith Jarrett,Keith Jarrett
jarrettk-whispernot-peacockgdejohnettej-1999-acdeb96f__00028,jarrettk-whispernot-peacockgdejohnettej-1999-acdeb96f,Whisper Not,14,Keith Jarrett / Keith Jarrett,2,2,data/processed/jtd_group_cv_16/audio_24k_mono/jarrettk-whispernot-peacockgdejohnettej-1999-acdeb96f.wav,140.000000,10.000000,24000,1999,Keith Jarrett,Keith Jarrett
jarrettk-whispernot-peacockgdejohnettej-1999-acdeb96f__00029,jarrettk-whispernot-peacockgdejohnettej-1999-acdeb96f,Whisper Not,14,Keith Jarrett / Keith Jarrett,2,2,data/processed/jtd_group_cv_16/audio_24k_mono/jarrettk-whispernot-peacockgdejohnettej-1999-acdeb96f.wav,145.000000,10.000000,24000,1999,Keith Jarrett,Keith Jarrett
jarrettk-whispernot-peacockgdejohnettej-1999-acdeb96f__00030,jarrettk-whispernot-peacockgdejohnettej-1999-acdeb96f,Whisper Not,14,Keith Jarrett / Keith Jarrett,2,2,data/processed/jtd_group_cv_16/audio_24k_mono/jarrettk-whispernot-peacockgdejohnettej-1999-acdeb96f.wav,150.000000,10.000000,24000,1999,Keith Jarrett,Keith Jarrett
jarrettk-whispernot-peacockgdejohnettej-1999-acdeb96f__00031,jarrettk-whispernot-peacockgdejohnettej-1999-acdeb96f,Whisper Not,14,Keith Jarrett / Keith Jarrett,2,2,data/processed/jtd_group_cv_16/audio_24k_mono/jarrettk-whispernot-peacockgdejohnettej-1999-acdeb96f.wav,155.000000,10.000000,24000,1999,Keith Jarrett,Keith Jarrett
jarrettk-whispernot-peacockgdejohnettej-1999-acdeb96f__00032,jarrettk-whispernot-peacockgdejohnettej-1999-acdeb96f,Whisper Not,14,Keith Jarrett / Keith Jarrett,2,2,data/processed/jtd_group_cv_16/audio_24k_mono/jarrettk-whispernot-peacockgdejohnettej-1999-acdeb96f.wav,160.000000,10.000000,24000,1999,Keith Jarrett,Keith Jarrett
petersono-whispernot-brownrthigpene-1961-aa3ac076__00000,petersono-whispernot-brownrthigpene-1961-aa3ac076,Whisper Not,14,Oscar Peterson / Oscar Peterson,0,0,data/processed/jtd_group_cv_16/audio_24k_mono/petersono-whispernot-brownrthigpene-1961-aa3ac076.wav,0.000000,10.000000,24000,1961,Oscar Peterson,Oscar Peterson
petersono-whispernot-brownrthigpene-1961-aa3ac076__00001,petersono-whispernot-brownrthigpene-1961-aa3ac076,Whisper Not,14,Oscar Peterson / Oscar Peterson,0,0,data/processed/jtd_group_cv_16/audio_24k_mono/petersono-whispernot-brownrthigpene-1961-aa3ac076.wav,5.000000,10.000000,24000,1961,Oscar Peterson,Oscar Peterson
petersono-whispernot-brownrthigpene-1961-aa3ac076__00002,petersono-whispernot-brownrthigpene-1961-aa3ac076,Whisper Not,14,Oscar Peterson / Oscar Peterson,0,0,data/processed/jtd_group_cv_16/audio_24k_mono/petersono-whispernot-brownrthigpene-1961-aa3ac076.wav,10.000000,10.000000,24000,1961,Oscar Peterson,Oscar Peterson
petersono-whispernot-brownrthigpene-1961-aa3ac076__00003,petersono-whispernot-brownrthigpene-1961-aa3ac076,Whisper Not,14,Oscar Peterson / Oscar Peterson,0,0,data/processed/jtd_group_cv_16/audio_24k_mono/petersono-whispernot-brownrthigpene-1961-aa3ac076.wav,15.000000,10.000000,24000,1961,Oscar Peterson,Oscar Peterson
petersono-whispernot-brownrthigpene-1961-aa3ac076__00004,petersono-whispernot-brownrthigpene-1961-aa3ac076,Whisper Not,14,Oscar Peterson / Oscar Peterson,0,0,data/processed/jtd_group_cv_16/audio_24k_mono/petersono-whispernot-brownrthigpene-1961-aa3ac076.wav,20.000000,10.000000,24000,1961,Oscar Peterson,Oscar Peterson
petersono-whispernot-brownrthigpene-1961-aa3ac076__00005,petersono-whispernot-brownrthigpene-1961-aa3ac076,Whisper Not,14,Oscar Peterson / Oscar Peterson,0,0,data/processed/jtd_group_cv_16/audio_24k_mono/petersono-whispernot-brownrthigpene-1961-aa3ac076.wav,25.000000,10.000000,24000,1961,Oscar Peterson,Oscar Peterson
petersono-whispernot-brownrthigpene-1961-aa3ac076__00006,petersono-whispernot-brownrthigpene-1961-aa3ac076,Whisper Not,14,Oscar Peterson / Oscar Peterson,0,0,data/processed/jtd_group_cv_16/audio_24k_mono/petersono-whispernot-brownrthigpene-1961-aa3ac076.wav,30.000000,10.000000,24000,1961,Oscar Peterson,Oscar Peterson
petersono-whispernot-brownrthigpene-1961-aa3ac076__00007,petersono-whispernot-brownrthigpene-1961-aa3ac076,Whisper Not,14,Oscar Peterson / Oscar Peterson,0,0,data/processed/jtd_group_cv_16/audio_24k_mono/petersono-whispernot-brownrthigpene-1961-aa3ac076.wav,35.000000,10.000000,24000,1961,Oscar Peterson,Oscar Peterson
petersono-whispernot-brownrthigpene-1961-aa3ac076__00008,petersono-whispernot-brownrthigpene-1961-aa3ac076,Whisper Not,14,Oscar Peterson / Oscar Peterson,0,0,data/processed/jtd_group_cv_16/audio_24k_mono/petersono-whispernot-brownrthigpene-1961-aa3ac076.wav,40.000000,10.000000,24000,1961,Oscar Peterson,Oscar Peterson
petersono-whispernot-brownrthigpene-1961-aa3ac076__00009,petersono-whispernot-brownrthigpene-1961-aa3ac076,Whisper Not,14,Oscar Peterson / Oscar Peterson,0,0,data/processed/jtd_group_cv_16/audio_24k_mono/petersono-whispernot-brownrthigpene-1961-aa3ac076.wav,45.000000,10.000000,24000,1961,Oscar Peterson,Oscar Peterson
petersono-whispernot-brownrthigpene-1961-aa3ac076__00010,petersono-whispernot-brownrthigpene-1961-aa3ac076,Whisper Not,14,Oscar Peterson / Oscar Peterson,0,0,data/processed/jtd_group_cv_16/audio_24k_mono/petersono-whispernot-brownrthigpene-1961-aa3ac076.wav,50.000000,10.000000,24000,1961,Oscar Peterson,Oscar Peterson
petersono-whispernot-brownrthigpene-1961-aa3ac076__00011,petersono-whispernot-brownrthigpene-1961-aa3ac076,Whisper Not,14,Oscar Peterson / Oscar Peterson,0,0,data/processed/jtd_group_cv_16/audio_24k_mono/petersono-whispernot-brownrthigpene-1961-aa3ac076.wav,55.000000,10.000000,24000,1961,Oscar Peterson,Oscar Peterson
petersono-whispernot-brownrthigpene-1961-aa3ac076__00012,petersono-whispernot-brownrthigpene-1961-aa3ac076,Whisper Not,14,Oscar Peterson / Oscar Peterson,0,0,data/processed/jtd_group_cv_16/audio_24k_mono/petersono-whispernot-brownrthigpene-1961-aa3ac076.wav,60.000000,10.000000,24000,1961,Oscar Peterson,Oscar Peterson
petersono-whispernot-brownrthigpene-1961-aa3ac076__00013,petersono-whispernot-brownrthigpene-1961-aa3ac076,Whisper Not,14,Oscar Peterson / Oscar Peterson,0,0,data/processed/jtd_group_cv_16/audio_24k_mono/petersono-whispernot-brownrthigpene-1961-aa3ac076.wav,65.000000,10.000000,24000,1961,Oscar Peterson,Oscar Peterson
petersono-whispernot-brownrthigpene-1961-aa3ac076__00014,petersono-whispernot-brownrthigpene-1961-aa3ac076,Whisper Not,14,Oscar Peterson / Oscar Peterson,0,0,data/processed/jtd_group_cv_16/audio_24k_mono/petersono-whispernot-brownrthigpene-1961-aa3ac076.wav,70.000000,10.000000,24000,1961,Oscar Peterson,Oscar Peterson
petersono-whispernot-brownrthigpene-1961-aa3ac076__00015,petersono-whispernot-brownrthigpene-1961-aa3ac076,Whisper Not,14,Oscar Peterson / Oscar Peterson,0,0,data/processed/jtd_group_cv_16/audio_24k_mono/petersono-whispernot-brownrthigpene-1961-aa3ac076.wav,75.000000,10.000000,24000,1961,Oscar Peterson,Oscar Peterson
petersono-whispernot-brownrthigpene-1961-aa3ac076__00016,petersono-whispernot-brownrthigpene-1961-aa3ac076,Whisper Not,14,Oscar Peterson / Oscar Peterson,0,0,data/processed/jtd_group_cv_16/audio_24k_mono/petersono-whispernot-brownrthigpene-1961-aa3ac076.wav,80.000000,10.000000,24000,1961,Oscar Peterson,Oscar Peterson
petersono-whispernot-brownrthigpene-1961-aa3ac076__00017,petersono-whispernot-brownrthigpene-1961-aa3ac076,Whisper Not,14,Oscar Peterson / Oscar Peterson,0,0,data/processed/jtd_group_cv_16/audio_24k_mono/petersono-whispernot-brownrthigpene-1961-aa3ac076.wav,85.000000,10.000000,24000,1961,Oscar Peterson,Oscar Peterson
petersono-whispernot-brownrthigpene-1961-aa3ac076__00018,petersono-whispernot-brownrthigpene-1961-aa3ac076,Whisper Not,14,Oscar Peterson / Oscar Peterson,0,0,data/processed/jtd_group_cv_16/audio_24k_mono/petersono-whispernot-brownrthigpene-1961-aa3ac076.wav,90.000000,10.000000,24000,1961,Oscar Peterson,Oscar Peterson
petersono-whispernot-brownrthigpene-1961-aa3ac076__00019,petersono-whispernot-brownrthigpene-1961-aa3ac076,Whisper Not,14,Oscar Peterson / Oscar Peterson,0,0,data/processed/jtd_group_cv_16/audio_24k_mono/petersono-whispernot-brownrthigpene-1961-aa3ac076.wav,95.000000,10.000000,24000,1961,Oscar Peterson,Oscar Peterson
petersono-whispernot-brownrthigpene-1961-aa3ac076__00020,petersono-whispernot-brownrthigpene-1961-aa3ac076,Whisper Not,14,Oscar Peterson / Oscar Peterson,0,0,data/processed/jtd_group_cv_16/audio_24k_mono/petersono-whispernot-brownrthigpene-1961-aa3ac076.wav,100.000000,10.000000,24000,1961,Oscar Peterson,Oscar Peterson
evansb-yesterdays-gomezemorellm-1968-43d1c693__00000,evansb-yesterdays-gomezemorellm-1968-43d1c693,Yesterdays,15,Bill Evans / Bill Evans,1,1,data/processed/jtd_group_cv_16/audio_24k_mono/evansb-yesterdays-gomezemorellm-1968-43d1c693.wav,0.000000,10.000000,24000,1968,Bill Evans,Bill Evans
evansb-yesterdays-gomezemorellm-1968-43d1c693__00001,evansb-yesterdays-gomezemorellm-1968-43d1c693,Yesterdays,15,Bill Evans / Bill Evans,1,1,data/processed/jtd_group_cv_16/audio_24k_mono/evansb-yesterdays-gomezemorellm-1968-43d1c693.wav,5.000000,10.000000,24000,1968,Bill Evans,Bill Evans
evansb-yesterdays-gomezemorellm-1968-43d1c693__00002,evansb-yesterdays-gomezemorellm-1968-43d1c693,Yesterdays,15,Bill Evans / Bill Evans,1,1,data/processed/jtd_group_cv_16/audio_24k_mono/evansb-yesterdays-gomezemorellm-1968-43d1c693.wav,10.000000,10.000000,24000,1968,Bill Evans,Bill Evans
evansb-yesterdays-gomezemorellm-1968-43d1c693__00003,evansb-yesterdays-gomezemorellm-1968-43d1c693,Yesterdays,15,Bill Evans / Bill Evans,1,1,data/processed/jtd_group_cv_16/audio_24k_mono/evansb-yesterdays-gomezemorellm-1968-43d1c693.wav,15.000000,10.000000,24000,1968,Bill Evans,Bill Evans
evansb-yesterdays-gomezemorellm-1968-43d1c693__00004,evansb-yesterdays-gomezemorellm-1968-43d1c693,Yesterdays,15,Bill Evans / Bill Evans,1,1,data/processed/jtd_group_cv_16/audio_24k_mono/evansb-yesterdays-gomezemorellm-1968-43d1c693.wav,20.000000,10.000000,24000,1968,Bill Evans,Bill Evans
evansb-yesterdays-gomezemorellm-1968-43d1c693__00005,evansb-yesterdays-gomezemorellm-1968-43d1c693,Yesterdays,15,Bill Evans / Bill Evans,1,1,data/processed/jtd_group_cv_16/audio_24k_mono/evansb-yesterdays-gomezemorellm-1968-43d1c693.wav,25.000000,10.000000,24000,1968,Bill Evans,Bill Evans
evansb-yesterdays-gomezemorellm-1968-43d1c693__00006,evansb-yesterdays-gomezemorellm-1968-43d1c693,Yesterdays,15,Bill Evans / Bill Evans,1,1,data/processed/jtd_group_cv_16/audio_24k_mono/evansb-yesterdays-gomezemorellm-1968-43d1c693.wav,30.000000,10.000000,24000,1968,Bill Evans,Bill Evans
evansb-yesterdays-gomezemorellm-1968-43d1c693__00007,evansb-yesterdays-gomezemorellm-1968-43d1c693,Yesterdays,15,Bill Evans / Bill Evans,1,1,data/processed/jtd_group_cv_16/audio_24k_mono/evansb-yesterdays-gomezemorellm-1968-43d1c693.wav,35.000000,10.000000,24000,1968,Bill Evans,Bill Evans
evansb-yesterdays-gomezemorellm-1968-43d1c693__00008,evansb-yesterdays-gomezemorellm-1968-43d1c693,Yesterdays,15,Bill Evans / Bill Evans,1,1,data/processed/jtd_group_cv_16/audio_24k_mono/evansb-yesterdays-gomezemorellm-1968-43d1c693.wav,40.000000,10.000000,24000,1968,Bill Evans,Bill Evans
hollandd-yesterdays-joneshhigginsb-1989-126bab92__00000,hollandd-yesterdays-joneshhigginsb-1989-126bab92,Yesterdays,15,Dave Holland / Hank Jones,3,3,data/processed/jtd_group_cv_16/audio_24k_mono/hollandd-yesterdays-joneshhigginsb-1989-126bab92.wav,0.000000,10.000000,24000,1989,Dave Holland,Hank Jones
hollandd-yesterdays-joneshhigginsb-1989-126bab92__00001,hollandd-yesterdays-joneshhigginsb-1989-126bab92,Yesterdays,15,Dave Holland / Hank Jones,3,3,data/processed/jtd_group_cv_16/audio_24k_mono/hollandd-yesterdays-joneshhigginsb-1989-126bab92.wav,5.000000,10.000000,24000,1989,Dave Holland,Hank Jones
hollandd-yesterdays-joneshhigginsb-1989-126bab92__00002,hollandd-yesterdays-joneshhigginsb-1989-126bab92,Yesterdays,15,Dave Holland / Hank Jones,3,3,data/processed/jtd_group_cv_16/audio_24k_mono/hollandd-yesterdays-joneshhigginsb-1989-126bab92.wav,10.000000,10.000000,24000,1989,Dave Holland,Hank Jones
hollandd-yesterdays-joneshhigginsb-1989-126bab92__00003,hollandd-yesterdays-joneshhigginsb-1989-126bab92,Yesterdays,15,Dave Holland / Hank Jones,3,3,data/processed/jtd_group_cv_16/audio_24k_mono/hollandd-yesterdays-joneshhigginsb-1989-126bab92.wav,15.000000,10.000000,24000,1989,Dave Holland,Hank Jones
hollandd-yesterdays-joneshhigginsb-1989-126bab92__00004,hollandd-yesterdays-joneshhigginsb-1989-126bab92,Yesterdays,15,Dave Holland / Hank Jones,3,3,data/processed/jtd_group_cv_16/audio_24k_mono/hollandd-yesterdays-joneshhigginsb-1989-126bab92.wav,20.000000,10.000000,24000,1989,Dave Holland,Hank Jones
hollandd-yesterdays-joneshhigginsb-1989-126bab92__00005,hollandd-yesterdays-joneshhigginsb-1989-126bab92,Yesterdays,15,Dave Holland / Hank Jones,3,3,data/processed/jtd_group_cv_16/audio_24k_mono/hollandd-yesterdays-joneshhigginsb-1989-126bab92.wav,25.000000,10.000000,24000,1989,Dave Holland,Hank Jones
hollandd-yesterdays-joneshhigginsb-1989-126bab92__00006,hollandd-yesterdays-joneshhigginsb-1989-126bab92,Yesterdays,15,Dave Holland / Hank Jones,3,3,data/processed/jtd_group_cv_16/audio_24k_mono/hollandd-yesterdays-joneshhigginsb-1989-126bab92.wav,30.000000,10.000000,24000,1989,Dave Holland,Hank Jones
hollandd-yesterdays-joneshhigginsb-1989-126bab92__00007,hollandd-yesterdays-joneshhigginsb-1989-126bab92,Yesterdays,15,Dave Holland / Hank Jones,3,3,data/processed/jtd_group_cv_16/audio_24k_mono/hollandd-yesterdays-joneshhigginsb-1989-126bab92.wav,35.000000,10.000000,24000,1989,Dave Holland,Hank Jones
hollandd-yesterdays-joneshhigginsb-1989-126bab92__00008,hollandd-yesterdays-joneshhigginsb-1989-126bab92,Yesterdays,15,Dave Holland / Hank Jones,3,3,data/processed/jtd_group_cv_16/audio_24k_mono/hollandd-yesterdays-joneshhigginsb-1989-126bab92.wav,40.000000,10.000000,24000,1989,Dave Holland,Hank Jones
hollandd-yesterdays-joneshhigginsb-1989-126bab92__00009,hollandd-yesterdays-joneshhigginsb-1989-126bab92,Yesterdays,15,Dave Holland / Hank Jones,3,3,data/processed/jtd_group_cv_16/audio_24k_mono/hollandd-yesterdays-joneshhigginsb-1989-126bab92.wav,45.000000,10.000000,24000,1989,Dave Holland,Hank Jones
hollandd-yesterdays-joneshhigginsb-1989-126bab92__00010,hollandd-yesterdays-joneshhigginsb-1989-126bab92,Yesterdays,15,Dave Holland / Hank Jones,3,3,data/processed/jtd_group_cv_16/audio_24k_mono/hollandd-yesterdays-joneshhigginsb-1989-126bab92.wav,50.000000,10.000000,24000,1989,Dave Holland,Hank Jones
hollandd-yesterdays-joneshhigginsb-1989-126bab92__00011,hollandd-yesterdays-joneshhigginsb-1989-126bab92,Yesterdays,15,Dave Holland / Hank Jones,3,3,data/processed/jtd_group_cv_16/audio_24k_mono/hollandd-yesterdays-joneshhigginsb-1989-126bab92.wav,55.000000,10.000000,24000,1989,Dave Holland,Hank Jones
hollandd-yesterdays-joneshhigginsb-1989-126bab92__00012,hollandd-yesterdays-joneshhigginsb-1989-126bab92,Yesterdays,15,Dave Holland / Hank Jones,3,3,data/processed/jtd_group_cv_16/audio_24k_mono/hollandd-yesterdays-joneshhigginsb-1989-126bab92.wav,60.000000,10.000000,24000,1989,Dave Holland,Hank Jones
hollandd-yesterdays-joneshhigginsb-1989-126bab92__00013,hollandd-yesterdays-joneshhigginsb-1989-126bab92,Yesterdays,15,Dave Holland / Hank Jones,3,3,data/processed/jtd_group_cv_16/audio_24k_mono/hollandd-yesterdays-joneshhigginsb-1989-126bab92.wav,65.000000,10.000000,24000,1989,Dave Holland,Hank Jones
hollandd-yesterdays-joneshhigginsb-1989-126bab92__00014,hollandd-yesterdays-joneshhigginsb-1989-126bab92,Yesterdays,15,Dave Holland / Hank Jones,3,3,data/processed/jtd_group_cv_16/audio_24k_mono/hollandd-yesterdays-joneshhigginsb-1989-126bab92.wav,70.000000,10.000000,24000,1989,Dave Holland,Hank Jones
hollandd-yesterdays-joneshhigginsb-1989-126bab92__00015,hollandd-yesterdays-joneshhigginsb-1989-126bab92,Yesterdays,15,Dave Holland / Hank Jones,3,3,data/processed/jtd_group_cv_16/audio_24k_mono/hollandd-yesterdays-joneshhigginsb-1989-126bab92.wav,75.000000,10.000000,24000,1989,Dave Holland,Hank Jones
hollandd-yesterdays-joneshhigginsb-1989-126bab92__00016,hollandd-yesterdays-joneshhigginsb-1989-126bab92,Yesterdays,15,Dave Holland / Hank Jones,3,3,data/processed/jtd_group_cv_16/audio_24k_mono/hollandd-yesterdays-joneshhigginsb-1989-126bab92.wav,80.000000,10.000000,24000,1989,Dave Holland,Hank Jones
hollandd-yesterdays-joneshhigginsb-1989-126bab92__00017,hollandd-yesterdays-joneshhigginsb-1989-126bab92,Yesterdays,15,Dave Holland / Hank Jones,3,3,data/processed/jtd_group_cv_16/audio_24k_mono/hollandd-yesterdays-joneshhigginsb-1989-126bab92.wav,85.000000,10.000000,24000,1989,Dave Holland,Hank Jones
hollandd-yesterdays-joneshhigginsb-1989-126bab92__00018,hollandd-yesterdays-joneshhigginsb-1989-126bab92,Yesterdays,15,Dave Holland / Hank Jones,3,3,data/processed/jtd_group_cv_16/audio_24k_mono/hollandd-yesterdays-joneshhigginsb-1989-126bab92.wav,90.000000,10.000000,24000,1989,Dave Holland,Hank Jones
hollandd-yesterdays-joneshhigginsb-1989-126bab92__00019,hollandd-yesterdays-joneshhigginsb-1989-126bab92,Yesterdays,15,Dave Holland / Hank Jones,3,3,data/processed/jtd_group_cv_16/audio_24k_mono/hollandd-yesterdays-joneshhigginsb-1989-126bab92.wav,95.000000,10.000000,24000,1989,Dave Holland,Hank Jones
hicksj-yesterdays-drummondrmuhammadi-1990-8a89257c__00000,hicksj-yesterdays-drummondrmuhammadi-1990-8a89257c,Yesterdays,15,John Hicks / John Hicks,2,2,data/processed/jtd_group_cv_16/audio_24k_mono/hicksj-yesterdays-drummondrmuhammadi-1990-8a89257c.wav,0.000000,10.000000,24000,1990,John Hicks,John Hicks
hicksj-yesterdays-drummondrmuhammadi-1990-8a89257c__00001,hicksj-yesterdays-drummondrmuhammadi-1990-8a89257c,Yesterdays,15,John Hicks / John Hicks,2,2,data/processed/jtd_group_cv_16/audio_24k_mono/hicksj-yesterdays-drummondrmuhammadi-1990-8a89257c.wav,5.000000,10.000000,24000,1990,John Hicks,John Hicks
hicksj-yesterdays-drummondrmuhammadi-1990-8a89257c__00002,hicksj-yesterdays-drummondrmuhammadi-1990-8a89257c,Yesterdays,15,John Hicks / John Hicks,2,2,data/processed/jtd_group_cv_16/audio_24k_mono/hicksj-yesterdays-drummondrmuhammadi-1990-8a89257c.wav,10.000000,10.000000,24000,1990,John Hicks,John Hicks
hicksj-yesterdays-drummondrmuhammadi-1990-8a89257c__00003,hicksj-yesterdays-drummondrmuhammadi-1990-8a89257c,Yesterdays,15,John Hicks / John Hicks,2,2,data/processed/jtd_group_cv_16/audio_24k_mono/hicksj-yesterdays-drummondrmuhammadi-1990-8a89257c.wav,15.000000,10.000000,24000,1990,John Hicks,John Hicks
hicksj-yesterdays-drummondrmuhammadi-1990-8a89257c__00004,hicksj-yesterdays-drummondrmuhammadi-1990-8a89257c,Yesterdays,15,John Hicks / John Hicks,2,2,data/processed/jtd_group_cv_16/audio_24k_mono/hicksj-yesterdays-drummondrmuhammadi-1990-8a89257c.wav,20.000000,10.000000,24000,1990,John Hicks,John Hicks
hicksj-yesterdays-drummondrmuhammadi-1990-8a89257c__00005,hicksj-yesterdays-drummondrmuhammadi-1990-8a89257c,Yesterdays,15,John Hicks / John Hicks,2,2,data/processed/jtd_group_cv_16/audio_24k_mono/hicksj-yesterdays-drummondrmuhammadi-1990-8a89257c.wav,25.000000,10.000000,24000,1990,John Hicks,John Hicks
hicksj-yesterdays-drummondrmuhammadi-1990-8a89257c__00006,hicksj-yesterdays-drummondrmuhammadi-1990-8a89257c,Yesterdays,15,John Hicks / John Hicks,2,2,data/processed/jtd_group_cv_16/audio_24k_mono/hicksj-yesterdays-drummondrmuhammadi-1990-8a89257c.wav,30.000000,10.000000,24000,1990,John Hicks,John Hicks
hicksj-yesterdays-drummondrmuhammadi-1990-8a89257c__00007,hicksj-yesterdays-drummondrmuhammadi-1990-8a89257c,Yesterdays,15,John Hicks / John Hicks,2,2,data/processed/jtd_group_cv_16/audio_24k_mono/hicksj-yesterdays-drummondrmuhammadi-1990-8a89257c.wav,35.000000,10.000000,24000,1990,John Hicks,John Hicks
hicksj-yesterdays-drummondrmuhammadi-1990-8a89257c__00008,hicksj-yesterdays-drummondrmuhammadi-1990-8a89257c,Yesterdays,15,John Hicks / John Hicks,2,2,data/processed/jtd_group_cv_16/audio_24k_mono/hicksj-yesterdays-drummondrmuhammadi-1990-8a89257c.wav,40.000000,10.000000,24000,1990,John Hicks,John Hicks
hicksj-yesterdays-drummondrmuhammadi-1990-8a89257c__00009,hicksj-yesterdays-drummondrmuhammadi-1990-8a89257c,Yesterdays,15,John Hicks / John Hicks,2,2,data/processed/jtd_group_cv_16/audio_24k_mono/hicksj-yesterdays-drummondrmuhammadi-1990-8a89257c.wav,45.000000,10.000000,24000,1990,John Hicks,John Hicks
hicksj-yesterdays-drummondrmuhammadi-1990-8a89257c__00010,hicksj-yesterdays-drummondrmuhammadi-1990-8a89257c,Yesterdays,15,John Hicks / John Hicks,2,2,data/processed/jtd_group_cv_16/audio_24k_mono/hicksj-yesterdays-drummondrmuhammadi-1990-8a89257c.wav,50.000000,10.000000,24000,1990,John Hicks,John Hicks
hicksj-yesterdays-drummondrmuhammadi-1990-8a89257c__00011,hicksj-yesterdays-drummondrmuhammadi-1990-8a89257c,Yesterdays,15,John Hicks / John Hicks,2,2,data/processed/jtd_group_cv_16/audio_24k_mono/hicksj-yesterdays-drummondrmuhammadi-1990-8a89257c.wav,55.000000,10.000000,24000,1990,John Hicks,John Hicks
hicksj-yesterdays-drummondrmuhammadi-1990-8a89257c__00012,hicksj-yesterdays-drummondrmuhammadi-1990-8a89257c,Yesterdays,15,John Hicks / John Hicks,2,2,data/processed/jtd_group_cv_16/audio_24k_mono/hicksj-yesterdays-drummondrmuhammadi-1990-8a89257c.wav,60.000000,10.000000,24000,1990,John Hicks,John Hicks
drewk-yesterdays-russellcblakeya-1951-3dc431b2__00000,drewk-yesterdays-russellcblakeya-1951-3dc431b2,Yesterdays,15,Kenny Drew / Kenny Drew,0,0,data/processed/jtd_group_cv_16/audio_24k_mono/drewk-yesterdays-russellcblakeya-1951-3dc431b2.wav,0.000000,10.000000,24000,1951,Kenny Drew,Kenny Drew
drewk-yesterdays-russellcblakeya-1951-3dc431b2__00001,drewk-yesterdays-russellcblakeya-1951-3dc431b2,Yesterdays,15,Kenny Drew / Kenny Drew,0,0,data/processed/jtd_group_cv_16/audio_24k_mono/drewk-yesterdays-russellcblakeya-1951-3dc431b2.wav,5.000000,10.000000,24000,1951,Kenny Drew,Kenny Drew
drewk-yesterdays-russellcblakeya-1951-3dc431b2__00002,drewk-yesterdays-russellcblakeya-1951-3dc431b2,Yesterdays,15,Kenny Drew / Kenny Drew,0,0,data/processed/jtd_group_cv_16/audio_24k_mono/drewk-yesterdays-russellcblakeya-1951-3dc431b2.wav,10.000000,10.000000,24000,1951,Kenny Drew,Kenny Drew
drewk-yesterdays-russellcblakeya-1951-3dc431b2__00003,drewk-yesterdays-russellcblakeya-1951-3dc431b2,Yesterdays,15,Kenny Drew / Kenny Drew,0,0,data/processed/jtd_group_cv_16/audio_24k_mono/drewk-yesterdays-russellcblakeya-1951-3dc431b2.wav,15.000000,10.000000,24000,1951,Kenny Drew,Kenny Drew
drewk-yesterdays-russellcblakeya-1951-3dc431b2__00004,drewk-yesterdays-russellcblakeya-1951-3dc431b2,Yesterdays,15,Kenny Drew / Kenny Drew,0,0,data/processed/jtd_group_cv_16/audio_24k_mono/drewk-yesterdays-russellcblakeya-1951-3dc431b2.wav,20.000000,10.000000,24000,1951,Kenny Drew,Kenny Drew
drewk-yesterdays-russellcblakeya-1951-3dc431b2__00005,drewk-yesterdays-russellcblakeya-1951-3dc431b2,Yesterdays,15,Kenny Drew / Kenny Drew,0,0,data/processed/jtd_group_cv_16/audio_24k_mono/drewk-yesterdays-russellcblakeya-1951-3dc431b2.wav,25.000000,10.000000,24000,1951,Kenny Drew,Kenny Drew
drewk-yesterdays-russellcblakeya-1951-3dc431b2__00006,drewk-yesterdays-russellcblakeya-1951-3dc431b2,Yesterdays,15,Kenny Drew / Kenny Drew,0,0,data/processed/jtd_group_cv_16/audio_24k_mono/drewk-yesterdays-russellcblakeya-1951-3dc431b2.wav,30.000000,10.000000,24000,1951,Kenny Drew,Kenny Drew
drewk-yesterdays-russellcblakeya-1951-3dc431b2__00007,drewk-yesterdays-russellcblakeya-1951-3dc431b2,Yesterdays,15,Kenny Drew / Kenny Drew,0,0,data/processed/jtd_group_cv_16/audio_24k_mono/drewk-yesterdays-russellcblakeya-1951-3dc431b2.wav,35.000000,10.000000,24000,1951,Kenny Drew,Kenny Drew
drewk-yesterdays-russellcblakeya-1951-3dc431b2__00008,drewk-yesterdays-russellcblakeya-1951-3dc431b2,Yesterdays,15,Kenny Drew / Kenny Drew,0,0,data/processed/jtd_group_cv_16/audio_24k_mono/drewk-yesterdays-russellcblakeya-1951-3dc431b2.wav,40.000000,10.000000,24000,1951,Kenny Drew,Kenny Drew
drewk-yesterdays-russellcblakeya-1951-3dc431b2__00009,drewk-yesterdays-russellcblakeya-1951-3dc431b2,Yesterdays,15,Kenny Drew / Kenny Drew,0,0,data/processed/jtd_group_cv_16/audio_24k_mono/drewk-yesterdays-russellcblakeya-1951-3dc431b2.wav,45.000000,10.000000,24000,1951,Kenny Drew,Kenny Drew
drewk-yesterdays-russellcblakeya-1951-3dc431b2__00010,drewk-yesterdays-russellcblakeya-1951-3dc431b2,Yesterdays,15,Kenny Drew / Kenny Drew,0,0,data/processed/jtd_group_cv_16/audio_24k_mono/drewk-yesterdays-russellcblakeya-1951-3dc431b2.wav,50.000000,10.000000,24000,1951,Kenny Drew,Kenny Drew
drewk-yesterdays-russellcblakeya-1951-3dc431b2__00011,drewk-yesterdays-russellcblakeya-1951-3dc431b2,Yesterdays,15,Kenny Drew / Kenny Drew,0,0,data/processed/jtd_group_cv_16/audio_24k_mono/drewk-yesterdays-russellcblakeya-1951-3dc431b2.wav,55.000000,10.000000,24000,1951,Kenny Drew,Kenny Drew
drewk-yesterdays-russellcblakeya-1951-3dc431b2__00012,drewk-yesterdays-russellcblakeya-1951-3dc431b2,Yesterdays,15,Kenny Drew / Kenny Drew,0,0,data/processed/jtd_group_cv_16/audio_24k_mono/drewk-yesterdays-russellcblakeya-1951-3dc431b2.wav,60.000000,10.000000,24000,1951,Kenny Drew,Kenny Drew
drewk-yesterdays-russellcblakeya-1951-3dc431b2__00013,drewk-yesterdays-russellcblakeya-1951-3dc431b2,Yesterdays,15,Kenny Drew / Kenny Drew,0,0,data/processed/jtd_group_cv_16/audio_24k_mono/drewk-yesterdays-russellcblakeya-1951-3dc431b2.wav,65.000000,10.000000,24000,1951,Kenny Drew,Kenny Drew
drewk-yesterdays-russellcblakeya-1951-3dc431b2__00014,drewk-yesterdays-russellcblakeya-1951-3dc431b2,Yesterdays,15,Kenny Drew / Kenny Drew,0,0,data/processed/jtd_group_cv_16/audio_24k_mono/drewk-yesterdays-russellcblakeya-1951-3dc431b2.wav,70.000000,10.000000,24000,1951,Kenny Drew,Kenny Drew
drewk-yesterdays-russellcblakeya-1951-3dc431b2__00015,drewk-yesterdays-russellcblakeya-1951-3dc431b2,Yesterdays,15,Kenny Drew / Kenny Drew,0,0,data/processed/jtd_group_cv_16/audio_24k_mono/drewk-yesterdays-russellcblakeya-1951-3dc431b2.wav,75.000000,10.000000,24000,1951,Kenny Drew,Kenny Drew
drewk-yesterdays-russellcblakeya-1951-3dc431b2__00016,drewk-yesterdays-russellcblakeya-1951-3dc431b2,Yesterdays,15,Kenny Drew / Kenny Drew,0,0,data/processed/jtd_group_cv_16/audio_24k_mono/drewk-yesterdays-russellcblakeya-1951-3dc431b2.wav,80.000000,10.000000,24000,1951,Kenny Drew,Kenny Drew
drewk-yesterdays-russellcblakeya-1951-3dc431b2__00017,drewk-yesterdays-russellcblakeya-1951-3dc431b2,Yesterdays,15,Kenny Drew / Kenny Drew,0,0,data/processed/jtd_group_cv_16/audio_24k_mono/drewk-yesterdays-russellcblakeya-1951-3dc431b2.wav,85.000000,10.000000,24000,1951,Kenny Drew,Kenny Drew
drewk-yesterdays-russellcblakeya-1951-3dc431b2__00018,drewk-yesterdays-russellcblakeya-1951-3dc431b2,Yesterdays,15,Kenny Drew / Kenny Drew,0,0,data/processed/jtd_group_cv_16/audio_24k_mono/drewk-yesterdays-russellcblakeya-1951-3dc431b2.wav,90.000000,10.000000,24000,1951,Kenny Drew,Kenny Drew
drewk-yesterdays-russellcblakeya-1951-3dc431b2__00019,drewk-yesterdays-russellcblakeya-1951-3dc431b2,Yesterdays,15,Kenny Drew / Kenny Drew,0,0,data/processed/jtd_group_cv_16/audio_24k_mono/drewk-yesterdays-russellcblakeya-1951-3dc431b2.wav,95.000000,10.000000,24000,1951,Kenny Drew,Kenny Drew
drewk-yesterdays-russellcblakeya-1951-3dc431b2__00020,drewk-yesterdays-russellcblakeya-1951-3dc431b2,Yesterdays,15,Kenny Drew / Kenny Drew,0,0,data/processed/jtd_group_cv_16/audio_24k_mono/drewk-yesterdays-russellcblakeya-1951-3dc431b2.wav,100.000000,10.000000,24000,1951,Kenny Drew,Kenny Drew
drewk-yesterdays-russellcblakeya-1951-3dc431b2__00021,drewk-yesterdays-russellcblakeya-1951-3dc431b2,Yesterdays,15,Kenny Drew / Kenny Drew,0,0,data/processed/jtd_group_cv_16/audio_24k_mono/drewk-yesterdays-russellcblakeya-1951-3dc431b2.wav,105.000000,10.000000,24000,1951,Kenny Drew,Kenny Drew
drewk-yesterdays-russellcblakeya-1951-3dc431b2__00022,drewk-yesterdays-russellcblakeya-1951-3dc431b2,Yesterdays,15,Kenny Drew / Kenny Drew,0,0,data/processed/jtd_group_cv_16/audio_24k_mono/drewk-yesterdays-russellcblakeya-1951-3dc431b2.wav,110.000000,10.000000,24000,1951,Kenny Drew,Kenny Drew
drewk-yesterdays-russellcblakeya-1951-3dc431b2__00023,drewk-yesterdays-russellcblakeya-1951-3dc431b2,Yesterdays,15,Kenny Drew / Kenny Drew,0,0,data/processed/jtd_group_cv_16/audio_24k_mono/drewk-yesterdays-russellcblakeya-1951-3dc431b2.wav,115.000000,10.000000,24000,1951,Kenny Drew,Kenny Drew
drewk-yesterdays-russellcblakeya-1951-3dc431b2__00024,drewk-yesterdays-russellcblakeya-1951-3dc431b2,Yesterdays,15,Kenny Drew / Kenny Drew,0,0,data/processed/jtd_group_cv_16/audio_24k_mono/drewk-yesterdays-russellcblakeya-1951-3dc431b2.wav,120.000000,10.000000,24000,1951,Kenny Drew,Kenny Drew
drewk-yesterdays-russellcblakeya-1951-3dc431b2__00025,drewk-yesterdays-russellcblakeya-1951-3dc431b2,Yesterdays,15,Kenny Drew / Kenny Drew,0,0,data/processed/jtd_group_cv_16/audio_24k_mono/drewk-yesterdays-russellcblakeya-1951-3dc431b2.wav,125.000000,10.000000,24000,1951,Kenny Drew,Kenny Drew
drewk-yesterdays-russellcblakeya-1951-3dc431b2__00026,drewk-yesterdays-russellcblakeya-1951-3dc431b2,Yesterdays,15,Kenny Drew / Kenny Drew,0,0,data/processed/jtd_group_cv_16/audio_24k_mono/drewk-yesterdays-russellcblakeya-1951-3dc431b2.wav,130.000000,10.000000,24000,1951,Kenny Drew,Kenny Drew
drewk-yesterdays-russellcblakeya-1951-3dc431b2__00027,drewk-yesterdays-russellcblakeya-1951-3dc431b2,Yesterdays,15,Kenny Drew / Kenny Drew,0,0,data/processed/jtd_group_cv_16/audio_24k_mono/drewk-yesterdays-russellcblakeya-1951-3dc431b2.wav,135.000000,10.000000,24000,1951,Kenny Drew,Kenny Drew
drewk-yesterdays-russellcblakeya-1951-3dc431b2__00028,drewk-yesterdays-russellcblakeya-1951-3dc431b2,Yesterdays,15,Kenny Drew / Kenny Drew,0,0,data/processed/jtd_group_cv_16/audio_24k_mono/drewk-yesterdays-russellcblakeya-1951-3dc431b2.wav,140.000000,10.000000,24000,1951,Kenny Drew,Kenny Drew
drewk-yesterdays-russellcblakeya-1951-3dc431b2__00029,drewk-yesterdays-russellcblakeya-1951-3dc431b2,Yesterdays,15,Kenny Drew / Kenny Drew,0,0,data/processed/jtd_group_cv_16/audio_24k_mono/drewk-yesterdays-russellcblakeya-1951-3dc431b2.wav,145.000000,10.000000,24000,1951,Kenny Drew,Kenny Drew
drewk-yesterdays-russellcblakeya-1951-3dc431b2__00030,drewk-yesterdays-russellcblakeya-1951-3dc431b2,Yesterdays,15,Kenny Drew / Kenny Drew,0,0,data/processed/jtd_group_cv_16/audio_24k_mono/drewk-yesterdays-russellcblakeya-1951-3dc431b2.wav,150.000000,10.000000,24000,1951,Kenny Drew,Kenny Drew
tynerm-yesterdays-sharpeascotta-1989-47615333__00000,tynerm-yesterdays-sharpeascotta-1989-47615333,Yesterdays,15,McCoy Tyner / McCoy Tyner,5,5,data/processed/jtd_group_cv_16/audio_24k_mono/tynerm-yesterdays-sharpeascotta-1989-47615333.wav,0.000000,10.000000,24000,1989,McCoy Tyner,McCoy Tyner
tynerm-yesterdays-sharpeascotta-1989-47615333__00001,tynerm-yesterdays-sharpeascotta-1989-47615333,Yesterdays,15,McCoy Tyner / McCoy Tyner,5,5,data/processed/jtd_group_cv_16/audio_24k_mono/tynerm-yesterdays-sharpeascotta-1989-47615333.wav,5.000000,10.000000,24000,1989,McCoy Tyner,McCoy Tyner
tynerm-yesterdays-sharpeascotta-1989-47615333__00002,tynerm-yesterdays-sharpeascotta-1989-47615333,Yesterdays,15,McCoy Tyner / McCoy Tyner,5,5,data/processed/jtd_group_cv_16/audio_24k_mono/tynerm-yesterdays-sharpeascotta-1989-47615333.wav,10.000000,10.000000,24000,1989,McCoy Tyner,McCoy Tyner
tynerm-yesterdays-sharpeascotta-1989-47615333__00003,tynerm-yesterdays-sharpeascotta-1989-47615333,Yesterdays,15,McCoy Tyner / McCoy Tyner,5,5,data/processed/jtd_group_cv_16/audio_24k_mono/tynerm-yesterdays-sharpeascotta-1989-47615333.wav,15.000000,10.000000,24000,1989,McCoy Tyner,McCoy Tyner
tynerm-yesterdays-sharpeascotta-1989-47615333__00004,tynerm-yesterdays-sharpeascotta-1989-47615333,Yesterdays,15,McCoy Tyner / McCoy Tyner,5,5,data/processed/jtd_group_cv_16/audio_24k_mono/tynerm-yesterdays-sharpeascotta-1989-47615333.wav,20.000000,10.000000,24000,1989,McCoy Tyner,McCoy Tyner
tynerm-yesterdays-sharpeascotta-1989-47615333__00005,tynerm-yesterdays-sharpeascotta-1989-47615333,Yesterdays,15,McCoy Tyner / McCoy Tyner,5,5,data/processed/jtd_group_cv_16/audio_24k_mono/tynerm-yesterdays-sharpeascotta-1989-47615333.wav,25.000000,10.000000,24000,1989,McCoy Tyner,McCoy Tyner
tynerm-yesterdays-sharpeascotta-1989-47615333__00006,tynerm-yesterdays-sharpeascotta-1989-47615333,Yesterdays,15,McCoy Tyner / McCoy Tyner,5,5,data/processed/jtd_group_cv_16/audio_24k_mono/tynerm-yesterdays-sharpeascotta-1989-47615333.wav,30.000000,10.000000,24000,1989,McCoy Tyner,McCoy Tyner
tynerm-yesterdays-sharpeascotta-1989-47615333__00007,tynerm-yesterdays-sharpeascotta-1989-47615333,Yesterdays,15,McCoy Tyner / McCoy Tyner,5,5,data/processed/jtd_group_cv_16/audio_24k_mono/tynerm-yesterdays-sharpeascotta-1989-47615333.wav,35.000000,10.000000,24000,1989,McCoy Tyner,McCoy Tyner
tynerm-yesterdays-sharpeascotta-1989-47615333__00008,tynerm-yesterdays-sharpeascotta-1989-47615333,Yesterdays,15,McCoy Tyner / McCoy Tyner,5,5,data/processed/jtd_group_cv_16/audio_24k_mono/tynerm-yesterdays-sharpeascotta-1989-47615333.wav,40.000000,10.000000,24000,1989,McCoy Tyner,McCoy Tyner
tynerm-yesterdays-sharpeascotta-1989-47615333__00009,tynerm-yesterdays-sharpeascotta-1989-47615333,Yesterdays,15,McCoy Tyner / McCoy Tyner,5,5,data/processed/jtd_group_cv_16/audio_24k_mono/tynerm-yesterdays-sharpeascotta-1989-47615333.wav,45.000000,10.000000,24000,1989,McCoy Tyner,McCoy Tyner
tynerm-yesterdays-sharpeascotta-1989-47615333__00010,tynerm-yesterdays-sharpeascotta-1989-47615333,Yesterdays,15,McCoy Tyner / McCoy Tyner,5,5,data/processed/jtd_group_cv_16/audio_24k_mono/tynerm-yesterdays-sharpeascotta-1989-47615333.wav,50.000000,10.000000,24000,1989,McCoy Tyner,McCoy Tyner
tynerm-yesterdays-sharpeascotta-1989-47615333__00011,tynerm-yesterdays-sharpeascotta-1989-47615333,Yesterdays,15,McCoy Tyner / McCoy Tyner,5,5,data/processed/jtd_group_cv_16/audio_24k_mono/tynerm-yesterdays-sharpeascotta-1989-47615333.wav,55.000000,10.000000,24000,1989,McCoy Tyner,McCoy Tyner
tynerm-yesterdays-sharpeascotta-1989-47615333__00012,tynerm-yesterdays-sharpeascotta-1989-47615333,Yesterdays,15,McCoy Tyner / McCoy Tyner,5,5,data/processed/jtd_group_cv_16/audio_24k_mono/tynerm-yesterdays-sharpeascotta-1989-47615333.wav,60.000000,10.000000,24000,1989,McCoy Tyner,McCoy Tyner
tynerm-yesterdays-sharpeascotta-1989-47615333__00013,tynerm-yesterdays-sharpeascotta-1989-47615333,Yesterdays,15,McCoy Tyner / McCoy Tyner,5,5,data/processed/jtd_group_cv_16/audio_24k_mono/tynerm-yesterdays-sharpeascotta-1989-47615333.wav,65.000000,10.000000,24000,1989,McCoy Tyner,McCoy Tyner
tynerm-yesterdays-sharpeascotta-1989-47615333__00014,tynerm-yesterdays-sharpeascotta-1989-47615333,Yesterdays,15,McCoy Tyner / McCoy Tyner,5,5,data/processed/jtd_group_cv_16/audio_24k_mono/tynerm-yesterdays-sharpeascotta-1989-47615333.wav,70.000000,10.000000,24000,1989,McCoy Tyner,McCoy Tyner
tynerm-yesterdays-sharpeascotta-1989-47615333__00015,tynerm-yesterdays-sharpeascotta-1989-47615333,Yesterdays,15,McCoy Tyner / McCoy Tyner,5,5,data/processed/jtd_group_cv_16/audio_24k_mono/tynerm-yesterdays-sharpeascotta-1989-47615333.wav,75.000000,10.000000,24000,1989,McCoy Tyner,McCoy Tyner
tynerm-yesterdays-sharpeascotta-1989-47615333__00016,tynerm-yesterdays-sharpeascotta-1989-47615333,Yesterdays,15,McCoy Tyner / McCoy Tyner,5,5,data/processed/jtd_group_cv_16/audio_24k_mono/tynerm-yesterdays-sharpeascotta-1989-47615333.wav,80.000000,10.000000,24000,1989,McCoy Tyner,McCoy Tyner
tynerm-yesterdays-sharpeascotta-1989-47615333__00017,tynerm-yesterdays-sharpeascotta-1989-47615333,Yesterdays,15,McCoy Tyner / McCoy Tyner,5,5,data/processed/jtd_group_cv_16/audio_24k_mono/tynerm-yesterdays-sharpeascotta-1989-47615333.wav,85.000000,10.000000,24000,1989,McCoy Tyner,McCoy Tyner
tynerm-yesterdays-sharpeascotta-1989-47615333__00018,tynerm-yesterdays-sharpeascotta-1989-47615333,Yesterdays,15,McCoy Tyner / McCoy Tyner,5,5,data/processed/jtd_group_cv_16/audio_24k_mono/tynerm-yesterdays-sharpeascotta-1989-47615333.wav,90.000000,10.000000,24000,1989,McCoy Tyner,McCoy Tyner
tynerm-yesterdays-sharpeascotta-1989-47615333__00019,tynerm-yesterdays-sharpeascotta-1989-47615333,Yesterdays,15,McCoy Tyner / McCoy Tyner,5,5,data/processed/jtd_group_cv_16/audio_24k_mono/tynerm-yesterdays-sharpeascotta-1989-47615333.wav,95.000000,10.000000,24000,1989,McCoy Tyner,McCoy Tyner
tynerm-yesterdays-sharpeascotta-1989-47615333__00020,tynerm-yesterdays-sharpeascotta-1989-47615333,Yesterdays,15,McCoy Tyner / McCoy Tyner,5,5,data/processed/jtd_group_cv_16/audio_24k_mono/tynerm-yesterdays-sharpeascotta-1989-47615333.wav,100.000000,10.000000,24000,1989,McCoy Tyner,McCoy Tyner
tynerm-yesterdays-sharpeascotta-1989-47615333__00021,tynerm-yesterdays-sharpeascotta-1989-47615333,Yesterdays,15,McCoy Tyner / McCoy Tyner,5,5,data/processed/jtd_group_cv_16/audio_24k_mono/tynerm-yesterdays-sharpeascotta-1989-47615333.wav,105.000000,10.000000,24000,1989,McCoy Tyner,McCoy Tyner
tynerm-yesterdays-sharpeascotta-1989-47615333__00022,tynerm-yesterdays-sharpeascotta-1989-47615333,Yesterdays,15,McCoy Tyner / McCoy Tyner,5,5,data/processed/jtd_group_cv_16/audio_24k_mono/tynerm-yesterdays-sharpeascotta-1989-47615333.wav,110.000000,10.000000,24000,1989,McCoy Tyner,McCoy Tyner
tynerm-yesterdays-sharpeascotta-1989-47615333__00023,tynerm-yesterdays-sharpeascotta-1989-47615333,Yesterdays,15,McCoy Tyner / McCoy Tyner,5,5,data/processed/jtd_group_cv_16/audio_24k_mono/tynerm-yesterdays-sharpeascotta-1989-47615333.wav,115.000000,10.000000,24000,1989,McCoy Tyner,McCoy Tyner
tynerm-yesterdays-sharpeascotta-1989-47615333__00024,tynerm-yesterdays-sharpeascotta-1989-47615333,Yesterdays,15,McCoy Tyner / McCoy Tyner,5,5,data/processed/jtd_group_cv_16/audio_24k_mono/tynerm-yesterdays-sharpeascotta-1989-47615333.wav,120.000000,10.000000,24000,1989,McCoy Tyner,McCoy Tyner
tynerm-yesterdays-sharpeascotta-1989-47615333__00025,tynerm-yesterdays-sharpeascotta-1989-47615333,Yesterdays,15,McCoy Tyner / McCoy Tyner,5,5,data/processed/jtd_group_cv_16/audio_24k_mono/tynerm-yesterdays-sharpeascotta-1989-47615333.wav,125.000000,10.000000,24000,1989,McCoy Tyner,McCoy Tyner
tynerm-yesterdays-sharpeascotta-1989-47615333__00026,tynerm-yesterdays-sharpeascotta-1989-47615333,Yesterdays,15,McCoy Tyner / McCoy Tyner,5,5,data/processed/jtd_group_cv_16/audio_24k_mono/tynerm-yesterdays-sharpeascotta-1989-47615333.wav,130.000000,10.000000,24000,1989,McCoy Tyner,McCoy Tyner
tynerm-yesterdays-sharpeascotta-1989-47615333__00027,tynerm-yesterdays-sharpeascotta-1989-47615333,Yesterdays,15,McCoy Tyner / McCoy Tyner,5,5,data/processed/jtd_group_cv_16/audio_24k_mono/tynerm-yesterdays-sharpeascotta-1989-47615333.wav,135.000000,10.000000,24000,1989,McCoy Tyner,McCoy Tyner
tynerm-yesterdays-sharpeascotta-1989-47615333__00028,tynerm-yesterdays-sharpeascotta-1989-47615333,Yesterdays,15,McCoy Tyner / McCoy Tyner,5,5,data/processed/jtd_group_cv_16/audio_24k_mono/tynerm-yesterdays-sharpeascotta-1989-47615333.wav,140.000000,10.000000,24000,1989,McCoy Tyner,McCoy Tyner
tynerm-yesterdays-sharpeascotta-1989-47615333__00029,tynerm-yesterdays-sharpeascotta-1989-47615333,Yesterdays,15,McCoy Tyner / McCoy Tyner,5,5,data/processed/jtd_group_cv_16/audio_24k_mono/tynerm-yesterdays-sharpeascotta-1989-47615333.wav,145.000000,10.000000,24000,1989,McCoy Tyner,McCoy Tyner
brownr-yesterdays-smithpbellsonl-1978-6357e74c__00000,brownr-yesterdays-smithpbellsonl-1978-6357e74c,Yesterdays,15,Ray Brown / Paul Smith,4,4,data/processed/jtd_group_cv_16/audio_24k_mono/brownr-yesterdays-smithpbellsonl-1978-6357e74c.wav,0.000000,10.000000,24000,1978,Ray Brown,Paul Smith
brownr-yesterdays-smithpbellsonl-1978-6357e74c__00001,brownr-yesterdays-smithpbellsonl-1978-6357e74c,Yesterdays,15,Ray Brown / Paul Smith,4,4,data/processed/jtd_group_cv_16/audio_24k_mono/brownr-yesterdays-smithpbellsonl-1978-6357e74c.wav,5.000000,10.000000,24000,1978,Ray Brown,Paul Smith
brownr-yesterdays-smithpbellsonl-1978-6357e74c__00002,brownr-yesterdays-smithpbellsonl-1978-6357e74c,Yesterdays,15,Ray Brown / Paul Smith,4,4,data/processed/jtd_group_cv_16/audio_24k_mono/brownr-yesterdays-smithpbellsonl-1978-6357e74c.wav,10.000000,10.000000,24000,1978,Ray Brown,Paul Smith
brownr-yesterdays-smithpbellsonl-1978-6357e74c__00003,brownr-yesterdays-smithpbellsonl-1978-6357e74c,Yesterdays,15,Ray Brown / Paul Smith,4,4,data/processed/jtd_group_cv_16/audio_24k_mono/brownr-yesterdays-smithpbellsonl-1978-6357e74c.wav,15.000000,10.000000,24000,1978,Ray Brown,Paul Smith
brownr-yesterdays-smithpbellsonl-1978-6357e74c__00004,brownr-yesterdays-smithpbellsonl-1978-6357e74c,Yesterdays,15,Ray Brown / Paul Smith,4,4,data/processed/jtd_group_cv_16/audio_24k_mono/brownr-yesterdays-smithpbellsonl-1978-6357e74c.wav,20.000000,10.000000,24000,1978,Ray Brown,Paul Smith
brownr-yesterdays-smithpbellsonl-1978-6357e74c__00005,brownr-yesterdays-smithpbellsonl-1978-6357e74c,Yesterdays,15,Ray Brown / Paul Smith,4,4,data/processed/jtd_group_cv_16/audio_24k_mono/brownr-yesterdays-smithpbellsonl-1978-6357e74c.wav,25.000000,10.000000,24000,1978,Ray Brown,Paul Smith
brownr-yesterdays-smithpbellsonl-1978-6357e74c__00006,brownr-yesterdays-smithpbellsonl-1978-6357e74c,Yesterdays,15,Ray Brown / Paul Smith,4,4,data/processed/jtd_group_cv_16/audio_24k_mono/brownr-yesterdays-smithpbellsonl-1978-6357e74c.wav,30.000000,10.000000,24000,1978,Ray Brown,Paul Smith
