fold,split,window_id,sample_id,label,label_index,group_id,group_index,cv_index,audio_path,start_sec,duration_sec,sample_rate,year,bandleader,pianist
3,train,jamala-allthethingsyouare-heardjisraely-1992-5d32f8fa__00000,jamala-allthethingsyouare-heardjisraely-1992-5d32f8fa,All the Things You Are,0,Ahmad Jamal / Ahmad Jamal,1,1,data/processed/jtd_group_cv_16/audio_24k_mono/jamala-allthethingsyouare-heardjisraely-1992-5d32f8fa.wav,0.000000,20.000000,24000,1992,Ahmad Jamal,Ahmad Jamal
3,train,jamala-allthethingsyouare-heardjisraely-1992-5d32f8fa__00001,jamala-allthethingsyouare-heardjisraely-1992-5d32f8fa,All the Things You Are,0,Ahmad Jamal / Ahmad Jamal,1,1,data/processed/jtd_group_cv_16/audio_24k_mono/jamala-allthethingsyouare-heardjisraely-1992-5d32f8fa.wav,10.000000,20.000000,24000,1992,Ahmad Jamal,Ahmad Jamal
3,train,jamala-allthethingsyouare-heardjisraely-1992-5d32f8fa__00002,jamala-allthethingsyouare-heardjisraely-1992-5d32f8fa,All the Things You Are,0,Ahmad Jamal / Ahmad Jamal,1,1,data/processed/jtd_group_cv_16/audio_24k_mono/jamala-allthethingsyouare-heardjisraely-1992-5d32f8fa.wav,20.000000,20.000000,24000,1992,Ahmad Jamal,Ahmad Jamal
3,train,jamala-allthethingsyouare-heardjisraely-1992-5d32f8fa__00003,jamala-allthethingsyouare-heardjisraely-1992-5d32f8fa,All the Things You Are,0,Ahmad Jamal / Ahmad Jamal,1,1,data/processed/jtd_group_cv_16/audio_24k_mono/jamala-allthethingsyouare-heardjisraely-1992-5d32f8fa.wav,30.000000,20.000000,24000,1992,Ahmad Jamal,Ahmad Jamal
3,train,jamala-allthethingsyouare-heardjisraely-1992-5d32f8fa__00004,jamala-allthethingsyouare-heardjisraely-1992-5d32f8fa,All the Things You Are,0,Ahmad Jamal / Ahmad Jamal,1,1,data/processed/jtd_group_cv_16/audio_24k_mono/jamala-allthethingsyouare-heardjisraely-1992-5d32f8fa.wav,40.000000,20.000000,24000,1992,Ahmad Jamal,Ahmad Jamal
3,train,jamala-allthethingsyouare-heardjisraely-1992-5d32f8fa__00005,jamala-allthethingsyouare-heardjisraely-1992-5d32f8fa,All the Things You Are,0,Ahmad Jamal / Ahmad Jamal,1,1,data/processed/jtd_group_cv_16/audio_24k_mono/jamala-allthethingsyouare-heardjisraely-1992-5d32f8fa.wav,50.000000,20.000000,24000,1992,Ahmad Jamal,Ahmad Jamal
3,train,jamala-allthethingsyouare-heardjisraely-1992-5d32f8fa__00006,jamala-allthethingsyouare-heardjisraely-1992-5d32f8fa,All the Things You Are,0,Ahmad Jamal / Ahmad Jamal,1,1,data/processed/jtd_group_cv_16/audio_24k_mono/jamala-allthethingsyouare-heardjisraely-1992-5d32f8fa.wav,60.000000,20.000000,24000,1992,Ahmad Jamal,Ahmad Jamal
3,train,jamala-allthethingsyouare-heardjisraely-1992-5d32f8fa__00007,jamala-allthethingsyouare-heardjisraely-1992-5d32f8fa,All the Things You Are,0,Ahmad Jamal / Ahmad Jamal,1,1,data/processed/jtd_group_cv_16/audio_24k_mono/jamala-allthethingsyouare-heardjisraely-1992-5d32f8fa.wav,70.000000,20.000000,24000,1992,Ahmad Jamal,Ahmad Jamal
3,train,waltonc-allthethingsyouare-carterrdejohnettej-1983-2ecfa73e__00000,waltonc-allthethingsyouare-carterrdejohnettej-1983-2ecfa73e,All the Things You Are,0,Cedar Walton / Cedar Walton,0,0,data/processed/jtd_group_cv_16/audio_24k_mono/waltonc-allthethingsyouare-carterrdejohnettej-1983-2ecfa73e.wav,0.000000,20.000000,24000,1983,Cedar Walton,Cedar Walton
3,train,waltonc-allthethingsyouare-carterrdejohnettej-1983-2ecfa73e__00001,waltonc-allthethingsyouare-carterrdejohnettej-1983-2ecfa73e,All the Things You Are,0,Cedar Walton / Cedar Walton,0,0,data/processed/jtd_group_cv_16/audio_24k_mono/waltonc-allthethingsyouare-carterrdejohnettej-1983-2ecfa73e.wav,10.000000,20.000000,24000,1983,Cedar Walton,Cedar Walton
3,train,waltonc-allthethingsyouare-carterrdejohnettej-1983-2ecfa73e__00002,waltonc-allthethingsyouare-carterrdejohnettej-1983-2ecfa73e,All the Things You Are,0,Cedar Walton / Cedar Walton,0,0,data/processed/jtd_group_cv_16/audio_24k_mono/waltonc-allthethingsyouare-carterrdejohnettej-1983-2ecfa73e.wav,20.000000,20.000000,24000,1983,Cedar Walton,Cedar Walton
3,train,waltonc-allthethingsyouare-carterrdejohnettej-1983-2ecfa73e__00003,waltonc-allthethingsyouare-carterrdejohnettej-1983-2ecfa73e,All the Things You Are,0,Cedar Walton / Cedar Walton,0,0,data/processed/jtd_group_cv_16/audio_24k_mono/waltonc-allthethingsyouare-carterrdejohnettej-1983-2ecfa73e.wav,30.000000,20.000000,24000,1983,Cedar Walton,Cedar Walton
3,train,waltonc-allthethingsyouare-carterrdejohnettej-1983-2ecfa73e__00004,waltonc-allthethingsyouare-carterrdejohnettej-1983-2ecfa73e,All the Things You Are,0,Cedar Walton / Cedar Walton,0,0,data/processed/jtd_group_cv_16/audio_24k_mono/waltonc-allthethingsyouare-carterrdejohnettej-1983-2ecfa73e.wav,40.000000,20.000000,24000,1983,Cedar Walton,Cedar Walton
3,train,waltonc-allthethingsyouare-carterrdejohnettej-1983-2ecfa73e__00005,waltonc-allthethingsyouare-carterrdejohnettej-1983-2ecfa73e,All the Things You Are,0,Cedar Walton / Cedar Walton,0,0,data/processed/jtd_group_cv_16/audio_24k_mono/waltonc-allthethingsyouare-carterrdejohnettej-1983-2ecfa73e.wav,50.000000,20.000000,24000,1983,Cedar Walton,Cedar Walton
3,train,waltonc-allthethingsyouare-carterrdejohnettej-1983-2ecfa73e__00006,waltonc-allthethingsyouare-carterrdejohnettej-1983-2ecfa73e,All the Things You Are,0,Cedar Walton / Cedar Walton,0,0,data/processed/jtd_group_cv_16/audio_24k_mono/waltonc-allthethingsyouare-carterrdejohnettej-1983-2ecfa73e.wav,60.000000,20.000000,24000,1983,Cedar Walton,Cedar Walton
3,train,waltonc-allthethingsyouare-carterrdejohnettej-1983-2ecfa73e__00007,waltonc-allthethingsyouare-carterrdejohnettej-1983-2ecfa73e,All the Things You Are,0,Cedar Walton / Cedar Walton,0,0,data/processed/jtd_group_cv_16/audio_24k_mono/waltonc-allthethingsyouare-carterrdejohnettej-1983-2ecfa73e.wav,70.000000,20.000000,24000,1983,Cedar Walton,Cedar Walton
3,train,waltonc-allthethingsyouare-carterrdejohnettej-1983-2ecfa73e__00008,waltonc-allthethingsyouare-carterrdejohnettej-1983-2ecfa73e,All the Things You Are,0,Cedar Walton / Cedar Walton,0,0,data/processed/jtd_group_cv_16/audio_24k_mono/waltonc-allthethingsyouare-carterrdejohnettej-1983-2ecfa73e.wav,80.000000,20.000000,24000,1983,Cedar Walton,Cedar Walton
3,train,waltonc-allthethingsyouare-carterrdejohnettej-1983-2ecfa73e__00009,waltonc-allthethingsyouare-carterrdejohnettej-1983-2ecfa73e,All the Things You Are,0,Cedar Walton / Cedar Walton,0,0,data/processed/jtd_group_cv_16/audio_24k_mono/waltonc-allthethingsyouare-carterrdejohnettej-1983-2ecfa73e.wav,90.000000,20.000000,24000,1983,Cedar Walton,Cedar Walton
3,train,waltonc-allthethingsyouare-carterrdejohnettej-1983-2ecfa73e__00010,waltonc-allthethingsyouare-carterrdejohnettej-1983-2ecfa73e,All the Things You Are,0,Cedar Walton / Cedar Walton,0,0,data/processed/jtd_group_cv_16/audio_24k_mono/waltonc-allthethingsyouare-carterrdejohnettej-1983-2ecfa73e.wav,100.000000,20.000000,24000,1983,Cedar Walton,Cedar Walton
3,train,waltonc-allthethingsyouare-carterrdejohnettej-1983-2ecfa73e__00011,waltonc-allthethingsyouare-carterrdejohnettej-1983-2ecfa73e,All the Things You Are,0,Cedar Walton / Cedar Walton,0,0,data/processed/jtd_group_cv_16/audio_24k_mono/waltonc-allthethingsyouare-carterrdejohnettej-1983-2ecfa73e.wav,110.000000,20.000000,24000,1983,Cedar Walton,Cedar Walton
3,train,waltonc-allthethingsyouare-carterrdejohnettej-1983-2ecfa73e__00012,waltonc-allthethingsyouare-carterrdejohnettej-1983-2ecfa73e,All the Things You Are,0,Cedar Walton / Cedar Walton,0,0,data/processed/jtd_group_cv_16/audio_24k_mono/waltonc-allthethingsyouare-carterrdejohnettej-1983-2ecfa73e.wav,120.000000,20.000000,24000,1983,Cedar Walton,Cedar Walton
3,train,bleyp-allthethingsyouare-lundgaardjhartb-1985-258273cb__00000,bleyp-allthethingsyouare-lundgaardjhartb-1985-258273cb,All the Things You Are,0,Paul Bley / Paul Bley,2,2,data/processed/jtd_group_cv_16/audio_24k_mono/bleyp-allthethingsyouare-lundgaardjhartb-1985-258273cb.wav,0.000000,20.000000,24000,1985,Paul Bley,Paul Bley
3,train,bleyp-allthethingsyouare-lundgaardjhartb-1985-258273cb__00001,bleyp-allthethingsyouare-lundgaardjhartb-1985-258273cb,All the Things You Are,0,Paul Bley / Paul Bley,2,2,data/processed/jtd_group_cv_16/audio_24k_mono/bleyp-allthethingsyouare-lundgaardjhartb-1985-258273cb.wav,10.000000,20.000000,24000,1985,Paul Bley,Paul Bley
3,train,bleyp-allthethingsyouare-lundgaardjhartb-1985-258273cb__00002,bleyp-allthethingsyouare-lundgaardjhartb-1985-258273cb,All the Things You Are,0,Paul Bley / Paul Bley,2,2,data/processed/jtd_group_cv_16/audio_24k_mono/bleyp-allthethingsyouare-lundgaardjhartb-1985-258273cb.wav,20.000000,20.000000,24000,1985,Paul Bley,Paul Bley
3,train,bleyp-allthethingsyouare-lundgaardjhartb-1985-258273cb__00003,bleyp-allthethingsyouare-lundgaardjhartb-1985-258273cb,All the Things You Are,0,Paul Bley / Paul Bley,2,2,data/processed/jtd_group_cv_16/audio_24k_mono/bleyp-allthethingsyouare-lundgaardjhartb-1985-258273cb.wav,30.000000,20.000000,24000,1985,Paul Bley,Paul Bley
3,train,bleyp-allthethingsyouare-lundgaardjhartb-1985-258273cb__00004,bleyp-allthethingsyouare-lundgaardjhartb-1985-258273cb,All the Things You Are,0,Paul Bley / Paul Bley,2,2,data/processed/jtd_group_cv_16/audio_24k_mono/bleyp-allthethingsyouare-lundgaardjhartb-1985-258273cb.wav,40.000000,20.000000,24000,1985,Paul Bley,Paul Bley
3,train,bleyp-allthethingsyouare-lundgaardjhartb-1985-258273cb__00005,bleyp-allthethingsyouare-lundgaardjhartb-1985-258273cb,All the Things You Are,0,Paul Bley / Paul Bley,2,2,data/processed/jtd_group_cv_16/audio_24k_mono/bleyp-allthethingsyouare-lundgaardjhartb-1985-258273cb.wav,50.000000,20.000000,24000,1985,Paul Bley,Paul Bley
3,train,bleyp-allthethingsyouare-lundgaardjhartb-1985-258273cb__00006,bleyp-allthethingsyouare-lundgaardjhartb-1985-258273cb,All the Things You Are,0,Paul Bley / Paul Bley,2,2,data/processed/jtd_group_cv_16/audio_24k_mono/bleyp-allthethingsyouare-lundgaardjhartb-1985-258273cb.wav,60.000000,20.000000,24000,1985,Paul Bley,Paul Bley
3,train,evansb-autumnleaves-johnsonmlabarberaj-1980-902d3125__00000,evansb-autumnleaves-johnsonmlabarberaj-1980-902d3125,Autumn Leaves,1,Bill Evans / Bill Evans,1,1,data/processed/jtd_group_cv_16/audio_24k_mono/evansb-autumnleaves-johnsonmlabarberaj-1980-902d3125.wav,0.000000,20.000000,24000,1980,Bill Evans,Bill Evans
3,train,evansb-autumnleaves-johnsonmlabarberaj-1980-902d3125__00001,evansb-autumnleaves-johnsonmlabarberaj-1980-902d3125,Autumn Leaves,1,Bill Evans / Bill Evans,1,1,data/processed/jtd_group_cv_16/audio_24k_mono/evansb-autumnleaves-johnsonmlabarberaj-1980-902d3125.wav,10.000000,20.000000,24000,1980,Bill Evans,Bill Evans
3,train,evansb-autumnleaves-johnsonmlabarberaj-1980-902d3125__00002,evansb-autumnleaves-johnsonmlabarberaj-1980-902d3125,Autumn Leaves,1,Bill Evans / Bill Evans,1,1,data/processed/jtd_group_cv_16/audio_24k_mono/evansb-autumnleaves-johnsonmlabarberaj-1980-902d3125.wav,20.000000,20.000000,24000,1980,Bill Evans,Bill Evans
3,train,coreac-autumnleaves-patituccijweckld-1989-9f758273__00000,coreac-autumnleaves-patituccijweckld-1989-9f758273,Autumn Leaves,1,Chick Corea / Chick Corea,2,2,data/processed/jtd_group_cv_16/audio_24k_mono/coreac-autumnleaves-patituccijweckld-1989-9f758273.wav,0.000000,20.000000,24000,1989,Chick Corea,Chick Corea
3,train,coreac-autumnleaves-patituccijweckld-1989-9f758273__00001,coreac-autumnleaves-patituccijweckld-1989-9f758273,Autumn Leaves,1,Chick Corea / Chick Corea,2,2,data/processed/jtd_group_cv_16/audio_24k_mono/coreac-autumnleaves-patituccijweckld-1989-9f758273.wav,10.000000,20.000000,24000,1989,Chick Corea,Chick Corea
3,train,coreac-autumnleaves-patituccijweckld-1989-9f758273__00002,coreac-autumnleaves-patituccijweckld-1989-9f758273,Autumn Leaves,1,Chick Corea / Chick Corea,2,2,data/processed/jtd_group_cv_16/audio_24k_mono/coreac-autumnleaves-patituccijweckld-1989-9f758273.wav,20.000000,20.000000,24000,1989,Chick Corea,Chick Corea
3,train,coreac-autumnleaves-patituccijweckld-1989-9f758273__00003,coreac-autumnleaves-patituccijweckld-1989-9f758273,Autumn Leaves,1,Chick Corea / Chick Corea,2,2,data/processed/jtd_group_cv_16/audio_24k_mono/coreac-autumnleaves-patituccijweckld-1989-9f758273.wav,30.000000,20.000000,24000,1989,Chick Corea,Chick Corea
3,train,coreac-autumnleaves-patituccijweckld-1989-9f758273__00004,coreac-autumnleaves-patituccijweckld-1989-9f758273,Autumn Leaves,1,Chick Corea / Chick Corea,2,2,data/processed/jtd_group_cv_16/audio_24k_mono/coreac-autumnleaves-patituccijweckld-1989-9f758273.wav,40.000000,20.000000,24000,1989,Chick Corea,Chick Corea
3,train,coreac-autumnleaves-patituccijweckld-1989-9f758273__00005,coreac-autumnleaves-patituccijweckld-1989-9f758273,Autumn Leaves,1,Chick Corea / Chick Corea,2,2,data/processed/jtd_group_cv_16/audio_24k_mono/coreac-autumnleaves-patituccijweckld-1989-9f758273.wav,50.000000,20.000000,24000,1989,Chick Corea,Chick Corea
3,train,coreac-autumnleaves-patituccijweckld-1989-9f758273__00006,coreac-autumnleaves-patituccijweckld-1989-9f758273,Autumn Leaves,1,Chick Corea / Chick Corea,2,2,data/processed/jtd_group_cv_16/audio_24k_mono/coreac-autumnleaves-patituccijweckld-1989-9f758273.wav,60.000000,20.000000,24000,1989,Chick Corea,Chick Corea
3,train,coreac-autumnleaves-patituccijweckld-1989-9f758273__00007,coreac-autumnleaves-patituccijweckld-1989-9f758273,Autumn Leaves,1,Chick Corea / Chick Corea,2,2,data/processed/jtd_group_cv_16/audio_24k_mono/coreac-autumnleaves-patituccijweckld-1989-9f758273.wav,70.000000,20.000000,24000,1989,Chick Corea,Chick Corea
3,train,coreac-autumnleaves-patituccijweckld-1989-9f758273__00008,coreac-autumnleaves-patituccijweckld-1989-9f758273,Autumn Leaves,1,Chick Corea / Chick Corea,2,2,data/processed/jtd_group_cv_16/audio_24k_mono/coreac-autumnleaves-patituccijweckld-1989-9f758273.wav,80.000000,20.000000,24000,1989,Chick Corea,Chick Corea
3,train,coreac-autumnleaves-patituccijweckld-1989-9f758273__00009,coreac-autumnleaves-patituccijweckld-1989-9f758273,Autumn Leaves,1,Chick Corea / Chick Corea,2,2,data/processed/jtd_group_cv_16/audio_24k_mono/coreac-autumnleaves-patituccijweckld-1989-9f758273.wav,90.000000,20.000000,24000,1989,Chick Corea,Chick Corea
3,train,coreac-autumnleaves-patituccijweckld-1989-9f758273__00010,coreac-autumnleaves-patituccijweckld-1989-9f758273,Autumn Leaves,1,Chick Corea / Chick Corea,2,2,data/processed/jtd_group_cv_16/audio_24k_mono/coreac-autumnleaves-patituccijweckld-1989-9f758273.wav,100.000000,20.000000,24000,1989,Chick Corea,Chick Corea
3,train,hawesh-autumnleaves-woodejclarkek-1958-ef338e87__00000,hawesh-autumnleaves-woodejclarkek-1958-ef338e87,Autumn Leaves,1,Hampton Hawes / Hampton Hawes,4,4,data/processed/jtd_group_cv_16/audio_24k_mono/hawesh-autumnleaves-woodejclarkek-1958-ef338e87.wav,0.000000,20.000000,24000,1958,Hampton Hawes,Hampton Hawes
3,train,hawesh-autumnleaves-woodejclarkek-1958-ef338e87__00001,hawesh-autumnleaves-woodejclarkek-1958-ef338e87,Autumn Leaves,1,Hampton Hawes / Hampton Hawes,4,4,data/processed/jtd_group_cv_16/audio_24k_mono/hawesh-autumnleaves-woodejclarkek-1958-ef338e87.wav,10.000000,20.000000,24000,1958,Hampton Hawes,Hampton Hawes
3,train,hawesh-autumnleaves-woodejclarkek-1958-ef338e87__00002,hawesh-autumnleaves-woodejclarkek-1958-ef338e87,Autumn Leaves,1,Hampton Hawes / Hampton Hawes,4,4,data/processed/jtd_group_cv_16/audio_24k_mono/hawesh-autumnleaves-woodejclarkek-1958-ef338e87.wav,20.000000,20.000000,24000,1958,Hampton Hawes,Hampton Hawes
3,train,hawesh-autumnleaves-woodejclarkek-1958-ef338e87__00003,hawesh-autumnleaves-woodejclarkek-1958-ef338e87,Autumn Leaves,1,Hampton Hawes / Hampton Hawes,4,4,data/processed/jtd_group_cv_16/audio_24k_mono/hawesh-autumnleaves-woodejclarkek-1958-ef338e87.wav,30.000000,20.000000,24000,1958,Hampton Hawes,Hampton Hawes
3,train,hawesh-autumnleaves-woodejclarkek-1958-ef338e87__00004,hawesh-autumnleaves-woodejclarkek-1958-ef338e87,Autumn Leaves,1,Hampton Hawes / Hampton Hawes,4,4,data/processed/jtd_group_cv_16/audio_24k_mono/hawesh-autumnleaves-woodejclarkek-1958-ef338e87.wav,40.000000,20.000000,24000,1958,Hampton Hawes,Hampton Hawes
3,train,hawesh-autumnleaves-woodejclarkek-1958-ef338e87__00005,hawesh-autumnleaves-woodejclarkek-1958-ef338e87,Autumn Leaves,1,Hampton Hawes / Hampton Hawes,4,4,data/processed/jtd_group_cv_16/audio_24k_mono/hawesh-autumnleaves-woodejclarkek-1958-ef338e87.wav,50.000000,20.000000,24000,1958,Hampton Hawes,Hampton Hawes
3,train,hawesh-autumnleaves-woodejclarkek-1958-ef338e87__00006,hawesh-autumnleaves-woodejclarkek-1958-ef338e87,Autumn Leaves,1,Hampton Hawes / Hampton Hawes,4,4,data/processed/jtd_group_cv_16/audio_24k_mono/hawesh-autumnleaves-woodejclarkek-1958-ef338e87.wav,60.000000,20.000000,24000,1958,Hampton Hawes,Hampton Hawes
3,train,hawesh-autumnleaves-woodejclarkek-1958-ef338e87__00007,hawesh-autumnleaves-woodejclarkek-1958-ef338e87,Autumn Leaves,1,Hampton Hawes / Hampton Hawes,4,4,data/processed/jtd_group_cv_16/audio_24k_mono/hawesh-autumnleaves-woodejclarkek-1958-ef338e87.wav,70.000000,20.000000,24000,1958,Hampton Hawes,Hampton Hawes
3,train,hawesh-autumnleaves-woodejclarkek-1958-ef338e87__00008,hawesh-autumnleaves-woodejclarkek-1958-ef338e87,Autumn Leaves,1,Hampton Hawes / Hampton Hawes,4,4,data/processed/jtd_group_cv_16/audio_24k_mono/hawesh-autumnleaves-woodejclarkek-1958-ef338e87.wav,80.000000,20.000000,24000,1958,Hampton Hawes,Hampton Hawes
3,train,hawesh-autumnleaves-woodejclarkek-1958-ef338e87__00009,hawesh-autumnleaves-woodejclarkek-1958-ef338e87,Autumn Leaves,1,Hampton Hawes / Hampton Hawes,4,4,data/processed/jtd_group_cv_16/audio_24k_mono/hawesh-autumnleaves-woodejclarkek-1958-ef338e87.wav,90.000000,20.000000,24000,1958,Hampton Hawes,Hampton Hawes
3,train,hawesh-autumnleaves-woodejclarkek-1958-ef338e87__00010,hawesh-autumnleaves-woodejclarkek-1958-ef338e87,Autumn Leaves,1,Hampton Hawes / Hampton Hawes,4,4,data/processed/jtd_group_cv_16/audio_24k_mono/hawesh-autumnleaves-woodejclarkek-1958-ef338e87.wav,100.000000,20.000000,24000,1958,Hampton Hawes,Hampton Hawes
3,train,hawesh-autumnleaves-woodejclarkek-1958-ef338e87__00011,hawesh-autumnleaves-woodejclarkek-1958-ef338e87,Autumn Leaves,1,Hampton Hawes / Hampton Hawes,4,4,data/processed/jtd_group_cv_16/audio_24k_mono/hawesh-autumnleaves-woodejclarkek-1958-ef338e87.wav,110.000000,20.000000,24000,1958,Hampton Hawes,Hampton Hawes
3,train,hawesh-autumnleaves-woodejclarkek-1958-ef338e87__00012,hawesh-autumnleaves-woodejclarkek-1958-ef338e87,Autumn Leaves,1,Hampton Hawes / Hampton Hawes,4,4,data/processed/jtd_group_cv_16/audio_24k_mono/hawesh-autumnleaves-woodejclarkek-1958-ef338e87.wav,120.000000,20.000000,24000,1958,Hampton Hawes,Hampton Hawes
3,train,hicksj-autumnleaves-drummondrmuhammadi-1990-17727f5d__00000,hicksj-autumnleaves-drummondrmuhammadi-1990-17727f5d,Autumn Leaves,1,John Hicks / John Hicks,6,6,data/processed/jtd_group_cv_16/audio_24k_mono/hicksj-autumnleaves-drummondrmuhammadi-1990-17727f5d.wav,0.000000,20.000000,24000,1990,John Hicks,John Hicks
3,train,hicksj-autumnleaves-drummondrmuhammadi-1990-17727f5d__00001,hicksj-autumnleaves-drummondrmuhammadi-1990-17727f5d,Autumn Leaves,1,John Hicks / John Hicks,6,6,data/processed/jtd_group_cv_16/audio_24k_mono/hicksj-autumnleaves-drummondrmuhammadi-1990-17727f5d.wav,10.000000,20.000000,24000,1990,John Hicks,John Hicks
3,train,hicksj-autumnleaves-drummondrmuhammadi-1990-17727f5d__00002,hicksj-autumnleaves-drummondrmuhammadi-1990-17727f5d,Autumn Leaves,1,John Hicks / John Hicks,6,6,data/processed/jtd_group_cv_16/audio_24k_mono/hicksj-autumnleaves-drummondrmuhammadi-1990-17727f5d.wav,20.000000,20.000000,24000,1990,John Hicks,John Hicks
3,train,hicksj-autumnleaves-drummondrmuhammadi-1990-17727f5d__00003,hicksj-autumnleaves-drummondrmuhammadi-1990-17727f5d,Autumn Leaves,1,John Hicks / John Hicks,6,6,data/processed/jtd_group_cv_16/audio_24k_mono/hicksj-autumnleaves-drummondrmuhammadi-1990-17727f5d.wav,30.000000,20.000000,24000,1990,John Hicks,John Hicks
3,train,hicksj-autumnleaves-drummondrmuhammadi-1990-17727f5d__00004,hicksj-autumnleaves-drummondrmuhammadi-1990-17727f5d,Autumn Leaves,1,John Hicks / John Hicks,6,6,data/processed/jtd_group_cv_16/audio_24k_mono/hicksj-autumnleaves-drummondrmuhammadi-1990-17727f5d.wav,40.000000,20.000000,24000,1990,John Hicks,John Hicks
3,train,hicksj-autumnleaves-drummondrmuhammadi-1990-17727f5d__00005,hicksj-autumnleaves-drummondrmuhammadi-1990-17727f5d,Autumn Leaves,1,John Hicks / John Hicks,6,6,data/processed/jtd_group_cv_16/audio_24k_mono/hicksj-autumnleaves-drummondrmuhammadi-1990-17727f5d.wav,50.000000,20.000000,24000,1990,John Hicks,John Hicks
3,train,hicksj-autumnleaves-drummondrmuhammadi-1990-17727f5d__00006,hicksj-autumnleaves-drummondrmuhammadi-1990-17727f5d,Autumn Leaves,1,John Hicks / John Hicks,6,6,data/processed/jtd_group_cv_16/audio_24k_mono/hicksj-autumnleaves-drummondrmuhammadi-1990-17727f5d.wav,60.000000,20.000000,24000,1990,John Hicks,John Hicks
3,train,hicksj-autumnleaves-drummondrmuhammadi-1990-17727f5d__00007,hicksj-autumnleaves-drummondrmuhammadi-1990-17727f5d,Autumn Leaves,1,John Hicks / John Hicks,6,6,data/processed/jtd_group_cv_16/audio_24k_mono/hicksj-autumnleaves-drummondrmuhammadi-1990-17727f5d.wav,70.000000,20.000000,24000,1990,John Hicks,John Hicks
3,train,hicksj-autumnleaves-drummondrmuhammadi-1990-17727f5d__00008,hicksj-autumnleaves-drummondrmuhammadi-1990-17727f5d,Autumn Leaves,1,John Hicks / John Hicks,6,6,data/processed/jtd_group_cv_16/audio_24k_mono/hicksj-autumnleaves-drummondrmuhammadi-1990-17727f5d.wav,80.000000,20.000000,24000,1990,John Hicks,John Hicks
3,train,hicksj-autumnleaves-drummondrmuhammadi-1990-17727f5d__00009,hicksj-autumnleaves-drummondrmuhammadi-1990-17727f5d,Autumn Leaves,1,John Hicks / John Hicks,6,6,data/processed/jtd_group_cv_16/audio_24k_mono/hicksj-autumnleaves-drummondrmuhammadi-1990-17727f5d.wav,90.000000,20.000000,24000,1990,John Hicks,John Hicks
3,train,hicksj-autumnleaves-drummondrmuhammadi-1990-17727f5d__00010,hicksj-autumnleaves-drummondrmuhammadi-1990-17727f5d,Autumn Leaves,1,John Hicks / John Hicks,6,6,data/processed/jtd_group_cv_16/audio_24k_mono/hicksj-autumnleaves-drummondrmuhammadi-1990-17727f5d.wav,100.000000,20.000000,24000,1990,John Hicks,John Hicks
3,train,hicksj-autumnleaves-drummondrmuhammadi-1990-17727f5d__00011,hicksj-autumnleaves-drummondrmuhammadi-1990-17727f5d,Autumn Leaves,1,John Hicks / John Hicks,6,6,data/processed/jtd_group_cv_16/audio_24k_mono/hicksj-autumnleaves-drummondrmuhammadi-1990-17727f5d.wav,110.000000,20.000000,24000,1990,John Hicks,John Hicks
3,train,hicksj-autumnleaves-drummondrmuhammadi-1990-17727f5d__00012,hicksj-autumnleaves-drummondrmuhammadi-1990-17727f5d,Autumn Leaves,1,John Hicks / John Hicks,6,6,data/processed/jtd_group_cv_16/audio_24k_mono/hicksj-autumnleaves-drummondrmuhammadi-1990-17727f5d.wav,120.000000,20.000000,24000,1990,John Hicks,John Hicks
3,train,hicksj-autumnleaves-drummondrmuhammadi-1990-17727f5d__00013,hicksj-autumnleaves-drummondrmuhammadi-1990-17727f5d,Autumn Leaves,1,John Hicks / John Hicks,6,6,data/processed/jtd_group_cv_16/audio_24k_mono/hicksj-autumnleaves-drummondrmuhammadi-1990-17727f5d.wav,130.000000,20.000000,24000,1990,John Hicks,John Hicks
3,train,hicksj-autumnleaves-drummondrmuhammadi-1990-17727f5d__00014,hicksj-autumnleaves-drummondrmuhammadi-1990-17727f5d,Autumn Leaves,1,John Hicks / John Hicks,6,6,data/processed/jtd_group_cv_16/audio_24k_mono/hicksj-autumnleaves-drummondrmuhammadi-1990-17727f5d.wav,140.000000,20.000000,24000,1990,John Hicks,John Hicks
3,train,hicksj-autumnleaves-drummondrmuhammadi-1990-17727f5d__00015,hicksj-autumnleaves-drummondrmuhammadi-1990-17727f5d,Autumn Leaves,1,John Hicks / John Hicks,6,6,data/processed/jtd_group_cv_16/audio_24k_mono/hicksj-autumnleaves-drummondrmuhammadi-1990-17727f5d.wav,150.000000,20.000000,24000,1990,John Hicks,John Hicks
3,train,hicksj-autumnleaves-drummondrmuhammadi-1990-17727f5d__00016,hicksj-autumnleaves-drummondrmuhammadi-1990-17727f5d,Autumn Leaves,1,John Hicks / John Hicks,6,6,data/processed/jtd_group_cv_16/audio_24k_mono/hicksj-autumnleaves-drummondrmuhammadi-1990-17727f5d.wav,160.000000,20.000000,24000,1990,John Hicks,John Hicks
3,train,hicksj-autumnleaves-drummondrmuhammadi-1990-17727f5d__00017,hicksj-autumnleaves-drummondrmuhammadi-1990-17727f5d,Autumn Leaves,1,John Hicks / John Hicks,6,6,data/processed/jtd_group_cv_16/audio_24k_mono/hicksj-autumnleaves-drummondrmuhammadi-1990-17727f5d.wav,170.000000,20.000000,24000,1990,John Hicks,John Hicks
3,train,drewk-autumnleaves-rstednqueena-1988-23c5fddd__00000,drewk-autumnleaves-rstednqueena-1988-23c5fddd,Autumn Leaves,1,Kenny Drew / Kenny Drew,7,7,data/processed/jtd_group_cv_16/audio_24k_mono/drewk-autumnleaves-rstednqueena-1988-23c5fddd.wav,0.000000,20.000000,24000,1988,Kenny Drew,Kenny Drew
3,train,drewk-autumnleaves-rstednqueena-1988-23c5fddd__00001,drewk-autumnleaves-rstednqueena-1988-23c5fddd,Autumn Leaves,1,Kenny Drew / Kenny Drew,7,7,data/processed/jtd_group_cv_16/audio_24k_mono/drewk-autumnleaves-rstednqueena-1988-23c5fddd.wav,10.000000,20.000000,24000,1988,Kenny Drew,Kenny Drew
3,train,drewk-autumnleaves-rstednqueena-1988-23c5fddd__00002,drewk-autumnleaves-rstednqueena-1988-23c5fddd,Autumn Leaves,1,Kenny Drew / Kenny Drew,7,7,data/processed/jtd_group_cv_16/audio_24k_mono/drewk-autumnleaves-rstednqueena-1988-23c5fddd.wav,20.000000,20.000000,24000,1988,Kenny Drew,Kenny Drew
3,train,drewk-autumnleaves-rstednqueena-1988-23c5fddd__00003,drewk-autumnleaves-rstednqueena-1988-23c5fddd,Autumn Leaves,1,Kenny Drew / Kenny Drew,7,7,data/processed/jtd_group_cv_16/audio_24k_mono/drewk-autumnleaves-rstednqueena-1988-23c5fddd.wav,30.000000,20.000000,24000,1988,Kenny Drew,Kenny Drew
3,train,drewk-autumnleaves-rstednqueena-1988-23c5fddd__00004,drewk-autumnleaves-rstednqueena-1988-23c5fddd,Autumn Leaves,1,Kenny Drew / Kenny Drew,7,7,data/processed/jtd_group_cv_16/audio_24k_mono/drewk-autumnleaves-rstednqueena-1988-23c5fddd.wav,40.000000,20.000000,24000,1988,Kenny Drew,Kenny Drew
3,train,drewk-autumnleaves-rstednqueena-1988-23c5fddd__00005,drewk-autumnleaves-rstednqueena-1988-23c5fddd,Autumn Leaves,1,Kenny Drew / Kenny Drew,7,7,data/processed/jtd_group_cv_16/audio_24k_mono/drewk-autumnleaves-rstednqueena-1988-23c5fddd.wav,50.000000,20.000000,24000,1988,Kenny Drew,Kenny Drew
3,train,drewk-autumnleaves-rstednqueena-1988-23c5fddd__00006,drewk-autumnleaves-rstednqueena-1988-23c5fddd,Autumn Leaves,1,Kenny Drew / Kenny Drew,7,7,data/processed/jtd_group_cv_16/audio_24k_mono/drewk-autumnleaves-rstednqueena-1988-23c5fddd.wav,60.000000,20.000000,24000,1988,Kenny Drew,Kenny Drew
3,train,drewk-autumnleaves-rstednqueena-1988-23c5fddd__00007,drewk-autumnleaves-rstednqueena-1988-23c5fddd,Autumn Leaves,1,Kenny Drew / Kenny Drew,7,7,data/processed/jtd_group_cv_16/audio_24k_mono/drewk-autumnleaves-rstednqueena-1988-23c5fddd.wav,70.000000,20.000000,24000,1988,Kenny Drew,Kenny Drew
3,train,drewk-autumnleaves-rstednqueena-1988-23c5fddd__00008,drewk-autumnleaves-rstednqueena-1988-23c5fddd,Autumn Leaves,1,Kenny Drew / Kenny Drew,7,7,data/processed/jtd_group_cv_16/audio_24k_mono/drewk-autumnleaves-rstednqueena-1988-23c5fddd.wav,80.000000,20.000000,24000,1988,Kenny Drew,Kenny Drew
3,train,drewk-autumnleaves-rstednqueena-1988-23c5fddd__00009,drewk-autumnleaves-rstednqueena-1988-23c5fddd,Autumn Leaves,1,Kenny Drew / Kenny Drew,7,7,data/processed/jtd_group_cv_16/audio_24k_mono/drewk-autumnleaves-rstednqueena-1988-23c5fddd.wav,90.000000,20.000000,24000,1988,Kenny Drew,Kenny Drew
3,train,drewk-autumnleaves-rstednqueena-1988-23c5fddd__00010,drewk-autumnleaves-rstednqueena-1988-23c5fddd,Autumn Leaves,1,Kenny Drew / Kenny Drew,7,7,data/processed/jtd_group_cv_16/audio_24k_mono/drewk-autumnleaves-rstednqueena-1988-23c5fddd.wav,100.000000,20.000000,24000,1988,Kenny Drew,Kenny Drew
3,train,petersono-autumnleaves-brownrthigpene-1965-204c37f6__00000,petersono-autumnleaves-brownrthigpene-1965-204c37f6,Autumn Leaves,1,Oscar Peterson / Oscar Peterson,0,0,data/processed/jtd_group_cv_16/audio_24k_mono/petersono-autumnleaves-brownrthigpene-1965-204c37f6.wav,0.000000,20.000000,24000,1965,Oscar Peterson,Oscar Peterson
3,train,petersono-autumnleaves-brownrthigpene-1965-204c37f6__00001,petersono-autumnleaves-brownrthigpene-1965-204c37f6,Autumn Leaves,1,Oscar Peterson / Oscar Peterson,0,0,data/processed/jtd_group_cv_16/audio_24k_mono/petersono-autumnleaves-brownrthigpene-1965-204c37f6.wav,10.000000,20.000000,24000,1965,Oscar Peterson,Oscar Peterson
3,train,petersono-autumnleaves-brownrthigpene-1965-204c37f6__00002,petersono-autumnleaves-brownrthigpene-1965-204c37f6,Autumn Leaves,1,Oscar Peterson / Oscar Peterson,0,0,data/processed/jtd_group_cv_16/audio_24k_mono/petersono-autumnleaves-brownrthigpene-1965-204c37f6.wav,20.000000,20.000000,24000,1965,Oscar Peterson,Oscar Peterson
3,train,petersono-autumnleaves-brownrthigpene-1965-204c37f6__00003,petersono-autumnleaves-brownrthigpene-1965-204c37f6,Autumn Leaves,1,Oscar Peterson / Oscar Peterson,0,0,data/processed/jtd_group_cv_16/audio_24k_mono/petersono-autumnleaves-brownrthigpene-1965-204c37f6.wav,30.000000,20.000000,24000,1965,Oscar Peterson,Oscar Peterson
3,train,petersono-autumnleaves-brownrthigpene-1965-204c37f6__00004,petersono-autumnleaves-brownrthigpene-1965-204c37f6,Autumn Leaves,1,Oscar Peterson / Oscar Peterson,0,0,data/processed/jtd_group_cv_16/audio_24k_mono/petersono-autumnleaves-brownrthigpene-1965-204c37f6.wav,40.000000,20.000000,24000,1965,Oscar Peterson,Oscar Peterson
3,train,petersono-autumnleaves-brownrthigpene-1965-204c37f6__00005,petersono-autumnleaves-brownrthigpene-1965-204c37f6,Autumn Leaves,1,Oscar Peterson / Oscar Peterson,0,0,data/processed/jtd_group_cv_16/audio_24k_mono/petersono-autumnleaves-brownrthigpene-1965-204c37f6.wav,50.000000,20.000000,24000,1965,Oscar Peterson,Oscar Peterson
3,train,petersono-autumnleaves-brownrthigpene-1965-204c37f6__00006,petersono-autumnleaves-brownrthigpene-1965-204c37f6,Autumn Leaves,1,Oscar Peterson / Oscar Peterson,0,0,data/processed/jtd_group_cv_16/audio_24k_mono/petersono-autumnleaves-brownrthigpene-1965-204c37f6.wav,60.000000,20.000000,24000,1965,Oscar Peterson,Oscar Peterson
3,train,kellyw-autumnleaves-mcclurercobbj-1966-6319a440__00000,kellyw-autumnleaves-mcclurercobbj-1966-6319a440,Autumn Leaves,1,Wynton Kelly / Wynton Kelly,5,5,data/processed/jtd_group_cv_16/audio_24k_mono/kellyw-autumnleaves-mcclurercobbj-1966-6319a440.wav,0.000000,20.000000,24000,1966,Wynton Kelly,Wynton Kelly
3,train,kellyw-autumnleaves-mcclurercobbj-1966-6319a440__00001,kellyw-autumnleaves-mcclurercobbj-1966-6319a440,Autumn Leaves,1,Wynton Kelly / Wynton Kelly,5,5,data/processed/jtd_group_cv_16/audio_24k_mono/kellyw-autumnleaves-mcclurercobbj-1966-6319a440.wav,10.000000,20.000000,24000,1966,Wynton Kelly,Wynton Kelly
3,train,kellyw-autumnleaves-mcclurercobbj-1966-6319a440__00002,kellyw-autumnleaves-mcclurercobbj-1966-6319a440,Autumn Leaves,1,Wynton Kelly / Wynton Kelly,5,5,data/processed/jtd_group_cv_16/audio_24k_mono/kellyw-autumnleaves-mcclurercobbj-1966-6319a440.wav,20.000000,20.000000,24000,1966,Wynton Kelly,Wynton Kelly
3,train,kellyw-autumnleaves-mcclurercobbj-1966-6319a440__00003,kellyw-autumnleaves-mcclurercobbj-1966-6319a440,Autumn Leaves,1,Wynton Kelly / Wynton Kelly,5,5,data/processed/jtd_group_cv_16/audio_24k_mono/kellyw-autumnleaves-mcclurercobbj-1966-6319a440.wav,30.000000,20.000000,24000,1966,Wynton Kelly,Wynton Kelly
3,train,kellyw-autumnleaves-mcclurercobbj-1966-6319a440__00004,kellyw-autumnleaves-mcclurercobbj-1966-6319a440,Autumn Leaves,1,Wynton Kelly / Wynton Kelly,5,5,data/processed/jtd_group_cv_16/audio_24k_mono/kellyw-autumnleaves-mcclurercobbj-1966-6319a440.wav,40.000000,20.000000,24000,1966,Wynton Kelly,Wynton Kelly
3,train,kellyw-autumnleaves-mcclurercobbj-1966-6319a440__00005,kellyw-autumnleaves-mcclurercobbj-1966-6319a440,Autumn Leaves,1,Wynton Kelly / Wynton Kelly,5,5,data/processed/jtd_group_cv_16/audio_24k_mono/kellyw-autumnleaves-mcclurercobbj-1966-6319a440.wav,50.000000,20.000000,24000,1966,Wynton Kelly,Wynton Kelly
3,train,jamala-ididntknowwhattime-nasserjlampkinc-1966-d41671ba__00000,jamala-ididntknowwhattime-nasserjlampkinc-1966-d41671ba,I Didnt Know What Time It Was,2,Ahmad Jamal / Ahmad Jamal,2,2,data/processed/jtd_group_cv_16/audio_24k_mono/jamala-ididntknowwhattime-nasserjlampkinc-1966-d41671ba.wav,0.000000,20.000000,24000,1966,Ahmad Jamal,Ahmad Jamal
3,train,jamala-ididntknowwhattime-nasserjlampkinc-1966-d41671ba__00001,jamala-ididntknowwhattime-nasserjlampkinc-1966-d41671ba,I Didnt Know What Time It Was,2,Ahmad Jamal / Ahmad Jamal,2,2,data/processed/jtd_group_cv_16/audio_24k_mono/jamala-ididntknowwhattime-nasserjlampkinc-1966-d41671ba.wav,10.000000,20.000000,24000,1966,Ahmad Jamal,Ahmad Jamal
3,train,jamala-ididntknowwhattime-nasserjlampkinc-1966-d41671ba__00002,jamala-ididntknowwhattime-nasserjlampkinc-1966-d41671ba,I Didnt Know What Time It Was,2,Ahmad Jamal / Ahmad Jamal,2,2,data/processed/jtd_group_cv_16/audio_24k_mono/jamala-ididntknowwhattime-nasserjlampkinc-1966-d41671ba.wav,20.000000,20.000000,24000,1966,Ahmad Jamal,Ahmad Jamal
3,train,jamala-ididntknowwhattime-nasserjlampkinc-1966-d41671ba__00003,jamala-ididntknowwhattime-nasserjlampkinc-1966-d41671ba,I Didnt Know What Time It Was,2,Ahmad Jamal / Ahmad Jamal,2,2,data/processed/jtd_group_cv_16/audio_24k_mono/jamala-ididntknowwhattime-nasserjlampkinc-1966-d41671ba.wav,30.000000,20.000000,24000,1966,Ahmad Jamal,Ahmad Jamal
3,train,jamala-ididntknowwhattime-nasserjlampkinc-1966-d41671ba__00004,jamala-ididntknowwhattime-nasserjlampkinc-1966-d41671ba,I Didnt Know What Time It Was,2,Ahmad Jamal / Ahmad Jamal,2,2,data/processed/jtd_group_cv_16/audio_24k_mono/jamala-ididntknowwhattime-nasserjlampkinc-1966-d41671ba.wav,40.000000,20.000000,24000,1966,Ahmad Jamal,Ahmad Jamal
3,train,jamala-ididntknowwhattime-nasserjlampkinc-1966-d41671ba__00005,jamala-ididntknowwhattime-nasserjlampkinc-1966-d41671ba,I Didnt Know What Time It Was,2,Ahmad Jamal / Ahmad Jamal,2,2,data/processed/jtd_group_cv_16/audio_24k_mono/jamala-ididntknowwhattime-nasserjlampkinc-1966-d41671ba.wav,50.000000,20.000000,24000,1966,Ahmad Jamal,Ahmad Jamal
3,train,jamala-ididntknowwhattime-nasserjlampkinc-1966-d41671ba__00006,jamala-ididntknowwhattime-nasserjlampkinc-1966-d41671ba,I Didnt Know What Time It Was,2,Ahmad Jamal / Ahmad Jamal,2,2,data/processed/jtd_group_cv_16/audio_24k_mono/jamala-ididntknowwhattime-nasserjlampkinc-1966-d41671ba.wav,60.000000,20.000000,24000,1966,Ahmad Jamal,Ahmad Jamal
3,train,jamala-ididntknowwhattime-nasserjlampkinc-1966-d41671ba__00007,jamala-ididntknowwhattime-nasserjlampkinc-1966-d41671ba,I Didnt Know What Time It Was,2,Ahmad Jamal / Ahmad Jamal,2,2,data/processed/jtd_group_cv_16/audio_24k_mono/jamala-ididntknowwhattime-nasserjlampkinc-1966-d41671ba.wav,70.000000,20.000000,24000,1966,Ahmad Jamal,Ahmad Jamal
3,train,jamala-ididntknowwhattime-nasserjlampkinc-1966-d41671ba__00008,jamala-ididntknowwhattime-nasserjlampkinc-1966-d41671ba,I Didnt Know What Time It Was,2,Ahmad Jamal / Ahmad Jamal,2,2,data/processed/jtd_group_cv_16/audio_24k_mono/jamala-ididntknowwhattime-nasserjlampkinc-1966-d41671ba.wav,80.000000,20.000000,24000,1966,Ahmad Jamal,Ahmad Jamal
3,train,jamala-ididntknowwhattime-nasserjlampkinc-1966-d41671ba__00009,jamala-ididntknowwhattime-nasserjlampkinc-1966-d41671ba,I Didnt Know What Time It Was,2,Ahmad Jamal / Ahmad Jamal,2,2,data/processed/jtd_group_cv_16/audio_24k_mono/jamala-ididntknowwhattime-nasserjlampkinc-1966-d41671ba.wav,90.000000,20.000000,24000,1966,Ahmad Jamal,Ahmad Jamal
3,train,jamala-ididntknowwhattime-nasserjlampkinc-1966-d41671ba__00010,jamala-ididntknowwhattime-nasserjlampkinc-1966-d41671ba,I Didnt Know What Time It Was,2,Ahmad Jamal / Ahmad Jamal,2,2,data/processed/jtd_group_cv_16/audio_24k_mono/jamala-ididntknowwhattime-nasserjlampkinc-1966-d41671ba.wav,100.000000,20.000000,24000,1966,Ahmad Jamal,Ahmad Jamal
3,train,jamala-ididntknowwhattime-nasserjlampkinc-1966-d41671ba__00011,jamala-ididntknowwhattime-nasserjlampkinc-1966-d41671ba,I Didnt Know What Time It Was,2,Ahmad Jamal / Ahmad Jamal,2,2,data/processed/jtd_group_cv_16/audio_24k_mono/jamala-ididntknowwhattime-nasserjlampkinc-1966-d41671ba.wav,110.000000,20.000000,24000,1966,Ahmad Jamal,Ahmad Jamal
3,train,jamala-ididntknowwhattime-nasserjlampkinc-1966-d41671ba__00012,jamala-ididntknowwhattime-nasserjlampkinc-1966-d41671ba,I Didnt Know What Time It Was,2,Ahmad Jamal / Ahmad Jamal,2,2,data/processed/jtd_group_cv_16/audio_24k_mono/jamala-ididntknowwhattime-nasserjlampkinc-1966-d41671ba.wav,120.000000,20.000000,24000,1966,Ahmad Jamal,Ahmad Jamal
3,train,jamala-ididntknowwhattime-nasserjlampkinc-1966-d41671ba__00013,jamala-ididntknowwhattime-nasserjlampkinc-1966-d41671ba,I Didnt Know What Time It Was,2,Ahmad Jamal / Ahmad Jamal,2,2,data/processed/jtd_group_cv_16/audio_24k_mono/jamala-ididntknowwhattime-nasserjlampkinc-1966-d41671ba.wav,130.000000,20.000000,24000,1966,Ahmad Jamal,Ahmad Jamal
3,train,jamala-ididntknowwhattime-nasserjlampkinc-1966-d41671ba__00014,jamala-ididntknowwhattime-nasserjlampkinc-1966-d41671ba,I Didnt Know What Time It Was,2,Ahmad Jamal / Ahmad Jamal,2,2,data/processed/jtd_group_cv_16/audio_24k_mono/jamala-ididntknowwhattime-nasserjlampkinc-1966-d41671ba.wav,140.000000,20.000000,24000,1966,Ahmad Jamal,Ahmad Jamal
3,train,jamala-ididntknowwhattime-nasserjlampkinc-1966-d41671ba__00015,jamala-ididntknowwhattime-nasserjlampkinc-1966-d41671ba,I Didnt Know What Time It Was,2,Ahmad Jamal / Ahmad Jamal,2,2,data/processed/jtd_group_cv_16/audio_24k_mono/jamala-ididntknowwhattime-nasserjlampkinc-1966-d41671ba.wav,150.000000,20.000000,24000,1966,Ahmad Jamal,Ahmad Jamal
3,train,jamala-ididntknowwhattime-nasserjlampkinc-1966-d41671ba__00016,jamala-ididntknowwhattime-nasserjlampkinc-1966-d41671ba,I Didnt Know What Time It Was,2,Ahmad Jamal / Ahmad Jamal,2,2,data/processed/jtd_group_cv_16/audio_24k_mono/jamala-ididntknowwhattime-nasserjlampkinc-1966-d41671ba.wav,160.000000,20.000000,24000,1966,Ahmad Jamal,Ahmad Jamal
3,train,jamala-ididntknowwhattime-nasserjlampkinc-1966-d41671ba__00017,jamala-ididntknowwhattime-nasserjlampkinc-1966-d41671ba,I Didnt Know What Time It Was,2,Ahmad Jamal / Ahmad Jamal,2,2,data/processed/jtd_group_cv_16/audio_24k_mono/jamala-ididntknowwhattime-nasserjlampkinc-1966-d41671ba.wav,170.000000,20.000000,24000,1966,Ahmad Jamal,Ahmad Jamal
3,train,jamala-ididntknowwhattime-nasserjlampkinc-1966-d41671ba__00018,jamala-ididntknowwhattime-nasserjlampkinc-1966-d41671ba,I Didnt Know What Time It Was,2,Ahmad Jamal / Ahmad Jamal,2,2,data/processed/jtd_group_cv_16/audio_24k_mono/jamala-ididntknowwhattime-nasserjlampkinc-1966-d41671ba.wav,180.000000,20.000000,24000,1966,Ahmad Jamal,Ahmad Jamal
3,train,jamala-ididntknowwhattime-nasserjlampkinc-1966-d41671ba__00019,jamala-ididntknowwhattime-nasserjlampkinc-1966-d41671ba,I Didnt Know What Time It Was,2,Ahmad Jamal / Ahmad Jamal,2,2,data/processed/jtd_group_cv_16/audio_24k_mono/jamala-ididntknowwhattime-nasserjlampkinc-1966-d41671ba.wav,190.000000,20.000000,24000,1966,Ahmad Jamal,Ahmad Jamal
3,train,jamala-ididntknowwhattime-nasserjlampkinc-1966-d41671ba__00020,jamala-ididntknowwhattime-nasserjlampkinc-1966-d41671ba,I Didnt Know What Time It Was,2,Ahmad Jamal / Ahmad Jamal,2,2,data/processed/jtd_group_cv_16/audio_24k_mono/jamala-ididntknowwhattime-nasserjlampkinc-1966-d41671ba.wav,200.000000,20.000000,24000,1966,Ahmad Jamal,Ahmad Jamal
3,train,jamala-ididntknowwhattime-nasserjlampkinc-1966-d41671ba__00021,jamala-ididntknowwhattime-nasserjlampkinc-1966-d41671ba,I Didnt Know What Time It Was,2,Ahmad Jamal / Ahmad Jamal,2,2,data/processed/jtd_group_cv_16/audio_24k_mono/jamala-ididntknowwhattime-nasserjlampkinc-1966-d41671ba.wav,210.000000,20.000000,24000,1966,Ahmad Jamal,Ahmad Jamal
3,train,jamala-ididntknowwhattime-nasserjlampkinc-1966-d41671ba__00022,jamala-ididntknowwhattime-nasserjlampkinc-1966-d41671ba,I Didnt Know What Time It Was,2,Ahmad Jamal / Ahmad Jamal,2,2,data/processed/jtd_group_cv_16/audio_24k_mono/jamala-ididntknowwhattime-nasserjlampkinc-1966-d41671ba.wav,220.000000,20.000000,24000,1966,Ahmad Jamal,Ahmad Jamal
3,train,waltonc-ididntknowwhattime-dumastpenlandr-1979-28cbeeb4__00000,waltonc-ididntknowwhattime-dumastpenlandr-1979-28cbeeb4,I Didnt Know What Time It Was,2,Cedar Walton / Cedar Walton,1,1,data/processed/jtd_group_cv_16/audio_24k_mono/waltonc-ididntknowwhattime-dumastpenlandr-1979-28cbeeb4.wav,0.000000,20.000000,24000,1979,Cedar Walton,Cedar Walton
3,train,waltonc-ididntknowwhattime-dumastpenlandr-1979-28cbeeb4__00001,waltonc-ididntknowwhattime-dumastpenlandr-1979-28cbeeb4,I Didnt Know What Time It Was,2,Cedar Walton / Cedar Walton,1,1,data/processed/jtd_group_cv_16/audio_24k_mono/waltonc-ididntknowwhattime-dumastpenlandr-1979-28cbeeb4.wav,10.000000,20.000000,24000,1979,Cedar Walton,Cedar Walton
3,train,waltonc-ididntknowwhattime-dumastpenlandr-1979-28cbeeb4__00002,waltonc-ididntknowwhattime-dumastpenlandr-1979-28cbeeb4,I Didnt Know What Time It Was,2,Cedar Walton / Cedar Walton,1,1,data/processed/jtd_group_cv_16/audio_24k_mono/waltonc-ididntknowwhattime-dumastpenlandr-1979-28cbeeb4.wav,20.000000,20.000000,24000,1979,Cedar Walton,Cedar Walton
3,train,waltonc-ididntknowwhattime-dumastpenlandr-1979-28cbeeb4__00003,waltonc-ididntknowwhattime-dumastpenlandr-1979-28cbeeb4,I Didnt Know What Time It Was,2,Cedar Walton / Cedar Walton,1,1,data/processed/jtd_group_cv_16/audio_24k_mono/waltonc-ididntknowwhattime-dumastpenlandr-1979-28cbeeb4.wav,30.000000,20.000000,24000,1979,Cedar Walton,Cedar Walton
3,train,waltonc-ididntknowwhattime-dumastpenlandr-1979-28cbeeb4__00004,waltonc-ididntknowwhattime-dumastpenlandr-1979-28cbeeb4,I Didnt Know What Time It Was,2,Cedar Walton / Cedar Walton,1,1,data/processed/jtd_group_cv_16/audio_24k_mono/waltonc-ididntknowwhattime-dumastpenlandr-1979-28cbeeb4.wav,40.000000,20.000000,24000,1979,Cedar Walton,Cedar Walton
3,train,waltonc-ididntknowwhattime-dumastpenlandr-1979-28cbeeb4__00005,waltonc-ididntknowwhattime-dumastpenlandr-1979-28cbeeb4,I Didnt Know What Time It Was,2,Cedar Walton / Cedar Walton,1,1,data/processed/jtd_group_cv_16/audio_24k_mono/waltonc-ididntknowwhattime-dumastpenlandr-1979-28cbeeb4.wav,50.000000,20.000000,24000,1979,Cedar Walton,Cedar Walton
3,train,waltonc-ididntknowwhattime-dumastpenlandr-1979-28cbeeb4__00006,waltonc-ididntknowwhattime-dumastpenlandr-1979-28cbeeb4,I Didnt Know What Time It Was,2,Cedar Walton / Cedar Walton,1,1,data/processed/jtd_group_cv_16/audio_24k_mono/waltonc-ididntknowwhattime-dumastpenlandr-1979-28cbeeb4.wav,60.000000,20.000000,24000,1979,Cedar Walton,Cedar Walton
3,train,waltonc-ididntknowwhattime-dumastpenlandr-1979-28cbeeb4__00007,waltonc-ididntknowwhattime-dumastpenlandr-1979-28cbeeb4,I Didnt Know What Time It Was,2,Cedar Walton / Cedar Walton,1,1,data/processed/jtd_group_cv_16/audio_24k_mono/waltonc-ididntknowwhattime-dumastpenlandr-1979-28cbeeb4.wav,70.000000,20.000000,24000,1979,Cedar Walton,Cedar Walton
3,train,waltonc-ididntknowwhattime-dumastpenlandr-1979-28cbeeb4__00008,waltonc-ididntknowwhattime-dumastpenlandr-1979-28cbeeb4,I Didnt Know What Time It Was,2,Cedar Walton / Cedar Walton,1,1,data/processed/jtd_group_cv_16/audio_24k_mono/waltonc-ididntknowwhattime-dumastpenlandr-1979-28cbeeb4.wav,80.000000,20.000000,24000,1979,Cedar Walton,Cedar Walton
3,train,waltonc-ididntknowwhattime-dumastpenlandr-1979-28cbeeb4__00009,waltonc-ididntknowwhattime-dumastpenlandr-1979-28cbeeb4,I Didnt Know What Time It Was,2,Cedar Walton / Cedar Walton,1,1,data/processed/jtd_group_cv_16/audio_24k_mono/waltonc-ididntknowwhattime-dumastpenlandr-1979-28cbeeb4.wav,90.000000,20.000000,24000,1979,Cedar Walton,Cedar Walton
3,train,waltonc-ididntknowwhattime-dumastpenlandr-1979-28cbeeb4__00010,waltonc-ididntknowwhattime-dumastpenlandr-1979-28cbeeb4,I Didnt Know What Time It Was,2,Cedar Walton / Cedar Walton,1,1,data/processed/jtd_group_cv_16/audio_24k_mono/waltonc-ididntknowwhattime-dumastpenlandr-1979-28cbeeb4.wav,100.000000,20.000000,24000,1979,Cedar Walton,Cedar Walton
3,train,waltonc-ididntknowwhattime-dumastpenlandr-1979-28cbeeb4__00011,waltonc-ididntknowwhattime-dumastpenlandr-1979-28cbeeb4,I Didnt Know What Time It Was,2,Cedar Walton / Cedar Walton,1,1,data/processed/jtd_group_cv_16/audio_24k_mono/waltonc-ididntknowwhattime-dumastpenlandr-1979-28cbeeb4.wav,110.000000,20.000000,24000,1979,Cedar Walton,Cedar Walton
3,train,waltonc-ididntknowwhattime-dumastpenlandr-1979-28cbeeb4__00012,waltonc-ididntknowwhattime-dumastpenlandr-1979-28cbeeb4,I Didnt Know What Time It Was,2,Cedar Walton / Cedar Walton,1,1,data/processed/jtd_group_cv_16/audio_24k_mono/waltonc-ididntknowwhattime-dumastpenlandr-1979-28cbeeb4.wav,120.000000,20.000000,24000,1979,Cedar Walton,Cedar Walton
3,train,waltonc-ididntknowwhattime-dumastpenlandr-1979-28cbeeb4__00013,waltonc-ididntknowwhattime-dumastpenlandr-1979-28cbeeb4,I Didnt Know What Time It Was,2,Cedar Walton / Cedar Walton,1,1,data/processed/jtd_group_cv_16/audio_24k_mono/waltonc-ididntknowwhattime-dumastpenlandr-1979-28cbeeb4.wav,130.000000,20.000000,24000,1979,Cedar Walton,Cedar Walton
3,train,waltonc-ididntknowwhattime-dumastpenlandr-1979-28cbeeb4__00014,waltonc-ididntknowwhattime-dumastpenlandr-1979-28cbeeb4,I Didnt Know What Time It Was,2,Cedar Walton / Cedar Walton,1,1,data/processed/jtd_group_cv_16/audio_24k_mono/waltonc-ididntknowwhattime-dumastpenlandr-1979-28cbeeb4.wav,140.000000,20.000000,24000,1979,Cedar Walton,Cedar Walton
3,train,waltonc-ididntknowwhattime-dumastpenlandr-1979-28cbeeb4__00015,waltonc-ididntknowwhattime-dumastpenlandr-1979-28cbeeb4,I Didnt Know What Time It Was,2,Cedar Walton / Cedar Walton,1,1,data/processed/jtd_group_cv_16/audio_24k_mono/waltonc-ididntknowwhattime-dumastpenlandr-1979-28cbeeb4.wav,150.000000,20.000000,24000,1979,Cedar Walton,Cedar Walton
3,train,waltonc-ididntknowwhattime-dumastpenlandr-1979-28cbeeb4__00016,waltonc-ididntknowwhattime-dumastpenlandr-1979-28cbeeb4,I Didnt Know What Time It Was,2,Cedar Walton / Cedar Walton,1,1,data/processed/jtd_group_cv_16/audio_24k_mono/waltonc-ididntknowwhattime-dumastpenlandr-1979-28cbeeb4.wav,160.000000,20.000000,24000,1979,Cedar Walton,Cedar Walton
3,train,wilsont-ididntknowwhattime-hintonmjacksono-1976-3f4fa21b__00000,wilsont-ididntknowwhattime-hintonmjacksono-1976-3f4fa21b,I Didnt Know What Time It Was,2,Teddy Wilson / Teddy Wilson,0,0,data/processed/jtd_group_cv_16/audio_24k_mono/wilsont-ididntknowwhattime-hintonmjacksono-1976-3f4fa21b.wav,0.000000,20.000000,24000,1976,Teddy Wilson,Teddy Wilson
3,train,wilsont-ididntknowwhattime-hintonmjacksono-1976-3f4fa21b__00001,wilsont-ididntknowwhattime-hintonmjacksono-1976-3f4fa21b,I Didnt Know What Time It Was,2,Teddy Wilson / Teddy Wilson,0,0,data/processed/jtd_group_cv_16/audio_24k_mono/wilsont-ididntknowwhattime-hintonmjacksono-1976-3f4fa21b.wav,10.000000,20.000000,24000,1976,Teddy Wilson,Teddy Wilson
3,train,wilsont-ididntknowwhattime-hintonmjacksono-1976-3f4fa21b__00002,wilsont-ididntknowwhattime-hintonmjacksono-1976-3f4fa21b,I Didnt Know What Time It Was,2,Teddy Wilson / Teddy Wilson,0,0,data/processed/jtd_group_cv_16/audio_24k_mono/wilsont-ididntknowwhattime-hintonmjacksono-1976-3f4fa21b.wav,20.000000,20.000000,24000,1976,Teddy Wilson,Teddy Wilson
3,train,wilsont-ididntknowwhattime-hintonmjacksono-1976-3f4fa21b__00003,wilsont-ididntknowwhattime-hintonmjacksono-1976-3f4fa21b,I Didnt Know What Time It Was,2,Teddy Wilson / Teddy Wilson,0,0,data/processed/jtd_group_cv_16/audio_24k_mono/wilsont-ididntknowwhattime-hintonmjacksono-1976-3f4fa21b.wav,30.000000,20.000000,24000,1976,Teddy Wilson,Teddy Wilson
3,train,wilsont-ididntknowwhattime-hintonmjacksono-1976-3f4fa21b__00004,wilsont-ididntknowwhattime-hintonmjacksono-1976-3f4fa21b,I Didnt Know What Time It Was,2,Teddy Wilson / Teddy Wilson,0,0,data/processed/jtd_group_cv_16/audio_24k_mono/wilsont-ididntknowwhattime-hintonmjacksono-1976-3f4fa21b.wav,40.000000,20.000000,24000,1976,Teddy Wilson,Teddy Wilson
3,train,wilsont-ididntknowwhattime-hintonmjacksono-1976-3f4fa21b__00005,wilsont-ididntknowwhattime-hintonmjacksono-1976-3f4fa21b,I Didnt Know What Time It Was,2,Teddy Wilson / Teddy Wilson,0,0,data/processed/jtd_group_cv_16/audio_24k_mono/wilsont-ididntknowwhattime-hintonmjacksono-1976-3f4fa21b.wav,50.000000,20.000000,24000,1976,Teddy Wilson,Teddy Wilson
3,train,wilsont-ididntknowwhattime-hintonmjacksono-1976-3f4fa21b__00006,wilsont-ididntknowwhattime-hintonmjacksono-1976-3f4fa21b,I Didnt Know What Time It Was,2,Teddy Wilson / Teddy Wilson,0,0,data/processed/jtd_group_cv_16/audio_24k_mono/wilsont-ididntknowwhattime-hintonmjacksono-1976-3f4fa21b.wav,60.000000,20.000000,24000,1976,Teddy Wilson,Teddy Wilson
3,train,wilsont-ididntknowwhattime-hintonmjacksono-1976-3f4fa21b__00007,wilsont-ididntknowwhattime-hintonmjacksono-1976-3f4fa21b,I Didnt Know What Time It Was,2,Teddy Wilson / Teddy Wilson,0,0,data/processed/jtd_group_cv_16/audio_24k_mono/wilsont-ididntknowwhattime-hintonmjacksono-1976-3f4fa21b.wav,70.000000,20.000000,24000,1976,Teddy Wilson,Teddy Wilson
3,train,wilsont-ididntknowwhattime-hintonmjacksono-1976-3f4fa21b__00008,wilsont-ididntknowwhattime-hintonmjacksono-1976-3f4fa21b,I Didnt Know What Time It Was,2,Teddy Wilson / Teddy Wilson,0,0,data/processed/jtd_group_cv_16/audio_24k_mono/wilsont-ididntknowwhattime-hintonmjacksono-1976-3f4fa21b.wav,80.000000,20.000000,24000,1976,Teddy Wilson,Teddy Wilson
3,train,wilsont-ididntknowwhattime-hintonmjacksono-1976-3f4fa21b__00009,wilsont-ididntknowwhattime-hintonmjacksono-1976-3f4fa21b,I Didnt Know What Time It Was,2,Teddy Wilson / Teddy Wilson,0,0,data/processed/jtd_group_cv_16/audio_24k_mono/wilsont-ididntknowwhattime-hintonmjacksono-1976-3f4fa21b.wav,90.000000,20.000000,24000,1976,Teddy Wilson,Teddy Wilson
3,train,wilsont-ididntknowwhattime-hintonmjacksono-1976-3f4fa21b__00010,wilsont-ididntknowwhattime-hintonmjacksono-1976-3f4fa21b,I Didnt Know What Time It Was,2,Teddy Wilson / Teddy Wilson,0,0,data/processed/jtd_group_cv_16/audio_24k_mono/wilsont-ididntknowwhattime-hintonmjacksono-1976-3f4fa21b.wav,100.000000,20.000000,24000,1976,Teddy Wilson,Teddy Wilson
3,train,wilsont-ididntknowwhattime-hintonmjacksono-1976-3f4fa21b__00011,wilsont-ididntknowwhattime-hintonmjacksono-1976-3f4fa21b,I Didnt Know What Time It Was,2,Teddy Wilson / Teddy Wilson,0,0,data/processed/jtd_group_cv_16/audio_24k_mono/wilsont-ididntknowwhattime-hintonmjacksono-1976-3f4fa21b.wav,110.000000,20.000000,24000,1976,Teddy Wilson,Teddy Wilson
3,train,wilsont-ididntknowwhattime-hintonmjacksono-1976-3f4fa21b__00012,wilsont-ididntknowwhattime-hintonmjacksono-1976-3f4fa21b,I Didnt Know What Time It Was,2,Teddy Wilson / Teddy Wilson,0,0,data/processed/jtd_group_cv_16/audio_24k_mono/wilsont-ididntknowwhattime-hintonmjacksono-1976-3f4fa21b.wav,120.000000,20.000000,24000,1976,Teddy Wilson,Teddy Wilson
3,train,wilsont-ididntknowwhattime-hintonmjacksono-1976-3f4fa21b__00013,wilsont-ididntknowwhattime-hintonmjacksono-1976-3f4fa21b,I Didnt Know What Time It Was,2,Teddy Wilson / Teddy Wilson,0,0,data/processed/jtd_group_cv_16/audio_24k_mono/wilsont-ididntknowwhattime-hintonmjacksono-1976-3f4fa21b.wav,130.000000,20.000000,24000,1976,Teddy Wilson,Teddy Wilson
3,train,hawesh-illrememberapril-lafarosbutlerf-1956-16f3aa28__00000,hawesh-illrememberapril-lafarosbutlerf-1956-16f3aa28,Ill Remember April,3,Hampton Hawes / Hampton Hawes,2,2,data/processed/jtd_group_cv_16/audio_24k_mono/hawesh-illrememberapril-lafarosbutlerf-1956-16f3aa28.wav,0.000000,20.000000,24000,1956,Hampton Hawes,Hampton Hawes
3,train,hawesh-illrememberapril-lafarosbutlerf-1956-16f3aa28__00001,hawesh-illrememberapril-lafarosbutlerf-1956-16f3aa28,Ill Remember April,3,Hampton Hawes / Hampton Hawes,2,2,data/processed/jtd_group_cv_16/audio_24k_mono/hawesh-illrememberapril-lafarosbutlerf-1956-16f3aa28.wav,10.000000,20.000000,24000,1956,Hampton Hawes,Hampton Hawes
3,train,hawesh-illrememberapril-lafarosbutlerf-1956-16f3aa28__00002,hawesh-illrememberapril-lafarosbutlerf-1956-16f3aa28,Ill Remember April,3,Hampton Hawes / Hampton Hawes,2,2,data/processed/jtd_group_cv_16/audio_24k_mono/hawesh-illrememberapril-lafarosbutlerf-1956-16f3aa28.wav,20.000000,20.000000,24000,1956,Hampton Hawes,Hampton Hawes
3,train,hawesh-illrememberapril-lafarosbutlerf-1956-16f3aa28__00003,hawesh-illrememberapril-lafarosbutlerf-1956-16f3aa28,Ill Remember April,3,Hampton Hawes / Hampton Hawes,2,2,data/processed/jtd_group_cv_16/audio_24k_mono/hawesh-illrememberapril-lafarosbutlerf-1956-16f3aa28.wav,30.000000,20.000000,24000,1956,Hampton Hawes,Hampton Hawes
3,train,jonesh-illrememberapril-mrazgwashingtonk-1991-31ce3ec4__00000,jonesh-illrememberapril-mrazgwashingtonk-1991-31ce3ec4,Ill Remember April,3,Hank Jones / Hank Jones,1,1,data/processed/jtd_group_cv_16/audio_24k_mono/jonesh-illrememberapril-mrazgwashingtonk-1991-31ce3ec4.wav,0.000000,20.000000,24000,1991,Hank Jones,Hank Jones
3,train,jonesh-illrememberapril-mrazgwashingtonk-1991-31ce3ec4__00001,jonesh-illrememberapril-mrazgwashingtonk-1991-31ce3ec4,Ill Remember April,3,Hank Jones / Hank Jones,1,1,data/processed/jtd_group_cv_16/audio_24k_mono/jonesh-illrememberapril-mrazgwashingtonk-1991-31ce3ec4.wav,10.000000,20.000000,24000,1991,Hank Jones,Hank Jones
3,train,jonesh-illrememberapril-mrazgwashingtonk-1991-31ce3ec4__00002,jonesh-illrememberapril-mrazgwashingtonk-1991-31ce3ec4,Ill Remember April,3,Hank Jones / Hank Jones,1,1,data/processed/jtd_group_cv_16/audio_24k_mono/jonesh-illrememberapril-mrazgwashingtonk-1991-31ce3ec4.wav,20.000000,20.000000,24000,1991,Hank Jones,Hank Jones
3,train,jonesh-illrememberapril-mrazgwashingtonk-1991-31ce3ec4__00003,jonesh-illrememberapril-mrazgwashingtonk-1991-31ce3ec4,Ill Remember April,3,Hank Jones / Hank Jones,1,1,data/processed/jtd_group_cv_16/audio_24k_mono/jonesh-illrememberapril-mrazgwashingtonk-1991-31ce3ec4.wav,30.000000,20.000000,24000,1991,Hank Jones,Hank Jones
3,train,jonesh-illrememberapril-mrazgwashingtonk-1991-31ce3ec4__00004,jonesh-illrememberapril-mrazgwashingtonk-1991-31ce3ec4,Ill Remember April,3,Hank Jones / Hank Jones,1,1,data/processed/jtd_group_cv_16/audio_24k_mono/jonesh-illrememberapril-mrazgwashingtonk-1991-31ce3ec4.wav,40.000000,20.000000,24000,1991,Hank Jones,Hank Jones
3,train,jonesh-illrememberapril-mrazgwashingtonk-1991-31ce3ec4__00005,jonesh-illrememberapril-mrazgwashingtonk-1991-31ce3ec4,Ill Remember April,3,Hank Jones / Hank Jones,1,1,data/processed/jtd_group_cv_16/audio_24k_mono/jonesh-illrememberapril-mrazgwashingtonk-1991-31ce3ec4.wav,50.000000,20.000000,24000,1991,Hank Jones,Hank Jones
3,train,jonesh-illrememberapril-mrazgwashingtonk-1991-31ce3ec4__00006,jonesh-illrememberapril-mrazgwashingtonk-1991-31ce3ec4,Ill Remember April,3,Hank Jones / Hank Jones,1,1,data/processed/jtd_group_cv_16/audio_24k_mono/jonesh-illrememberapril-mrazgwashingtonk-1991-31ce3ec4.wav,60.000000,20.000000,24000,1991,Hank Jones,Hank Jones
3,train,drewk-illrememberapril-wrightespecsc-1953-cf0eadd8__00000,drewk-illrememberapril-wrightespecsc-1953-cf0eadd8,Ill Remember April,3,Kenny Drew / Kenny Drew,0,0,data/processed/jtd_group_cv_16/audio_24k_mono/drewk-illrememberapril-wrightespecsc-1953-cf0eadd8.wav,0.000000,20.000000,24000,1953,Kenny Drew,Kenny Drew
3,train,drewk-illrememberapril-wrightespecsc-1953-cf0eadd8__00001,drewk-illrememberapril-wrightespecsc-1953-cf0eadd8,Ill Remember April,3,Kenny Drew / Kenny Drew,0,0,data/processed/jtd_group_cv_16/audio_24k_mono/drewk-illrememberapril-wrightespecsc-1953-cf0eadd8.wav,10.000000,20.000000,24000,1953,Kenny Drew,Kenny Drew
3,train,drewk-illrememberapril-wrightespecsc-1953-cf0eadd8__00002,drewk-illrememberapril-wrightespecsc-1953-cf0eadd8,Ill Remember April,3,Kenny Drew / Kenny Drew,0,0,data/processed/jtd_group_cv_16/audio_24k_mono/drewk-illrememberapril-wrightespecsc-1953-cf0eadd8.wav,20.000000,20.000000,24000,1953,Kenny Drew,Kenny Drew
3,train,drewk-illrememberapril-wrightespecsc-1953-cf0eadd8__00003,drewk-illrememberapril-wrightespecsc-1953-cf0eadd8,Ill Remember April,3,Kenny Drew / Kenny Drew,0,0,data/processed/jtd_group_cv_16/audio_24k_mono/drewk-illrememberapril-wrightespecsc-1953-cf0eadd8.wav,30.000000,20.000000,24000,1953,Kenny Drew,Kenny Drew
3,train,drewk-illrememberapril-wrightespecsc-1953-cf0eadd8__00004,drewk-illrememberapril-wrightespecsc-1953-cf0eadd8,Ill Remember April,3,Kenny Drew / Kenny Drew,0,0,data/processed/jtd_group_cv_16/audio_24k_mono/drewk-illrememberapril-wrightespecsc-1953-cf0eadd8.wav,40.000000,20.000000,24000,1953,Kenny Drew,Kenny Drew
3,train,drewk-illrememberapril-wrightespecsc-1953-cf0eadd8__00005,drewk-illrememberapril-wrightespecsc-1953-cf0eadd8,Ill Remember April,3,Kenny Drew / Kenny Drew,0,0,data/processed/jtd_group_cv_16/audio_24k_mono/drewk-illrememberapril-wrightespecsc-1953-cf0eadd8.wav,50.000000,20.000000,24000,1953,Kenny Drew,Kenny Drew
3,train,drewk-illrememberapril-wrightespecsc-1953-cf0eadd8__00006,drewk-illrememberapril-wrightespecsc-1953-cf0eadd8,Ill Remember April,3,Kenny Drew / Kenny Drew,0,0,data/processed/jtd_group_cv_16/audio_24k_mono/drewk-illrememberapril-wrightespecsc-1953-cf0eadd8.wav,60.000000,20.000000,24000,1953,Kenny Drew,Kenny Drew
3,train,drewk-illrememberapril-wrightespecsc-1953-cf0eadd8__00007,drewk-illrememberapril-wrightespecsc-1953-cf0eadd8,Ill Remember April,3,Kenny Drew / Kenny Drew,0,0,data/processed/jtd_group_cv_16/audio_24k_mono/drewk-illrememberapril-wrightespecsc-1953-cf0eadd8.wav,70.000000,20.000000,24000,1953,Kenny Drew,Kenny Drew
3,train,drewk-illrememberapril-wrightespecsc-1953-cf0eadd8__00008,drewk-illrememberapril-wrightespecsc-1953-cf0eadd8,Ill Remember April,3,Kenny Drew / Kenny Drew,0,0,data/processed/jtd_group_cv_16/audio_24k_mono/drewk-illrememberapril-wrightespecsc-1953-cf0eadd8.wav,80.000000,20.000000,24000,1953,Kenny Drew,Kenny Drew
3,train,drewk-illrememberapril-wrightespecsc-1953-cf0eadd8__00009,drewk-illrememberapril-wrightespecsc-1953-cf0eadd8,Ill Remember April,3,Kenny Drew / Kenny Drew,0,0,data/processed/jtd_group_cv_16/audio_24k_mono/drewk-illrememberapril-wrightespecsc-1953-cf0eadd8.wav,90.000000,20.000000,24000,1953,Kenny Drew,Kenny Drew
3,train,drewk-illrememberapril-wrightespecsc-1953-cf0eadd8__00010,drewk-illrememberapril-wrightespecsc-1953-cf0eadd8,Ill Remember April,3,Kenny Drew / Kenny Drew,0,0,data/processed/jtd_group_cv_16/audio_24k_mono/drewk-illrememberapril-wrightespecsc-1953-cf0eadd8.wav,100.000000,20.000000,24000,1953,Kenny Drew,Kenny Drew
3,train,drewk-illrememberapril-wrightespecsc-1953-cf0eadd8__00011,drewk-illrememberapril-wrightespecsc-1953-cf0eadd8,Ill Remember April,3,Kenny Drew / Kenny Drew,0,0,data/processed/jtd_group_cv_16/audio_24k_mono/drewk-illrememberapril-wrightespecsc-1953-cf0eadd8.wav,110.000000,20.000000,24000,1953,Kenny Drew,Kenny Drew
3,train,drewk-illrememberapril-wrightespecsc-1953-cf0eadd8__00012,drewk-illrememberapril-wrightespecsc-1953-cf0eadd8,Ill Remember April,3,Kenny Drew / Kenny Drew,0,0,data/processed/jtd_group_cv_16/audio_24k_mono/drewk-illrememberapril-wrightespecsc-1953-cf0eadd8.wav,120.000000,20.000000,24000,1953,Kenny Drew,Kenny Drew
3,train,drewk-illrememberapril-wrightespecsc-1953-cf0eadd8__00013,drewk-illrememberapril-wrightespecsc-1953-cf0eadd8,Ill Remember April,3,Kenny Drew / Kenny Drew,0,0,data/processed/jtd_group_cv_16/audio_24k_mono/drewk-illrememberapril-wrightespecsc-1953-cf0eadd8.wav,130.000000,20.000000,24000,1953,Kenny Drew,Kenny Drew
3,train,drewk-illrememberapril-wrightespecsc-1953-cf0eadd8__00014,drewk-illrememberapril-wrightespecsc-1953-cf0eadd8,Ill Remember April,3,Kenny Drew / Kenny Drew,0,0,data/processed/jtd_group_cv_16/audio_24k_mono/drewk-illrememberapril-wrightespecsc-1953-cf0eadd8.wav,140.000000,20.000000,24000,1953,Kenny Drew,Kenny Drew
3,train,drewk-illrememberapril-wrightespecsc-1953-cf0eadd8__00015,drewk-illrememberapril-wrightespecsc-1953-cf0eadd8,Ill Remember April,3,Kenny Drew / Kenny Drew,0,0,data/processed/jtd_group_cv_16/audio_24k_mono/drewk-illrememberapril-wrightespecsc-1953-cf0eadd8.wav,150.000000,20.000000,24000,1953,Kenny Drew,Kenny Drew
3,train,drewk-illrememberapril-wrightespecsc-1953-cf0eadd8__00016,drewk-illrememberapril-wrightespecsc-1953-cf0eadd8,Ill Remember April,3,Kenny Drew / Kenny Drew,0,0,data/processed/jtd_group_cv_16/audio_24k_mono/drewk-illrememberapril-wrightespecsc-1953-cf0eadd8.wav,160.000000,20.000000,24000,1953,Kenny Drew,Kenny Drew
3,train,drewk-illrememberapril-wrightespecsc-1953-cf0eadd8__00017,drewk-illrememberapril-wrightespecsc-1953-cf0eadd8,Ill Remember April,3,Kenny Drew / Kenny Drew,0,0,data/processed/jtd_group_cv_16/audio_24k_mono/drewk-illrememberapril-wrightespecsc-1953-cf0eadd8.wav,170.000000,20.000000,24000,1953,Kenny Drew,Kenny Drew
3,train,drewk-illrememberapril-wrightespecsc-1953-cf0eadd8__00018,drewk-illrememberapril-wrightespecsc-1953-cf0eadd8,Ill Remember April,3,Kenny Drew / Kenny Drew,0,0,data/processed/jtd_group_cv_16/audio_24k_mono/drewk-illrememberapril-wrightespecsc-1953-cf0eadd8.wav,180.000000,20.000000,24000,1953,Kenny Drew,Kenny Drew
3,train,drewk-illrememberapril-wrightespecsc-1953-cf0eadd8__00019,drewk-illrememberapril-wrightespecsc-1953-cf0eadd8,Ill Remember April,3,Kenny Drew / Kenny Drew,0,0,data/processed/jtd_group_cv_16/audio_24k_mono/drewk-illrememberapril-wrightespecsc-1953-cf0eadd8.wav,190.000000,20.000000,24000,1953,Kenny Drew,Kenny Drew
3,train,evansb-inyourownsweetway-johnsonmlabarberaj-1980-103a83ad__00000,evansb-inyourownsweetway-johnsonmlabarberaj-1980-103a83ad,In Your Own Sweet Way,4,Bill Evans / Bill Evans,0,0,data/processed/jtd_group_cv_16/audio_24k_mono/evansb-inyourownsweetway-johnsonmlabarberaj-1980-103a83ad.wav,0.000000,20.000000,24000,1980,Bill Evans,Bill Evans
3,train,evansb-inyourownsweetway-johnsonmlabarberaj-1980-103a83ad__00001,evansb-inyourownsweetway-johnsonmlabarberaj-1980-103a83ad,In Your Own Sweet Way,4,Bill Evans / Bill Evans,0,0,data/processed/jtd_group_cv_16/audio_24k_mono/evansb-inyourownsweetway-johnsonmlabarberaj-1980-103a83ad.wav,10.000000,20.000000,24000,1980,Bill Evans,Bill Evans
3,train,evansb-inyourownsweetway-johnsonmlabarberaj-1980-103a83ad__00002,evansb-inyourownsweetway-johnsonmlabarberaj-1980-103a83ad,In Your Own Sweet Way,4,Bill Evans / Bill Evans,0,0,data/processed/jtd_group_cv_16/audio_24k_mono/evansb-inyourownsweetway-johnsonmlabarberaj-1980-103a83ad.wav,20.000000,20.000000,24000,1980,Bill Evans,Bill Evans
3,train,evansb-inyourownsweetway-johnsonmlabarberaj-1980-103a83ad__00003,evansb-inyourownsweetway-johnsonmlabarberaj-1980-103a83ad,In Your Own Sweet Way,4,Bill Evans / Bill Evans,0,0,data/processed/jtd_group_cv_16/audio_24k_mono/evansb-inyourownsweetway-johnsonmlabarberaj-1980-103a83ad.wav,30.000000,20.000000,24000,1980,Bill Evans,Bill Evans
3,train,evansb-inyourownsweetway-johnsonmlabarberaj-1980-103a83ad__00004,evansb-inyourownsweetway-johnsonmlabarberaj-1980-103a83ad,In Your Own Sweet Way,4,Bill Evans / Bill Evans,0,0,data/processed/jtd_group_cv_16/audio_24k_mono/evansb-inyourownsweetway-johnsonmlabarberaj-1980-103a83ad.wav,40.000000,20.000000,24000,1980,Bill Evans,Bill Evans
3,train,evansb-inyourownsweetway-johnsonmlabarberaj-1980-103a83ad__00005,evansb-inyourownsweetway-johnsonmlabarberaj-1980-103a83ad,In Your Own Sweet Way,4,Bill Evans / Bill Evans,0,0,data/processed/jtd_group_cv_16/audio_24k_mono/evansb-inyourownsweetway-johnsonmlabarberaj-1980-103a83ad.wav,50.000000,20.000000,24000,1980,Bill Evans,Bill Evans
3,train,evansb-inyourownsweetway-johnsonmlabarberaj-1980-103a83ad__00006,evansb-inyourownsweetway-johnsonmlabarberaj-1980-103a83ad,In Your Own Sweet Way,4,Bill Evans / Bill Evans,0,0,data/processed/jtd_group_cv_16/audio_24k_mono/evansb-inyourownsweetway-johnsonmlabarberaj-1980-103a83ad.wav,60.000000,20.000000,24000,1980,Bill Evans,Bill Evans
3,train,evansb-inyourownsweetway-johnsonmlabarberaj-1980-103a83ad__00007,evansb-inyourownsweetway-johnsonmlabarberaj-1980-103a83ad,In Your Own Sweet Way,4,Bill Evans / Bill Evans,0,0,data/processed/jtd_group_cv_16/audio_24k_mono/evansb-inyourownsweetway-johnsonmlabarberaj-1980-103a83ad.wav,70.000000,20.000000,24000,1980,Bill Evans,Bill Evans
3,train,evansb-inyourownsweetway-johnsonmlabarberaj-1980-103a83ad__00008,evansb-inyourownsweetway-johnsonmlabarberaj-1980-103a83ad,In Your Own Sweet Way,4,Bill Evans / Bill Evans,0,0,data/processed/jtd_group_cv_16/audio_24k_mono/evansb-inyourownsweetway-johnsonmlabarberaj-1980-103a83ad.wav,80.000000,20.000000,24000,1980,Bill Evans,Bill Evans
3,train,evansb-inyourownsweetway-johnsonmlabarberaj-1980-103a83ad__00009,evansb-inyourownsweetway-johnsonmlabarberaj-1980-103a83ad,In Your Own Sweet Way,4,Bill Evans / Bill Evans,0,0,data/processed/jtd_group_cv_16/audio_24k_mono/evansb-inyourownsweetway-johnsonmlabarberaj-1980-103a83ad.wav,90.000000,20.000000,24000,1980,Bill Evans,Bill Evans
3,train,evansb-inyourownsweetway-johnsonmlabarberaj-1980-103a83ad__00010,evansb-inyourownsweetway-johnsonmlabarberaj-1980-103a83ad,In Your Own Sweet Way,4,Bill Evans / Bill Evans,0,0,data/processed/jtd_group_cv_16/audio_24k_mono/evansb-inyourownsweetway-johnsonmlabarberaj-1980-103a83ad.wav,100.000000,20.000000,24000,1980,Bill Evans,Bill Evans
3,train,evansb-inyourownsweetway-johnsonmlabarberaj-1980-103a83ad__00011,evansb-inyourownsweetway-johnsonmlabarberaj-1980-103a83ad,In Your Own Sweet Way,4,Bill Evans / Bill Evans,0,0,data/processed/jtd_group_cv_16/audio_24k_mono/evansb-inyourownsweetway-johnsonmlabarberaj-1980-103a83ad.wav,110.000000,20.000000,24000,1980,Bill Evans,Bill Evans
3,train,evansb-inyourownsweetway-johnsonmlabarberaj-1980-103a83ad__00012,evansb-inyourownsweetway-johnsonmlabarberaj-1980-103a83ad,In Your Own Sweet Way,4,Bill Evans / Bill Evans,0,0,data/processed/jtd_group_cv_16/audio_24k_mono/evansb-inyourownsweetway-johnsonmlabarberaj-1980-103a83ad.wav,120.000000,20.000000,24000,1980,Bill Evans,Bill Evans
3,train,jarrettk-inyourownsweetway-peacockgdejohnettej-1993-df10bb52__00000,jarrettk-inyourownsweetway-peacockgdejohnettej-1993-df10bb52,In Your Own Sweet Way,4,Keith Jarrett / Keith Jarrett,2,2,data/processed/jtd_group_cv_16/audio_24k_mono/jarrettk-inyourownsweetway-peacockgdejohnettej-1993-df10bb52.wav,0.000000,20.000000,24000,1993,Keith Jarrett,Keith Jarrett
3,train,jarrettk-inyourownsweetway-peacockgdejohnettej-1993-df10bb52__00001,jarrettk-inyourownsweetway-peacockgdejohnettej-1993-df10bb52,In Your Own Sweet Way,4,Keith Jarrett / Keith Jarrett,2,2,data/processed/jtd_group_cv_16/audio_24k_mono/jarrettk-inyourownsweetway-peacockgdejohnettej-1993-df10bb52.wav,10.000000,20.000000,24000,1993,Keith Jarrett,Keith Jarrett
3,train,jarrettk-inyourownsweetway-peacockgdejohnettej-1993-df10bb52__00002,jarrettk-inyourownsweetway-peacockgdejohnettej-1993-df10bb52,In Your Own Sweet Way,4,Keith Jarrett / Keith Jarrett,2,2,data/processed/jtd_group_cv_16/audio_24k_mono/jarrettk-inyourownsweetway-peacockgdejohnettej-1993-df10bb52.wav,20.000000,20.000000,24000,1993,Keith Jarrett,Keith Jarrett
3,train,jarrettk-inyourownsweetway-peacockgdejohnettej-1993-df10bb52__00003,jarrettk-inyourownsweetway-peacockgdejohnettej-1993-df10bb52,In Your Own Sweet Way,4,Keith Jarrett / Keith Jarrett,2,2,data/processed/jtd_group_cv_16/audio_24k_mono/jarrettk-inyourownsweetway-peacockgdejohnettej-1993-df10bb52.wav,30.000000,20.000000,24000,1993,Keith Jarrett,Keith Jarrett
3,train,jarrettk-inyourownsweetway-peacockgdejohnettej-1993-df10bb52__00004,jarrettk-inyourownsweetway-peacockgdejohnettej-1993-df10bb52,In Your Own Sweet Way,4,Keith Jarrett / Keith Jarrett,2,2,data/processed/jtd_group_cv_16/audio_24k_mono/jarrettk-inyourownsweetway-peacockgdejohnettej-1993-df10bb52.wav,40.000000,20.000000,24000,1993,Keith Jarrett,Keith Jarrett
3,train,jarrettk-inyourownsweetway-peacockgdejohnettej-1993-df10bb52__00005,jarrettk-inyourownsweetway-peacockgdejohnettej-1993-df10bb52,In Your Own Sweet Way,4,Keith Jarrett / Keith Jarrett,2,2,data/processed/jtd_group_cv_16/audio_24k_mono/jarrettk-inyourownsweetway-peacockgdejohnettej-1993-df10bb52.wav,50.000000,20.000000,24000,1993,Keith Jarrett,Keith Jarrett
3,train,jarrettk-inyourownsweetway-peacockgdejohnettej-1993-df10bb52__00006,jarrettk-inyourownsweetway-peacockgdejohnettej-1993-df10bb52,In Your Own Sweet Way,4,Keith Jarrett / Keith Jarrett,2,2,data/processed/jtd_group_cv_16/audio_24k_mono/jarrettk-inyourownsweetway-peacockgdejohnettej-1993-df10bb52.wav,60.000000,20.000000,24000,1993,Keith Jarrett,Keith Jarrett
3,train,jarrettk-inyourownsweetway-peacockgdejohnettej-1993-df10bb52__00007,jarrettk-inyourownsweetway-peacockgdejohnettej-1993-df10bb52,In Your Own Sweet Way,4,Keith Jarrett / Keith Jarrett,2,2,data/processed/jtd_group_cv_16/audio_24k_mono/jarrettk-inyourownsweetway-peacockgdejohnettej-1993-df10bb52.wav,70.000000,20.000000,24000,1993,Keith Jarrett,Keith Jarrett
3,train,jarrettk-inyourownsweetway-peacockgdejohnettej-1993-df10bb52__00008,jarrettk-inyourownsweetway-peacockgdejohnettej-1993-df10bb52,In Your Own Sweet Way,4,Keith Jarrett / Keith Jarrett,2,2,data/processed/jtd_group_cv_16/audio_24k_mono/jarrettk-inyourownsweetway-peacockgdejohnettej-1993-df10bb52.wav,80.000000,20.000000,24000,1993,Keith Jarrett,Keith Jarrett
3,train,jarrettk-inyourownsweetway-peacockgdejohnettej-1993-df10bb52__00009,jarrettk-inyourownsweetway-peacockgdejohnettej-1993-df10bb52,In Your Own Sweet Way,4,Keith Jarrett / Keith Jarrett,2,2,data/processed/jtd_group_cv_16/audio_24k_mono/jarrettk-inyourownsweetway-peacockgdejohnettej-1993-df10bb52.wav,90.000000,20.000000,24000,1993,Keith Jarrett,Keith Jarrett
3,train,jarrettk-inyourownsweetway-peacockgdejohnettej-1993-df10bb52__00010,jarrettk-inyourownsweetway-peacockgdejohnettej-1993-df10bb52,In Your Own Sweet Way,4,Keith Jarrett / Keith Jarrett,2,2,data/processed/jtd_group_cv_16/audio_24k_mono/jarrettk-inyourownsweetway-peacockgdejohnettej-1993-df10bb52.wav,100.000000,20.000000,24000,1993,Keith Jarrett,Keith Jarrett
3,train,jarrettk-inyourownsweetway-peacockgdejohnettej-1993-df10bb52__00011,jarrettk-inyourownsweetway-peacockgdejohnettej-1993-df10bb52,In Your Own Sweet Way,4,Keith Jarrett / Keith Jarrett,2,2,data/processed/jtd_group_cv_16/audio_24k_mono/jarrettk-inyourownsweetway-peacockgdejohnettej-1993-df10bb52.wav,110.000000,20.000000,24000,1993,Keith Jarrett,Keith Jarrett
3,train,jarrettk-inyourownsweetway-peacockgdejohnettej-1993-df10bb52__00012,jarrettk-inyourownsweetway-peacockgdejohnettej-1993-df10bb52,In Your Own Sweet Way,4,Keith Jarrett / Keith Jarrett,2,2,data/processed/jtd_group_cv_16/audio_24k_mono/jarrettk-inyourownsweetway-peacockgdejohnettej-1993-df10bb52.wav,120.000000,20.000000,24000,1993,Keith Jarrett,Keith Jarrett
3,train,jarrettk-inyourownsweetway-peacockgdejohnettej-1993-df10bb52__00013,jarrettk-inyourownsweetway-peacockgdejohnettej-1993-df10bb52,In Your Own Sweet Way,4,Keith Jarrett / Keith Jarrett,2,2,data/processed/jtd_group_cv_16/audio_24k_mono/jarrettk-inyourownsweetway-peacockgdejohnettej-1993-df10bb52.wav,130.000000,20.000000,24000,1993,Keith Jarrett,Keith Jarrett
3,train,jarrettk-inyourownsweetway-peacockgdejohnettej-1993-df10bb52__00014,jarrettk-inyourownsweetway-peacockgdejohnettej-1993-df10bb52,In Your Own Sweet Way,4,Keith Jarrett / Keith Jarrett,2,2,data/processed/jtd_group_cv_16/audio_24k_mono/jarrettk-inyourownsweetway-peacockgdejohnettej-1993-df10bb52.wav,140.000000,20.000000,24000,1993,Keith Jarrett,Keith Jarrett
3,train,jarrettk-inyourownsweetway-peacockgdejohnettej-1993-df10bb52__00015,jarrettk-inyourownsweetway-peacockgdejohnettej-1993-df10bb52,In Your Own Sweet Way,4,Keith Jarrett / Keith Jarrett,2,2,data/processed/jtd_group_cv_16/audio_24k_mono/jarrettk-inyourownsweetway-peacockgdejohnettej-1993-df10bb52.wav,150.000000,20.000000,24000,1993,Keith Jarrett,Keith Jarrett
3,train,jarrettk-inyourownsweetway-peacockgdejohnettej-1993-df10bb52__00016,jarrettk-inyourownsweetway-peacockgdejohnettej-1993-df10bb52,In Your Own Sweet Way,4,Keith Jarrett / Keith Jarrett,2,2,data/processed/jtd_group_cv_16/audio_24k_mono/jarrettk-inyourownsweetway-peacockgdejohnettej-1993-df10bb52.wav,160.000000,20.000000,24000,1993,Keith Jarrett,Keith Jarrett
3,train,jarrettk-inyourownsweetway-peacockgdejohnettej-1993-df10bb52__00017,jarrettk-inyourownsweetway-peacockgdejohnettej-1993-df10bb52,In Your Own Sweet Way,4,Keith Jarrett / Keith Jarrett,2,2,data/processed/jtd_group_cv_16/audio_24k_mono/jarrettk-inyourownsweetway-peacockgdejohnettej-1993-df10bb52.wav,170.000000,20.000000,24000,1993,Keith Jarrett,Keith Jarrett
3,train,jarrettk-inyourownsweetway-peacockgdejohnettej-1993-df10bb52__00018,jarrettk-inyourownsweetway-peacockgdejohnettej-1993-df10bb52,In Your Own Sweet Way,4,Keith Jarrett / Keith Jarrett,2,2,data/processed/jtd_group_cv_16/audio_24k_mono/jarrettk-inyourownsweetway-peacockgdejohnettej-1993-df10bb52.wav,180.000000,20.000000,24000,1993,Keith Jarrett,Keith Jarrett
3,train,jarrettk-inyourownsweetway-peacockgdejohnettej-1993-df10bb52__00019,jarrettk-inyourownsweetway-peacockgdejohnettej-1993-df10bb52,In Your Own Sweet Way,4,Keith Jarrett / Keith Jarrett,2,2,data/processed/jtd_group_cv_16/audio_24k_mono/jarrettk-inyourownsweetway-peacockgdejohnettej-1993-df10bb52.wav,190.000000,20.000000,24000,1993,Keith Jarrett,Keith Jarrett
3,train,jarrettk-inyourownsweetway-peacockgdejohnettej-1993-df10bb52__00020,jarrettk-inyourownsweetway-peacockgdejohnettej-1993-df10bb52,In Your Own Sweet Way,4,Keith Jarrett / Keith Jarrett,2,2,data/processed/jtd_group_cv_16/audio_24k_mono/jarrettk-inyourownsweetway-peacockgdejohnettej-1993-df10bb52.wav,200.000000,20.000000,24000,1993,Keith Jarrett,Keith Jarrett
3,train,jarrettk-inyourownsweetway-peacockgdejohnettej-1993-df10bb52__00021,jarrettk-inyourownsweetway-peacockgdejohnettej-1993-df10bb52,In Your Own Sweet Way,4,Keith Jarrett / Keith Jarrett,2,2,data/processed/jtd_group_cv_16/audio_24k_mono/jarrettk-inyourownsweetway-peacockgdejohnettej-1993-df10bb52.wav,210.000000,20.000000,24000,1993,Keith Jarrett,Keith Jarrett
3,train,jarrettk-inyourownsweetway-peacockgdejohnettej-1993-df10bb52__00022,jarrettk-inyourownsweetway-peacockgdejohnettej-1993-df10bb52,In Your Own Sweet Way,4,Keith Jarrett / Keith Jarrett,2,2,data/processed/jtd_group_cv_16/audio_24k_mono/jarrettk-inyourownsweetway-peacockgdejohnettej-1993-df10bb52.wav,220.000000,20.000000,24000,1993,Keith Jarrett,Keith Jarrett
3,train,jarrettk-inyourownsweetway-peacockgdejohnettej-1993-df10bb52__00023,jarrettk-inyourownsweetway-peacockgdejohnettej-1993-df10bb52,In Your Own Sweet Way,4,Keith Jarrett / Keith Jarrett,2,2,data/processed/jtd_group_cv_16/audio_24k_mono/jarrettk-inyourownsweetway-peacockgdejohnettej-1993-df10bb52.wav,230.000000,20.000000,24000,1993,Keith Jarrett,Keith Jarrett
3,train,jarrettk-inyourownsweetway-peacockgdejohnettej-1993-df10bb52__00024,jarrettk-inyourownsweetway-peacockgdejohnettej-1993-df10bb52,In Your Own Sweet Way,4,Keith Jarrett / Keith Jarrett,2,2,data/processed/jtd_group_cv_16/audio_24k_mono/jarrettk-inyourownsweetway-peacockgdejohnettej-1993-df10bb52.wav,240.000000,20.000000,24000,1993,Keith Jarrett,Keith Jarrett
3,train,drewk-inyourownsweetway-rstednqueena-1990-3ab72aec__00000,drewk-inyourownsweetway-rstednqueena-1990-3ab72aec,In Your Own Sweet Way,4,Kenny Drew / Kenny Drew,1,1,data/processed/jtd_group_cv_16/audio_24k_mono/drewk-inyourownsweetway-rstednqueena-1990-3ab72aec.wav,0.000000,20.000000,24000,1990,Kenny Drew,Kenny Drew
3,train,drewk-inyourownsweetway-rstednqueena-1990-3ab72aec__00001,drewk-inyourownsweetway-rstednqueena-1990-3ab72aec,In Your Own Sweet Way,4,Kenny Drew / Kenny Drew,1,1,data/processed/jtd_group_cv_16/audio_24k_mono/drewk-inyourownsweetway-rstednqueena-1990-3ab72aec.wav,10.000000,20.000000,24000,1990,Kenny Drew,Kenny Drew
3,train,drewk-inyourownsweetway-rstednqueena-1990-3ab72aec__00002,drewk-inyourownsweetway-rstednqueena-1990-3ab72aec,In Your Own Sweet Way,4,Kenny Drew / Kenny Drew,1,1,data/processed/jtd_group_cv_16/audio_24k_mono/drewk-inyourownsweetway-rstednqueena-1990-3ab72aec.wav,20.000000,20.000000,24000,1990,Kenny Drew,Kenny Drew
3,train,drewk-inyourownsweetway-rstednqueena-1990-3ab72aec__00003,drewk-inyourownsweetway-rstednqueena-1990-3ab72aec,In Your Own Sweet Way,4,Kenny Drew / Kenny Drew,1,1,data/processed/jtd_group_cv_16/audio_24k_mono/drewk-inyourownsweetway-rstednqueena-1990-3ab72aec.wav,30.000000,20.000000,24000,1990,Kenny Drew,Kenny Drew
3,train,drewk-inyourownsweetway-rstednqueena-1990-3ab72aec__00004,drewk-inyourownsweetway-rstednqueena-1990-3ab72aec,In Your Own Sweet Way,4,Kenny Drew / Kenny Drew,1,1,data/processed/jtd_group_cv_16/audio_24k_mono/drewk-inyourownsweetway-rstednqueena-1990-3ab72aec.wav,40.000000,20.000000,24000,1990,Kenny Drew,Kenny Drew
3,train,drewk-inyourownsweetway-rstednqueena-1990-3ab72aec__00005,drewk-inyourownsweetway-rstednqueena-1990-3ab72aec,In Your Own Sweet Way,4,Kenny Drew / Kenny Drew,1,1,data/processed/jtd_group_cv_16/audio_24k_mono/drewk-inyourownsweetway-rstednqueena-1990-3ab72aec.wav,50.000000,20.000000,24000,1990,Kenny Drew,Kenny Drew
3,train,drewk-inyourownsweetway-rstednqueena-1990-3ab72aec__00006,drewk-inyourownsweetway-rstednqueena-1990-3ab72aec,In Your Own Sweet Way,4,Kenny Drew / Kenny Drew,1,1,data/processed/jtd_group_cv_16/audio_24k_mono/drewk-inyourownsweetway-rstednqueena-1990-3ab72aec.wav,60.000000,20.000000,24000,1990,Kenny Drew,Kenny Drew
3,train,drewk-inyourownsweetway-rstednqueena-1990-3ab72aec__00007,drewk-inyourownsweetway-rstednqueena-1990-3ab72aec,In Your Own Sweet Way,4,Kenny Drew / Kenny Drew,1,1,data/processed/jtd_group_cv_16/audio_24k_mono/drewk-inyourownsweetway-rstednqueena-1990-3ab72aec.wav,70.000000,20.000000,24000,1990,Kenny Drew,Kenny Drew
3,train,drewk-inyourownsweetway-rstednqueena-1990-3ab72aec__00008,drewk-inyourownsweetway-rstednqueena-1990-3ab72aec,In Your Own Sweet Way,4,Kenny Drew / Kenny Drew,1,1,data/processed/jtd_group_cv_16/audio_24k_mono/drewk-inyourownsweetway-rstednqueena-1990-3ab72aec.wav,80.000000,20.000000,24000,1990,Kenny Drew,Kenny Drew
3,train,drewk-inyourownsweetway-rstednqueena-1990-3ab72aec__00009,drewk-inyourownsweetway-rstednqueena-1990-3ab72aec,In Your Own Sweet Way,4,Kenny Drew / Kenny Drew,1,1,data/processed/jtd_group_cv_16/audio_24k_mono/drewk-inyourownsweetway-rstednqueena-1990-3ab72aec.wav,90.000000,20.000000,24000,1990,Kenny Drew,Kenny Drew
3,train,drewk-inyourownsweetway-rstednqueena-1990-3ab72aec__00010,drewk-inyourownsweetway-rstednqueena-1990-3ab72aec,In Your Own Sweet Way,4,Kenny Drew / Kenny Drew,1,1,data/processed/jtd_group_cv_16/audio_24k_mono/drewk-inyourownsweetway-rstednqueena-1990-3ab72aec.wav,100.000000,20.000000,24000,1990,Kenny Drew,Kenny Drew
3,train,drewk-inyourownsweetway-rstednqueena-1990-3ab72aec__00011,drewk-inyourownsweetway-rstednqueena-1990-3ab72aec,In Your Own Sweet Way,4,Kenny Drew / Kenny Drew,1,1,data/processed/jtd_group_cv_16/audio_24k_mono/drewk-inyourownsweetway-rstednqueena-1990-3ab72aec.wav,110.000000,20.000000,24000,1990,Kenny Drew,Kenny Drew
3,train,drewk-inyourownsweetway-rstednqueena-1990-3ab72aec__00012,drewk-inyourownsweetway-rstednqueena-1990-3ab72aec,In Your Own Sweet Way,4,Kenny Drew / Kenny Drew,1,1,data/processed/jtd_group_cv_16/audio_24k_mono/drewk-inyourownsweetway-rstednqueena-1990-3ab72aec.wav,120.000000,20.000000,24000,1990,Kenny Drew,Kenny Drew
3,train,drewk-inyourownsweetway-rstednqueena-1990-3ab72aec__00013,drewk-inyourownsweetway-rstednqueena-1990-3ab72aec,In Your Own Sweet Way,4,Kenny Drew / Kenny Drew,1,1,data/processed/jtd_group_cv_16/audio_24k_mono/drewk-inyourownsweetway-rstednqueena-1990-3ab72aec.wav,130.000000,20.000000,24000,1990,Kenny Drew,Kenny Drew
3,train,jamala-likesomeoneinlove-crosbyifournierv-1960-16d2bf10__00000,jamala-likesomeoneinlove-crosbyifournierv-1960-16d2bf10,Like Someone in Love,5,Ahmad Jamal / Ahmad Jamal,4,4,data/processed/jtd_group_cv_16/audio_24k_mono/jamala-likesomeoneinlove-crosbyifournierv-1960-16d2bf10.wav,0.000000,20.000000,24000,1960,Ahmad Jamal,Ahmad Jamal
3,train,jamala-likesomeoneinlove-crosbyifournierv-1960-16d2bf10__00001,jamala-likesomeoneinlove-crosbyifournierv-1960-16d2bf10,Like Someone in Love,5,Ahmad Jamal / Ahmad Jamal,4,4,data/processed/jtd_group_cv_16/audio_24k_mono/jamala-likesomeoneinlove-crosbyifournierv-1960-16d2bf10.wav,10.000000,20.000000,24000,1960,Ahmad Jamal,Ahmad Jamal
3,train,jamala-likesomeoneinlove-crosbyifournierv-1960-16d2bf10__00002,jamala-likesomeoneinlove-crosbyifournierv-1960-16d2bf10,Like Someone in Love,5,Ahmad Jamal / Ahmad Jamal,4,4,data/processed/jtd_group_cv_16/audio_24k_mono/jamala-likesomeoneinlove-crosbyifournierv-1960-16d2bf10.wav,20.000000,20.000000,24000,1960,Ahmad Jamal,Ahmad Jamal
3,train,jamala-likesomeoneinlove-crosbyifournierv-1960-16d2bf10__00003,jamala-likesomeoneinlove-crosbyifournierv-1960-16d2bf10,Like Someone in Love,5,Ahmad Jamal / Ahmad Jamal,4,4,data/processed/jtd_group_cv_16/audio_24k_mono/jamala-likesomeoneinlove-crosbyifournierv-1960-16d2bf10.wav,30.000000,20.000000,24000,1960,Ahmad Jamal,Ahmad Jamal
3,train,evansb-likesomeoneinlove-johnsonmlabarberaj-1980-f8b4f914__00000,evansb-likesomeoneinlove-johnsonmlabarberaj-1980-f8b4f914,Like Someone in Love,5,Bill Evans / Bill Evans,0,0,data/processed/jtd_group_cv_16/audio_24k_mono/evansb-likesomeoneinlove-johnsonmlabarberaj-1980-f8b4f914.wav,0.000000,20.000000,24000,1980,Bill Evans,Bill Evans
3,train,evansb-likesomeoneinlove-johnsonmlabarberaj-1980-f8b4f914__00001,evansb-likesomeoneinlove-johnsonmlabarberaj-1980-f8b4f914,Like Someone in Love,5,Bill Evans / Bill Evans,0,0,data/processed/jtd_group_cv_16/audio_24k_mono/evansb-likesomeoneinlove-johnsonmlabarberaj-1980-f8b4f914.wav,10.000000,20.000000,24000,1980,Bill Evans,Bill Evans
3,train,evansb-likesomeoneinlove-johnsonmlabarberaj-1980-f8b4f914__00002,evansb-likesomeoneinlove-johnsonmlabarberaj-1980-f8b4f914,Like Someone in Love,5,Bill Evans / Bill Evans,0,0,data/processed/jtd_group_cv_16/audio_24k_mono/evansb-likesomeoneinlove-johnsonmlabarberaj-1980-f8b4f914.wav,20.000000,20.000000,24000,1980,Bill Evans,Bill Evans
3,train,evansb-likesomeoneinlove-johnsonmlabarberaj-1980-f8b4f914__00003,evansb-likesomeoneinlove-johnsonmlabarberaj-1980-f8b4f914,Like Someone in Love,5,Bill Evans / Bill Evans,0,0,data/processed/jtd_group_cv_16/audio_24k_mono/evansb-likesomeoneinlove-johnsonmlabarberaj-1980-f8b4f914.wav,30.000000,20.000000,24000,1980,Bill Evans,Bill Evans
3,train,evansb-likesomeoneinlove-johnsonmlabarberaj-1980-f8b4f914__00004,evansb-likesomeoneinlove-johnsonmlabarberaj-1980-f8b4f914,Like Someone in Love,5,Bill Evans / Bill Evans,0,0,data/processed/jtd_group_cv_16/audio_24k_mono/evansb-likesomeoneinlove-johnsonmlabarberaj-1980-f8b4f914.wav,40.000000,20.000000,24000,1980,Bill Evans,Bill Evans
3,train,evansb-likesomeoneinlove-johnsonmlabarberaj-1980-f8b4f914__00005,evansb-likesomeoneinlove-johnsonmlabarberaj-1980-f8b4f914,Like Someone in Love,5,Bill Evans / Bill Evans,0,0,data/processed/jtd_group_cv_16/audio_24k_mono/evansb-likesomeoneinlove-johnsonmlabarberaj-1980-f8b4f914.wav,50.000000,20.000000,24000,1980,Bill Evans,Bill Evans
3,train,jonesh-likesomeoneinlove-duviviergjacksono-1977-75081d2b__00000,jonesh-likesomeoneinlove-duviviergjacksono-1977-75081d2b,Like Someone in Love,5,Hank Jones / Hank Jones,2,2,data/processed/jtd_group_cv_16/audio_24k_mono/jonesh-likesomeoneinlove-duviviergjacksono-1977-75081d2b.wav,0.000000,20.000000,24000,1977,Hank Jones,Hank Jones
3,train,jonesh-likesomeoneinlove-duviviergjacksono-1977-75081d2b__00001,jonesh-likesomeoneinlove-duviviergjacksono-1977-75081d2b,Like Someone in Love,5,Hank Jones / Hank Jones,2,2,data/processed/jtd_group_cv_16/audio_24k_mono/jonesh-likesomeoneinlove-duviviergjacksono-1977-75081d2b.wav,10.000000,20.000000,24000,1977,Hank Jones,Hank Jones
3,train,jonesh-likesomeoneinlove-duviviergjacksono-1977-75081d2b__00002,jonesh-likesomeoneinlove-duviviergjacksono-1977-75081d2b,Like Someone in Love,5,Hank Jones / Hank Jones,2,2,data/processed/jtd_group_cv_16/audio_24k_mono/jonesh-likesomeoneinlove-duviviergjacksono-1977-75081d2b.wav,20.000000,20.000000,24000,1977,Hank Jones,Hank Jones
3,train,jonesh-likesomeoneinlove-duviviergjacksono-1977-75081d2b__00003,jonesh-likesomeoneinlove-duviviergjacksono-1977-75081d2b,Like Someone in Love,5,Hank Jones / Hank Jones,2,2,data/processed/jtd_group_cv_16/audio_24k_mono/jonesh-likesomeoneinlove-duviviergjacksono-1977-75081d2b.wav,30.000000,20.000000,24000,1977,Hank Jones,Hank Jones
3,train,jonesh-likesomeoneinlove-duviviergjacksono-1977-75081d2b__00004,jonesh-likesomeoneinlove-duviviergjacksono-1977-75081d2b,Like Someone in Love,5,Hank Jones / Hank Jones,2,2,data/processed/jtd_group_cv_16/audio_24k_mono/jonesh-likesomeoneinlove-duviviergjacksono-1977-75081d2b.wav,40.000000,20.000000,24000,1977,Hank Jones,Hank Jones
3,train,tynerm-likesomeoneinlove-sharpeascotta-1991-4909cf12__00000,tynerm-likesomeoneinlove-sharpeascotta-1991-4909cf12,Like Someone in Love,5,McCoy Tyner / McCoy Tyner,1,1,data/processed/jtd_group_cv_16/audio_24k_mono/tynerm-likesomeoneinlove-sharpeascotta-1991-4909cf12.wav,0.000000,20.000000,24000,1991,McCoy Tyner,McCoy Tyner
3,train,tynerm-likesomeoneinlove-sharpeascotta-1991-4909cf12__00001,tynerm-likesomeoneinlove-sharpeascotta-1991-4909cf12,Like Someone in Love,5,McCoy Tyner / McCoy Tyner,1,1,data/processed/jtd_group_cv_16/audio_24k_mono/tynerm-likesomeoneinlove-sharpeascotta-1991-4909cf12.wav,10.000000,20.000000,24000,1991,McCoy Tyner,McCoy Tyner
3,train,tynerm-likesomeoneinlove-sharpeascotta-1991-4909cf12__00002,tynerm-likesomeoneinlove-sharpeascotta-1991-4909cf12,Like Someone in Love,5,McCoy Tyner / McCoy Tyner,1,1,data/processed/jtd_group_cv_16/audio_24k_mono/tynerm-likesomeoneinlove-sharpeascotta-1991-4909cf12.wav,20.000000,20.000000,24000,1991,McCoy Tyner,McCoy Tyner
3,train,tynerm-likesomeoneinlove-sharpeascotta-1991-4909cf12__00003,tynerm-likesomeoneinlove-sharpeascotta-1991-4909cf12,Like Someone in Love,5,McCoy Tyner / McCoy Tyner,1,1,data/processed/jtd_group_cv_16/audio_24k_mono/tynerm-likesomeoneinlove-sharpeascotta-1991-4909cf12.wav,30.000000,20.000000,24000,1991,McCoy Tyner,McCoy Tyner
3,train,tynerm-likesomeoneinlove-sharpeascotta-1991-4909cf12__00004,tynerm-likesomeoneinlove-sharpeascotta-1991-4909cf12,Like Someone in Love,5,McCoy Tyner / McCoy Tyner,1,1,data/processed/jtd_group_cv_16/audio_24k_mono/tynerm-likesomeoneinlove-sharpeascotta-1991-4909cf12.wav,40.000000,20.000000,24000,1991,McCoy Tyner,McCoy Tyner
3,train,tynerm-likesomeoneinlove-sharpeascotta-1991-4909cf12__00005,tynerm-likesomeoneinlove-sharpeascotta-1991-4909cf12,Like Someone in Love,5,McCoy Tyner / McCoy Tyner,1,1,data/processed/jtd_group_cv_16/audio_24k_mono/tynerm-likesomeoneinlove-sharpeascotta-1991-4909cf12.wav,50.000000,20.000000,24000,1991,McCoy Tyner,McCoy Tyner
3,train,tynerm-likesomeoneinlove-sharpeascotta-1991-4909cf12__00006,tynerm-likesomeoneinlove-sharpeascotta-1991-4909cf12,Like Someone in Love,5,McCoy Tyner / McCoy Tyner,1,1,data/processed/jtd_group_cv_16/audio_24k_mono/tynerm-likesomeoneinlove-sharpeascotta-1991-4909cf12.wav,60.000000,20.000000,24000,1991,McCoy Tyner,McCoy Tyner
3,train,tynerm-likesomeoneinlove-sharpeascotta-1991-4909cf12__00007,tynerm-likesomeoneinlove-sharpeascotta-1991-4909cf12,Like Someone in Love,5,McCoy Tyner / McCoy Tyner,1,1,data/processed/jtd_group_cv_16/audio_24k_mono/tynerm-likesomeoneinlove-sharpeascotta-1991-4909cf12.wav,70.000000,20.000000,24000,1991,McCoy Tyner,McCoy Tyner
3,train,tynerm-likesomeoneinlove-sharpeascotta-1991-4909cf12__00008,tynerm-likesomeoneinlove-sharpeascotta-1991-4909cf12,Like Someone in Love,5,McCoy Tyner / McCoy Tyner,1,1,data/processed/jtd_group_cv_16/audio_24k_mono/tynerm-likesomeoneinlove-sharpeascotta-1991-4909cf12.wav,80.000000,20.000000,24000,1991,McCoy Tyner,McCoy Tyner
3,train,tynerm-likesomeoneinlove-sharpeascotta-1991-4909cf12__00009,tynerm-likesomeoneinlove-sharpeascotta-1991-4909cf12,Like Someone in Love,5,McCoy Tyner / McCoy Tyner,1,1,data/processed/jtd_group_cv_16/audio_24k_mono/tynerm-likesomeoneinlove-sharpeascotta-1991-4909cf12.wav,90.000000,20.000000,24000,1991,McCoy Tyner,McCoy Tyner
3,train,tynerm-likesomeoneinlove-sharpeascotta-1991-4909cf12__00010,tynerm-likesomeoneinlove-sharpeascotta-1991-4909cf12,Like Someone in Love,5,McCoy Tyner / McCoy Tyner,1,1,data/processed/jtd_group_cv_16/audio_24k_mono/tynerm-likesomeoneinlove-sharpeascotta-1991-4909cf12.wav,100.000000,20.000000,24000,1991,McCoy Tyner,McCoy Tyner
3,train,tynerm-likesomeoneinlove-sharpeascotta-1991-4909cf12__00011,tynerm-likesomeoneinlove-sharpeascotta-1991-4909cf12,Like Someone in Love,5,McCoy Tyner / McCoy Tyner,1,1,data/processed/jtd_group_cv_16/audio_24k_mono/tynerm-likesomeoneinlove-sharpeascotta-1991-4909cf12.wav,110.000000,20.000000,24000,1991,McCoy Tyner,McCoy Tyner
3,train,tynerm-likesomeoneinlove-sharpeascotta-1991-4909cf12__00012,tynerm-likesomeoneinlove-sharpeascotta-1991-4909cf12,Like Someone in Love,5,McCoy Tyner / McCoy Tyner,1,1,data/processed/jtd_group_cv_16/audio_24k_mono/tynerm-likesomeoneinlove-sharpeascotta-1991-4909cf12.wav,120.000000,20.000000,24000,1991,McCoy Tyner,McCoy Tyner
3,train,tynerm-likesomeoneinlove-sharpeascotta-1991-4909cf12__00013,tynerm-likesomeoneinlove-sharpeascotta-1991-4909cf12,Like Someone in Love,5,McCoy Tyner / McCoy Tyner,1,1,data/processed/jtd_group_cv_16/audio_24k_mono/tynerm-likesomeoneinlove-sharpeascotta-1991-4909cf12.wav,130.000000,20.000000,24000,1991,McCoy Tyner,McCoy Tyner
3,train,tynerm-likesomeoneinlove-sharpeascotta-1991-4909cf12__00014,tynerm-likesomeoneinlove-sharpeascotta-1991-4909cf12,Like Someone in Love,5,McCoy Tyner / McCoy Tyner,1,1,data/processed/jtd_group_cv_16/audio_24k_mono/tynerm-likesomeoneinlove-sharpeascotta-1991-4909cf12.wav,140.000000,20.000000,24000,1991,McCoy Tyner,McCoy Tyner
3,train,tynerm-likesomeoneinlove-sharpeascotta-1991-4909cf12__00015,tynerm-likesomeoneinlove-sharpeascotta-1991-4909cf12,Like Someone in Love,5,McCoy Tyner / McCoy Tyner,1,1,data/processed/jtd_group_cv_16/audio_24k_mono/tynerm-likesomeoneinlove-sharpeascotta-1991-4909cf12.wav,150.000000,20.000000,24000,1991,McCoy Tyner,McCoy Tyner
3,train,tynerm-likesomeoneinlove-sharpeascotta-1991-4909cf12__00016,tynerm-likesomeoneinlove-sharpeascotta-1991-4909cf12,Like Someone in Love,5,McCoy Tyner / McCoy Tyner,1,1,data/processed/jtd_group_cv_16/audio_24k_mono/tynerm-likesomeoneinlove-sharpeascotta-1991-4909cf12.wav,160.000000,20.000000,24000,1991,McCoy Tyner,McCoy Tyner
3,train,tynerm-likesomeoneinlove-sharpeascotta-1991-4909cf12__00017,tynerm-likesomeoneinlove-sharpeascotta-1991-4909cf12,Like Someone in Love,5,McCoy Tyner / McCoy Tyner,1,1,data/processed/jtd_group_cv_16/audio_24k_mono/tynerm-likesomeoneinlove-sharpeascotta-1991-4909cf12.wav,170.000000,20.000000,24000,1991,McCoy Tyner,McCoy Tyner
3,train,flanagant-likesomeoneinlove-tuckerbbaileyd-1961-d5cd9dde__00000,flanagant-likesomeoneinlove-tuckerbbaileyd-1961-d5cd9dde,Like Someone in Love,5,Tommy Flanagan / Tommy Flanagan,5,5,data/processed/jtd_group_cv_16/audio_24k_mono/flanagant-likesomeoneinlove-tuckerbbaileyd-1961-d5cd9dde.wav,0.000000,20.000000,24000,1961,Tommy Flanagan,Tommy Flanagan
3,train,flanagant-likesomeoneinlove-tuckerbbaileyd-1961-d5cd9dde__00001,flanagant-likesomeoneinlove-tuckerbbaileyd-1961-d5cd9dde,Like Someone in Love,5,Tommy Flanagan / Tommy Flanagan,5,5,data/processed/jtd_group_cv_16/audio_24k_mono/flanagant-likesomeoneinlove-tuckerbbaileyd-1961-d5cd9dde.wav,10.000000,20.000000,24000,1961,Tommy Flanagan,Tommy Flanagan
3,train,flanagant-likesomeoneinlove-tuckerbbaileyd-1961-d5cd9dde__00002,flanagant-likesomeoneinlove-tuckerbbaileyd-1961-d5cd9dde,Like Someone in Love,5,Tommy Flanagan / Tommy Flanagan,5,5,data/processed/jtd_group_cv_16/audio_24k_mono/flanagant-likesomeoneinlove-tuckerbbaileyd-1961-d5cd9dde.wav,20.000000,20.000000,24000,1961,Tommy Flanagan,Tommy Flanagan
3,train,flanagant-likesomeoneinlove-tuckerbbaileyd-1961-d5cd9dde__00003,flanagant-likesomeoneinlove-tuckerbbaileyd-1961-d5cd9dde,Like Someone in Love,5,Tommy Flanagan / Tommy Flanagan,5,5,data/processed/jtd_group_cv_16/audio_24k_mono/flanagant-likesomeoneinlove-tuckerbbaileyd-1961-d5cd9dde.wav,30.000000,20.000000,24000,1961,Tommy Flanagan,Tommy Flanagan
3,train,evansb-myromance-johnsonmlabarberaj-1977-6fe9d497__00000,evansb-myromance-johnsonmlabarberaj-1977-6fe9d497,My Romance,6,Bill Evans / Bill Evans,2,2,data/processed/jtd_group_cv_16/audio_24k_mono/evansb-myromance-johnsonmlabarberaj-1977-6fe9d497.wav,0.000000,20.000000,24000,1977,Bill Evans,Bill Evans
3,train,hawesh-myromance-mitchellrduckd-1966-b64be2c4__00000,hawesh-myromance-mitchellrduckd-1966-b64be2c4,My Romance,6,Hampton Hawes / Hampton Hawes,0,0,data/processed/jtd_group_cv_16/audio_24k_mono/hawesh-myromance-mitchellrduckd-1966-b64be2c4.wav,0.000000,20.000000,24000,1966,Hampton Hawes,Hampton Hawes
3,train,hawesh-myromance-mitchellrduckd-1966-b64be2c4__00001,hawesh-myromance-mitchellrduckd-1966-b64be2c4,My Romance,6,Hampton Hawes / Hampton Hawes,0,0,data/processed/jtd_group_cv_16/audio_24k_mono/hawesh-myromance-mitchellrduckd-1966-b64be2c4.wav,10.000000,20.000000,24000,1966,Hampton Hawes,Hampton Hawes
3,train,brownr-myromance-moronidnashl-1994-21fb6b42__00000,brownr-myromance-moronidnashl-1994-21fb6b42,My Romance,6,Ray Brown / Dado Moroni,1,1,data/processed/jtd_group_cv_16/audio_24k_mono/brownr-myromance-moronidnashl-1994-21fb6b42.wav,0.000000,20.000000,24000,1994,Ray Brown,Dado Moroni
3,train,brownr-myromance-moronidnashl-1994-21fb6b42__00001,brownr-myromance-moronidnashl-1994-21fb6b42,My Romance,6,Ray Brown / Dado Moroni,1,1,data/processed/jtd_group_cv_16/audio_24k_mono/brownr-myromance-moronidnashl-1994-21fb6b42.wav,10.000000,20.000000,24000,1994,Ray Brown,Dado Moroni
3,train,brownr-myromance-moronidnashl-1994-21fb6b42__00002,brownr-myromance-moronidnashl-1994-21fb6b42,My Romance,6,Ray Brown / Dado Moroni,1,1,data/processed/jtd_group_cv_16/audio_24k_mono/brownr-myromance-moronidnashl-1994-21fb6b42.wav,20.000000,20.000000,24000,1994,Ray Brown,Dado Moroni
3,train,brownr-myromance-moronidnashl-1994-21fb6b42__00003,brownr-myromance-moronidnashl-1994-21fb6b42,My Romance,6,Ray Brown / Dado Moroni,1,1,data/processed/jtd_group_cv_16/audio_24k_mono/brownr-myromance-moronidnashl-1994-21fb6b42.wav,30.000000,20.000000,24000,1994,Ray Brown,Dado Moroni
3,train,brownr-myromance-moronidnashl-1994-21fb6b42__00004,brownr-myromance-moronidnashl-1994-21fb6b42,My Romance,6,Ray Brown / Dado Moroni,1,1,data/processed/jtd_group_cv_16/audio_24k_mono/brownr-myromance-moronidnashl-1994-21fb6b42.wav,40.000000,20.000000,24000,1994,Ray Brown,Dado Moroni
3,train,brownr-myromance-moronidnashl-1994-21fb6b42__00005,brownr-myromance-moronidnashl-1994-21fb6b42,My Romance,6,Ray Brown / Dado Moroni,1,1,data/processed/jtd_group_cv_16/audio_24k_mono/brownr-myromance-moronidnashl-1994-21fb6b42.wav,50.000000,20.000000,24000,1994,Ray Brown,Dado Moroni
3,train,jamala-ongreendolphinstreet-crosbyifournierv-1959-8ff3c6f7__00000,jamala-ongreendolphinstreet-crosbyifournierv-1959-8ff3c6f7,On Green Dolphin Street,7,Ahmad Jamal / Ahmad Jamal,0,0,data/processed/jtd_group_cv_16/audio_24k_mono/jamala-ongreendolphinstreet-crosbyifournierv-1959-8ff3c6f7.wav,0.000000,20.000000,24000,1959,Ahmad Jamal,Ahmad Jamal
3,train,jamala-ongreendolphinstreet-crosbyifournierv-1959-8ff3c6f7__00001,jamala-ongreendolphinstreet-crosbyifournierv-1959-8ff3c6f7,On Green Dolphin Street,7,Ahmad Jamal / Ahmad Jamal,0,0,data/processed/jtd_group_cv_16/audio_24k_mono/jamala-ongreendolphinstreet-crosbyifournierv-1959-8ff3c6f7.wav,10.000000,20.000000,24000,1959,Ahmad Jamal,Ahmad Jamal
3,train,jamala-ongreendolphinstreet-crosbyifournierv-1959-8ff3c6f7__00002,jamala-ongreendolphinstreet-crosbyifournierv-1959-8ff3c6f7,On Green Dolphin Street,7,Ahmad Jamal / Ahmad Jamal,0,0,data/processed/jtd_group_cv_16/audio_24k_mono/jamala-ongreendolphinstreet-crosbyifournierv-1959-8ff3c6f7.wav,20.000000,20.000000,24000,1959,Ahmad Jamal,Ahmad Jamal
3,train,jamala-ongreendolphinstreet-crosbyifournierv-1959-8ff3c6f7__00003,jamala-ongreendolphinstreet-crosbyifournierv-1959-8ff3c6f7,On Green Dolphin Street,7,Ahmad Jamal / Ahmad Jamal,0,0,data/processed/jtd_group_cv_16/audio_24k_mono/jamala-ongreendolphinstreet-crosbyifournierv-1959-8ff3c6f7.wav,30.000000,20.000000,24000,1959,Ahmad Jamal,Ahmad Jamal
3,train,jamala-ongreendolphinstreet-crosbyifournierv-1959-8ff3c6f7__00004,jamala-ongreendolphinstreet-crosbyifournierv-1959-8ff3c6f7,On Green Dolphin Street,7,Ahmad Jamal / Ahmad Jamal,0,0,data/processed/jtd_group_cv_16/audio_24k_mono/jamala-ongreendolphinstreet-crosbyifournierv-1959-8ff3c6f7.wav,40.000000,20.000000,24000,1959,Ahmad Jamal,Ahmad Jamal
3,train,jamala-ongreendolphinstreet-crosbyifournierv-1959-8ff3c6f7__00005,jamala-ongreendolphinstreet-crosbyifournierv-1959-8ff3c6f7,On Green Dolphin Street,7,Ahmad Jamal / Ahmad Jamal,0,0,data/processed/jtd_group_cv_16/audio_24k_mono/jamala-ongreendolphinstreet-crosbyifournierv-1959-8ff3c6f7.wav,50.000000,20.000000,24000,1959,Ahmad Jamal,Ahmad Jamal
3,train,jamala-ongreendolphinstreet-crosbyifournierv-1959-8ff3c6f7__00006,jamala-ongreendolphinstreet-crosbyifournierv-1959-8ff3c6f7,On Green Dolphin Street,7,Ahmad Jamal / Ahmad Jamal,0,0,data/processed/jtd_group_cv_16/audio_24k_mono/jamala-ongreendolphinstreet-crosbyifournierv-1959-8ff3c6f7.wav,60.000000,20.000000,24000,1959,Ahmad Jamal,Ahmad Jamal
3,train,jamala-ongreendolphinstreet-crosbyifournierv-1959-8ff3c6f7__00007,jamala-ongreendolphinstreet-crosbyifournierv-1959-8ff3c6f7,On Green Dolphin Street,7,Ahmad Jamal / Ahmad Jamal,0,0,data/processed/jtd_group_cv_16/audio_24k_mono/jamala-ongreendolphinstreet-crosbyifournierv-1959-8ff3c6f7.wav,70.000000,20.000000,24000,1959,Ahmad Jamal,Ahmad Jamal
3,train,evansb-ongreendolphinstreet-gomezedejohnettej-1967-e580f47d__00000,evansb-ongreendolphinstreet-gomezedejohnettej-1967-e580f47d,On Green Dolphin Street,7,Bill Evans / Bill Evans,1,1,data/processed/jtd_group_cv_16/audio_24k_mono/evansb-ongreendolphinstreet-gomezedejohnettej-1967-e580f47d.wav,0.000000,20.000000,24000,1967,Bill Evans,Bill Evans
3,train,evansb-ongreendolphinstreet-gomezedejohnettej-1967-e580f47d__00001,evansb-ongreendolphinstreet-gomezedejohnettej-1967-e580f47d,On Green Dolphin Street,7,Bill Evans / Bill Evans,1,1,data/processed/jtd_group_cv_16/audio_24k_mono/evansb-ongreendolphinstreet-gomezedejohnettej-1967-e580f47d.wav,10.000000,20.000000,24000,1967,Bill Evans,Bill Evans
3,train,evansb-ongreendolphinstreet-gomezedejohnettej-1967-e580f47d__00002,evansb-ongreendolphinstreet-gomezedejohnettej-1967-e580f47d,On Green Dolphin Street,7,Bill Evans / Bill Evans,1,1,data/processed/jtd_group_cv_16/audio_24k_mono/evansb-ongreendolphinstreet-gomezedejohnettej-1967-e580f47d.wav,20.000000,20.000000,24000,1967,Bill Evans,Bill Evans
3,train,evansb-ongreendolphinstreet-gomezedejohnettej-1967-e580f47d__00003,evansb-ongreendolphinstreet-gomezedejohnettej-1967-e580f47d,On Green Dolphin Street,7,Bill Evans / Bill Evans,1,1,data/processed/jtd_group_cv_16/audio_24k_mono/evansb-ongreendolphinstreet-gomezedejohnettej-1967-e580f47d.wav,30.000000,20.000000,24000,1967,Bill Evans,Bill Evans
3,train,evansb-ongreendolphinstreet-gomezedejohnettej-1967-e580f47d__00004,evansb-ongreendolphinstreet-gomezedejohnettej-1967-e580f47d,On Green Dolphin Street,7,Bill Evans / Bill Evans,1,1,data/processed/jtd_group_cv_16/audio_24k_mono/evansb-ongreendolphinstreet-gomezedejohnettej-1967-e580f47d.wav,40.000000,20.000000,24000,1967,Bill Evans,Bill Evans
3,train,evansb-ongreendolphinstreet-gomezedejohnettej-1967-e580f47d__00005,evansb-ongreendolphinstreet-gomezedejohnettej-1967-e580f47d,On Green Dolphin Street,7,Bill Evans / Bill Evans,1,1,data/processed/jtd_group_cv_16/audio_24k_mono/evansb-ongreendolphinstreet-gomezedejohnettej-1967-e580f47d.wav,50.000000,20.000000,24000,1967,Bill Evans,Bill Evans
3,train,petersono-ongreendolphinstreet-brownrthigpene-1961-940fa118__00000,petersono-ongreendolphinstreet-brownrthigpene-1961-940fa118,On Green Dolphin Street,7,Oscar Peterson / Oscar Peterson,5,5,data/processed/jtd_group_cv_16/audio_24k_mono/petersono-ongreendolphinstreet-brownrthigpene-1961-940fa118.wav,0.000000,20.000000,24000,1961,Oscar Peterson,Oscar Peterson
3,train,petersono-ongreendolphinstreet-brownrthigpene-1961-940fa118__00001,petersono-ongreendolphinstreet-brownrthigpene-1961-940fa118,On Green Dolphin Street,7,Oscar Peterson / Oscar Peterson,5,5,data/processed/jtd_group_cv_16/audio_24k_mono/petersono-ongreendolphinstreet-brownrthigpene-1961-940fa118.wav,10.000000,20.000000,24000,1961,Oscar Peterson,Oscar Peterson
3,train,petersono-ongreendolphinstreet-brownrthigpene-1961-940fa118__00002,petersono-ongreendolphinstreet-brownrthigpene-1961-940fa118,On Green Dolphin Street,7,Oscar Peterson / Oscar Peterson,5,5,data/processed/jtd_group_cv_16/audio_24k_mono/petersono-ongreendolphinstreet-brownrthigpene-1961-940fa118.wav,20.000000,20.000000,24000,1961,Oscar Peterson,Oscar Peterson
3,train,petersono-ongreendolphinstreet-brownrthigpene-1961-940fa118__00003,petersono-ongreendolphinstreet-brownrthigpene-1961-940fa118,On Green Dolphin Street,7,Oscar Peterson / Oscar Peterson,5,5,data/processed/jtd_group_cv_16/audio_24k_mono/petersono-ongreendolphinstreet-brownrthigpene-1961-940fa118.wav,30.000000,20.000000,24000,1961,Oscar Peterson,Oscar Peterson
3,train,petersono-ongreendolphinstreet-brownrthigpene-1961-940fa118__00004,petersono-ongreendolphinstreet-brownrthigpene-1961-940fa118,On Green Dolphin Street,7,Oscar Peterson / Oscar Peterson,5,5,data/processed/jtd_group_cv_16/audio_24k_mono/petersono-ongreendolphinstreet-brownrthigpene-1961-940fa118.wav,40.000000,20.000000,24000,1961,Oscar Peterson,Oscar Peterson
3,train,petersono-ongreendolphinstreet-brownrthigpene-1961-940fa118__00005,petersono-ongreendolphinstreet-brownrthigpene-1961-940fa118,On Green Dolphin Street,7,Oscar Peterson / Oscar Peterson,5,5,data/processed/jtd_group_cv_16/audio_24k_mono/petersono-ongreendolphinstreet-brownrthigpene-1961-940fa118.wav,50.000000,20.000000,24000,1961,Oscar Peterson,Oscar Peterson
3,train,petersono-ongreendolphinstreet-brownrthigpene-1961-940fa118__00006,petersono-ongreendolphinstreet-brownrthigpene-1961-940fa118,On Green Dolphin Street,7,Oscar Peterson / Oscar Peterson,5,5,data/processed/jtd_group_cv_16/audio_24k_mono/petersono-ongreendolphinstreet-brownrthigpene-1961-940fa118.wav,60.000000,20.000000,24000,1961,Oscar Peterson,Oscar Peterson
3,train,petersono-ongreendolphinstreet-brownrthigpene-1961-940fa118__00007,petersono-ongreendolphinstreet-brownrthigpene-1961-940fa118,On Green Dolphin Street,7,Oscar Peterson / Oscar Peterson,5,5,data/processed/jtd_group_cv_16/audio_24k_mono/petersono-ongreendolphinstreet-brownrthigpene-1961-940fa118.wav,70.000000,20.000000,24000,1961,Oscar Peterson,Oscar Peterson
3,train,petersono-ongreendolphinstreet-brownrthigpene-1961-940fa118__00008,petersono-ongreendolphinstreet-brownrthigpene-1961-940fa118,On Green Dolphin Street,7,Oscar Peterson / Oscar Peterson,5,5,data/processed/jtd_group_cv_16/audio_24k_mono/petersono-ongreendolphinstreet-brownrthigpene-1961-940fa118.wav,80.000000,20.000000,24000,1961,Oscar Peterson,Oscar Peterson
3,train,petersono-ongreendolphinstreet-brownrthigpene-1961-940fa118__00009,petersono-ongreendolphinstreet-brownrthigpene-1961-940fa118,On Green Dolphin Street,7,Oscar Peterson / Oscar Peterson,5,5,data/processed/jtd_group_cv_16/audio_24k_mono/petersono-ongreendolphinstreet-brownrthigpene-1961-940fa118.wav,90.000000,20.000000,24000,1961,Oscar Peterson,Oscar Peterson
3,train,petersono-ongreendolphinstreet-brownrthigpene-1961-940fa118__00010,petersono-ongreendolphinstreet-brownrthigpene-1961-940fa118,On Green Dolphin Street,7,Oscar Peterson / Oscar Peterson,5,5,data/processed/jtd_group_cv_16/audio_24k_mono/petersono-ongreendolphinstreet-brownrthigpene-1961-940fa118.wav,100.000000,20.000000,24000,1961,Oscar Peterson,Oscar Peterson
3,train,petersono-ongreendolphinstreet-brownrthigpene-1961-940fa118__00011,petersono-ongreendolphinstreet-brownrthigpene-1961-940fa118,On Green Dolphin Street,7,Oscar Peterson / Oscar Peterson,5,5,data/processed/jtd_group_cv_16/audio_24k_mono/petersono-ongreendolphinstreet-brownrthigpene-1961-940fa118.wav,110.000000,20.000000,24000,1961,Oscar Peterson,Oscar Peterson
3,train,petersono-ongreendolphinstreet-brownrthigpene-1961-940fa118__00012,petersono-ongreendolphinstreet-brownrthigpene-1961-940fa118,On Green Dolphin Street,7,Oscar Peterson / Oscar Peterson,5,5,data/processed/jtd_group_cv_16/audio_24k_mono/petersono-ongreendolphinstreet-brownrthigpene-1961-940fa118.wav,120.000000,20.000000,24000,1961,Oscar Peterson,Oscar Peterson
3,train,petersono-ongreendolphinstreet-brownrthigpene-1961-940fa118__00013,petersono-ongreendolphinstreet-brownrthigpene-1961-940fa118,On Green Dolphin Street,7,Oscar Peterson / Oscar Peterson,5,5,data/processed/jtd_group_cv_16/audio_24k_mono/petersono-ongreendolphinstreet-brownrthigpene-1961-940fa118.wav,130.000000,20.000000,24000,1961,Oscar Peterson,Oscar Peterson
3,train,petersono-ongreendolphinstreet-brownrthigpene-1961-940fa118__00014,petersono-ongreendolphinstreet-brownrthigpene-1961-940fa118,On Green Dolphin Street,7,Oscar Peterson / Oscar Peterson,5,5,data/processed/jtd_group_cv_16/audio_24k_mono/petersono-ongreendolphinstreet-brownrthigpene-1961-940fa118.wav,140.000000,20.000000,24000,1961,Oscar Peterson,Oscar Peterson
3,train,petersono-ongreendolphinstreet-brownrthigpene-1961-940fa118__00015,petersono-ongreendolphinstreet-brownrthigpene-1961-940fa118,On Green Dolphin Street,7,Oscar Peterson / Oscar Peterson,5,5,data/processed/jtd_group_cv_16/audio_24k_mono/petersono-ongreendolphinstreet-brownrthigpene-1961-940fa118.wav,150.000000,20.000000,24000,1961,Oscar Peterson,Oscar Peterson
3,train,petersono-ongreendolphinstreet-brownrthigpene-1961-940fa118__00016,petersono-ongreendolphinstreet-brownrthigpene-1961-940fa118,On Green Dolphin Street,7,Oscar Peterson / Oscar Peterson,5,5,data/processed/jtd_group_cv_16/audio_24k_mono/petersono-ongreendolphinstreet-brownrthigpene-1961-940fa118.wav,160.000000,20.000000,24000,1961,Oscar Peterson,Oscar Peterson
3,train,petersono-ongreendolphinstreet-brownrthigpene-1961-940fa118__00017,petersono-ongreendolphinstreet-brownrthigpene-1961-940fa118,On Green Dolphin Street,7,Oscar Peterson / Oscar Peterson,5,5,data/processed/jtd_group_cv_16/audio_24k_mono/petersono-ongreendolphinstreet-brownrthigpene-1961-940fa118.wav,170.000000,20.000000,24000,1961,Oscar Peterson,Oscar Peterson
3,train,garlandr-ongreendolphinstreet-jonesspersipc-1961-b88d062a__00000,garlandr-ongreendolphinstreet-jonesspersipc-1961-b88d062a,On Green Dolphin Street,7,Red Garland / Red Garland,4,4,data/processed/jtd_group_cv_16/audio_24k_mono/garlandr-ongreendolphinstreet-jonesspersipc-1961-b88d062a.wav,0.000000,20.000000,24000,1961,Red Garland,Red Garland
3,train,garlandr-ongreendolphinstreet-jonesspersipc-1961-b88d062a__00001,garlandr-ongreendolphinstreet-jonesspersipc-1961-b88d062a,On Green Dolphin Street,7,Red Garland / Red Garland,4,4,data/processed/jtd_group_cv_16/audio_24k_mono/garlandr-ongreendolphinstreet-jonesspersipc-1961-b88d062a.wav,10.000000,20.000000,24000,1961,Red Garland,Red Garland
3,train,garlandr-ongreendolphinstreet-jonesspersipc-1961-b88d062a__00002,garlandr-ongreendolphinstreet-jonesspersipc-1961-b88d062a,On Green Dolphin Street,7,Red Garland / Red Garland,4,4,data/processed/jtd_group_cv_16/audio_24k_mono/garlandr-ongreendolphinstreet-jonesspersipc-1961-b88d062a.wav,20.000000,20.000000,24000,1961,Red Garland,Red Garland
3,train,kellyw-ongreendolphinstreet-chamberspcobbj-1955-3e123c7e__00000,kellyw-ongreendolphinstreet-chamberspcobbj-1955-3e123c7e,On Green Dolphin Street,7,Wynton Kelly / Wynton Kelly,2,2,data/processed/jtd_group_cv_16/audio_24k_mono/kellyw-ongreendolphinstreet-chamberspcobbj-1955-3e123c7e.wav,0.000000,20.000000,24000,1955,Wynton Kelly,Wynton Kelly
3,train,kellyw-ongreendolphinstreet-chamberspcobbj-1955-3e123c7e__00001,kellyw-ongreendolphinstreet-chamberspcobbj-1955-3e123c7e,On Green Dolphin Street,7,Wynton Kelly / Wynton Kelly,2,2,data/processed/jtd_group_cv_16/audio_24k_mono/kellyw-ongreendolphinstreet-chamberspcobbj-1955-3e123c7e.wav,10.000000,20.000000,24000,1955,Wynton Kelly,Wynton Kelly
3,train,kellyw-ongreendolphinstreet-chamberspcobbj-1955-3e123c7e__00002,kellyw-ongreendolphinstreet-chamberspcobbj-1955-3e123c7e,On Green Dolphin Street,7,Wynton Kelly / Wynton Kelly,2,2,data/processed/jtd_group_cv_16/audio_24k_mono/kellyw-ongreendolphinstreet-chamberspcobbj-1955-3e123c7e.wav,20.000000,20.000000,24000,1955,Wynton Kelly,Wynton Kelly
3,train,kellyw-ongreendolphinstreet-chamberspcobbj-1955-3e123c7e__00003,kellyw-ongreendolphinstreet-chamberspcobbj-1955-3e123c7e,On Green Dolphin Street,7,Wynton Kelly / Wynton Kelly,2,2,data/processed/jtd_group_cv_16/audio_24k_mono/kellyw-ongreendolphinstreet-chamberspcobbj-1955-3e123c7e.wav,30.000000,20.000000,24000,1955,Wynton Kelly,Wynton Kelly
3,train,kellyw-ongreendolphinstreet-chamberspcobbj-1955-3e123c7e__00004,kellyw-ongreendolphinstreet-chamberspcobbj-1955-3e123c7e,On Green Dolphin Street,7,Wynton Kelly / Wynton Kelly,2,2,data/processed/jtd_group_cv_16/audio_24k_mono/kellyw-ongreendolphinstreet-chamberspcobbj-1955-3e123c7e.wav,40.000000,20.000000,24000,1955,Wynton Kelly,Wynton Kelly
3,train,kellyw-ongreendolphinstreet-chamberspcobbj-1955-3e123c7e__00005,kellyw-ongreendolphinstreet-chamberspcobbj-1955-3e123c7e,On Green Dolphin Street,7,Wynton Kelly / Wynton Kelly,2,2,data/processed/jtd_group_cv_16/audio_24k_mono/kellyw-ongreendolphinstreet-chamberspcobbj-1955-3e123c7e.wav,50.000000,20.000000,24000,1955,Wynton Kelly,Wynton Kelly
3,train,kellyw-ongreendolphinstreet-chamberspcobbj-1955-3e123c7e__00006,kellyw-ongreendolphinstreet-chamberspcobbj-1955-3e123c7e,On Green Dolphin Street,7,Wynton Kelly / Wynton Kelly,2,2,data/processed/jtd_group_cv_16/audio_24k_mono/kellyw-ongreendolphinstreet-chamberspcobbj-1955-3e123c7e.wav,60.000000,20.000000,24000,1955,Wynton Kelly,Wynton Kelly
3,train,kellyw-ongreendolphinstreet-chamberspcobbj-1955-3e123c7e__00007,kellyw-ongreendolphinstreet-chamberspcobbj-1955-3e123c7e,On Green Dolphin Street,7,Wynton Kelly / Wynton Kelly,2,2,data/processed/jtd_group_cv_16/audio_24k_mono/kellyw-ongreendolphinstreet-chamberspcobbj-1955-3e123c7e.wav,70.000000,20.000000,24000,1955,Wynton Kelly,Wynton Kelly
3,train,kellyw-ongreendolphinstreet-chamberspcobbj-1955-3e123c7e__00008,kellyw-ongreendolphinstreet-chamberspcobbj-1955-3e123c7e,On Green Dolphin Street,7,Wynton Kelly / Wynton Kelly,2,2,data/processed/jtd_group_cv_16/audio_24k_mono/kellyw-ongreendolphinstreet-chamberspcobbj-1955-3e123c7e.wav,80.000000,20.000000,24000,1955,Wynton Kelly,Wynton Kelly
3,train,kellyw-ongreendolphinstreet-chamberspcobbj-1955-3e123c7e__00009,kellyw-ongreendolphinstreet-chamberspcobbj-1955-3e123c7e,On Green Dolphin Street,7,Wynton Kelly / Wynton Kelly,2,2,data/processed/jtd_group_cv_16/audio_24k_mono/kellyw-ongreendolphinstreet-chamberspcobbj-1955-3e123c7e.wav,90.000000,20.000000,24000,1955,Wynton Kelly,Wynton Kelly
3,train,kellyw-ongreendolphinstreet-chamberspcobbj-1955-3e123c7e__00010,kellyw-ongreendolphinstreet-chamberspcobbj-1955-3e123c7e,On Green Dolphin Street,7,Wynton Kelly / Wynton Kelly,2,2,data/processed/jtd_group_cv_16/audio_24k_mono/kellyw-ongreendolphinstreet-chamberspcobbj-1955-3e123c7e.wav,100.000000,20.000000,24000,1955,Wynton Kelly,Wynton Kelly
3,train,kellyw-ongreendolphinstreet-chamberspcobbj-1955-3e123c7e__00011,kellyw-ongreendolphinstreet-chamberspcobbj-1955-3e123c7e,On Green Dolphin Street,7,Wynton Kelly / Wynton Kelly,2,2,data/processed/jtd_group_cv_16/audio_24k_mono/kellyw-ongreendolphinstreet-chamberspcobbj-1955-3e123c7e.wav,110.000000,20.000000,24000,1955,Wynton Kelly,Wynton Kelly
3,train,kellyw-ongreendolphinstreet-chamberspcobbj-1955-3e123c7e__00012,kellyw-ongreendolphinstreet-chamberspcobbj-1955-3e123c7e,On Green Dolphin Street,7,Wynton Kelly / Wynton Kelly,2,2,data/processed/jtd_group_cv_16/audio_24k_mono/kellyw-ongreendolphinstreet-chamberspcobbj-1955-3e123c7e.wav,120.000000,20.000000,24000,1955,Wynton Kelly,Wynton Kelly
3,train,kellyw-ongreendolphinstreet-chamberspcobbj-1955-3e123c7e__00013,kellyw-ongreendolphinstreet-chamberspcobbj-1955-3e123c7e,On Green Dolphin Street,7,Wynton Kelly / Wynton Kelly,2,2,data/processed/jtd_group_cv_16/audio_24k_mono/kellyw-ongreendolphinstreet-chamberspcobbj-1955-3e123c7e.wav,130.000000,20.000000,24000,1955,Wynton Kelly,Wynton Kelly
3,train,kellyw-ongreendolphinstreet-chamberspcobbj-1955-3e123c7e__00014,kellyw-ongreendolphinstreet-chamberspcobbj-1955-3e123c7e,On Green Dolphin Street,7,Wynton Kelly / Wynton Kelly,2,2,data/processed/jtd_group_cv_16/audio_24k_mono/kellyw-ongreendolphinstreet-chamberspcobbj-1955-3e123c7e.wav,140.000000,20.000000,24000,1955,Wynton Kelly,Wynton Kelly
3,train,kellyw-ongreendolphinstreet-chamberspcobbj-1955-3e123c7e__00015,kellyw-ongreendolphinstreet-chamberspcobbj-1955-3e123c7e,On Green Dolphin Street,7,Wynton Kelly / Wynton Kelly,2,2,data/processed/jtd_group_cv_16/audio_24k_mono/kellyw-ongreendolphinstreet-chamberspcobbj-1955-3e123c7e.wav,150.000000,20.000000,24000,1955,Wynton Kelly,Wynton Kelly
3,train,kellyw-ongreendolphinstreet-chamberspcobbj-1955-3e123c7e__00016,kellyw-ongreendolphinstreet-chamberspcobbj-1955-3e123c7e,On Green Dolphin Street,7,Wynton Kelly / Wynton Kelly,2,2,data/processed/jtd_group_cv_16/audio_24k_mono/kellyw-ongreendolphinstreet-chamberspcobbj-1955-3e123c7e.wav,160.000000,20.000000,24000,1955,Wynton Kelly,Wynton Kelly
3,train,evansb-santaclausiscomingto-peacockgmotianp-1966-9adb51a4__00000,evansb-santaclausiscomingto-peacockgmotianp-1966-9adb51a4,Santa Claus Is Coming to Town,8,Bill Evans / Bill Evans,1,1,data/processed/jtd_group_cv_16/audio_24k_mono/evansb-santaclausiscomingto-peacockgmotianp-1966-9adb51a4.wav,0.000000,20.000000,24000,1966,Bill Evans,Bill Evans
3,train,evansb-santaclausiscomingto-peacockgmotianp-1966-9adb51a4__00001,evansb-santaclausiscomingto-peacockgmotianp-1966-9adb51a4,Santa Claus Is Coming to Town,8,Bill Evans / Bill Evans,1,1,data/processed/jtd_group_cv_16/audio_24k_mono/evansb-santaclausiscomingto-peacockgmotianp-1966-9adb51a4.wav,10.000000,20.000000,24000,1966,Bill Evans,Bill Evans
3,train,evansb-santaclausiscomingto-peacockgmotianp-1966-9adb51a4__00002,evansb-santaclausiscomingto-peacockgmotianp-1966-9adb51a4,Santa Claus Is Coming to Town,8,Bill Evans / Bill Evans,1,1,data/processed/jtd_group_cv_16/audio_24k_mono/evansb-santaclausiscomingto-peacockgmotianp-1966-9adb51a4.wav,20.000000,20.000000,24000,1966,Bill Evans,Bill Evans
3,train,evansb-santaclausiscomingto-peacockgmotianp-1966-9adb51a4__00003,evansb-santaclausiscomingto-peacockgmotianp-1966-9adb51a4,Santa Claus Is Coming to Town,8,Bill Evans / Bill Evans,1,1,data/processed/jtd_group_cv_16/audio_24k_mono/evansb-santaclausiscomingto-peacockgmotianp-1966-9adb51a4.wav,30.000000,20.000000,24000,1966,Bill Evans,Bill Evans
3,train,evansb-santaclausiscomingto-peacockgmotianp-1966-9adb51a4__00004,evansb-santaclausiscomingto-peacockgmotianp-1966-9adb51a4,Santa Claus Is Coming to Town,8,Bill Evans / Bill Evans,1,1,data/processed/jtd_group_cv_16/audio_24k_mono/evansb-santaclausiscomingto-peacockgmotianp-1966-9adb51a4.wav,40.000000,20.000000,24000,1966,Bill Evans,Bill Evans
3,train,evansb-santaclausiscomingto-peacockgmotianp-1966-9adb51a4__00005,evansb-santaclausiscomingto-peacockgmotianp-1966-9adb51a4,Santa Claus Is Coming to Town,8,Bill Evans / Bill Evans,1,1,data/processed/jtd_group_cv_16/audio_24k_mono/evansb-santaclausiscomingto-peacockgmotianp-1966-9adb51a4.wav,50.000000,20.000000,24000,1966,Bill Evans,Bill Evans
3,train,evansb-santaclausiscomingto-peacockgmotianp-1966-9adb51a4__00006,evansb-santaclausiscomingto-peacockgmotianp-1966-9adb51a4,Santa Claus Is Coming to Town,8,Bill Evans / Bill Evans,1,1,data/processed/jtd_group_cv_16/audio_24k_mono/evansb-santaclausiscomingto-peacockgmotianp-1966-9adb51a4.wav,60.000000,20.000000,24000,1966,Bill Evans,Bill Evans
3,train,jarrettk-santaclausiscomingto-peacockgdejohnettej-1998-22e04d0b__00000,jarrettk-santaclausiscomingto-peacockgdejohnettej-1998-22e04d0b,Santa Claus Is Coming to Town,8,Keith Jarrett / Keith Jarrett,2,2,data/processed/jtd_group_cv_16/audio_24k_mono/jarrettk-santaclausiscomingto-peacockgdejohnettej-1998-22e04d0b.wav,0.000000,20.000000,24000,1998,Keith Jarrett,Keith Jarrett
3,train,jarrettk-santaclausiscomingto-peacockgdejohnettej-1998-22e04d0b__00001,jarrettk-santaclausiscomingto-peacockgdejohnettej-1998-22e04d0b,Santa Claus Is Coming to Town,8,Keith Jarrett / Keith Jarrett,2,2,data/processed/jtd_group_cv_16/audio_24k_mono/jarrettk-santaclausiscomingto-peacockgdejohnettej-1998-22e04d0b.wav,10.000000,20.000000,24000,1998,Keith Jarrett,Keith Jarrett
3,train,jarrettk-santaclausiscomingto-peacockgdejohnettej-1998-22e04d0b__00002,jarrettk-santaclausiscomingto-peacockgdejohnettej-1998-22e04d0b,Santa Claus Is Coming to Town,8,Keith Jarrett / Keith Jarrett,2,2,data/processed/jtd_group_cv_16/audio_24k_mono/jarrettk-santaclausiscomingto-peacockgdejohnettej-1998-22e04d0b.wav,20.000000,20.000000,24000,1998,Keith Jarrett,Keith Jarrett
3,train,jarrettk-santaclausiscomingto-peacockgdejohnettej-1998-22e04d0b__00003,jarrettk-santaclausiscomingto-peacockgdejohnettej-1998-22e04d0b,Santa Claus Is Coming to Town,8,Keith Jarrett / Keith Jarrett,2,2,data/processed/jtd_group_cv_16/audio_24k_mono/jarrettk-santaclausiscomingto-peacockgdejohnettej-1998-22e04d0b.wav,30.000000,20.000000,24000,1998,Keith Jarrett,Keith Jarrett
3,train,jarrettk-santaclausiscomingto-peacockgdejohnettej-1998-22e04d0b__00004,jarrettk-santaclausiscomingto-peacockgdejohnettej-1998-22e04d0b,Santa Claus Is Coming to Town,8,Keith Jarrett / Keith Jarrett,2,2,data/processed/jtd_group_cv_16/audio_24k_mono/jarrettk-santaclausiscomingto-peacockgdejohnettej-1998-22e04d0b.wav,40.000000,20.000000,24000,1998,Keith Jarrett,Keith Jarrett
3,train,jarrettk-santaclausiscomingto-peacockgdejohnettej-1998-22e04d0b__00005,jarrettk-santaclausiscomingto-peacockgdejohnettej-1998-22e04d0b,Santa Claus Is Coming to Town,8,Keith Jarrett / Keith Jarrett,2,2,data/processed/jtd_group_cv_16/audio_24k_mono/jarrettk-santaclausiscomingto-peacockgdejohnettej-1998-22e04d0b.wav,50.000000,20.000000,24000,1998,Keith Jarrett,Keith Jarrett
3,train,jarrettk-santaclausiscomingto-peacockgdejohnettej-1998-22e04d0b__00006,jarrettk-santaclausiscomingto-peacockgdejohnettej-1998-22e04d0b,Santa Claus Is Coming to Town,8,Keith Jarrett / Keith Jarrett,2,2,data/processed/jtd_group_cv_16/audio_24k_mono/jarrettk-santaclausiscomingto-peacockgdejohnettej-1998-22e04d0b.wav,60.000000,20.000000,24000,1998,Keith Jarrett,Keith Jarrett
3,train,jarrettk-santaclausiscomingto-peacockgdejohnettej-1998-22e04d0b__00007,jarrettk-santaclausiscomingto-peacockgdejohnettej-1998-22e04d0b,Santa Claus Is Coming to Town,8,Keith Jarrett / Keith Jarrett,2,2,data/processed/jtd_group_cv_16/audio_24k_mono/jarrettk-santaclausiscomingto-peacockgdejohnettej-1998-22e04d0b.wav,70.000000,20.000000,24000,1998,Keith Jarrett,Keith Jarrett
3,train,jarrettk-santaclausiscomingto-peacockgdejohnettej-1998-22e04d0b__00008,jarrettk-santaclausiscomingto-peacockgdejohnettej-1998-22e04d0b,Santa Claus Is Coming to Town,8,Keith Jarrett / Keith Jarrett,2,2,data/processed/jtd_group_cv_16/audio_24k_mono/jarrettk-santaclausiscomingto-peacockgdejohnettej-1998-22e04d0b.wav,80.000000,20.000000,24000,1998,Keith Jarrett,Keith Jarrett
3,train,jarrettk-santaclausiscomingto-peacockgdejohnettej-1998-22e04d0b__00009,jarrettk-santaclausiscomingto-peacockgdejohnettej-1998-22e04d0b,Santa Claus Is Coming to Town,8,Keith Jarrett / Keith Jarrett,2,2,data/processed/jtd_group_cv_16/audio_24k_mono/jarrettk-santaclausiscomingto-peacockgdejohnettej-1998-22e04d0b.wav,90.000000,20.000000,24000,1998,Keith Jarrett,Keith Jarrett
3,train,jarrettk-santaclausiscomingto-peacockgdejohnettej-1998-22e04d0b__00010,jarrettk-santaclausiscomingto-peacockgdejohnettej-1998-22e04d0b,Santa Claus Is Coming to Town,8,Keith Jarrett / Keith Jarrett,2,2,data/processed/jtd_group_cv_16/audio_24k_mono/jarrettk-santaclausiscomingto-peacockgdejohnettej-1998-22e04d0b.wav,100.000000,20.000000,24000,1998,Keith Jarrett,Keith Jarrett
3,train,jarrettk-santaclausiscomingto-peacockgdejohnettej-1998-22e04d0b__00011,jarrettk-santaclausiscomingto-peacockgdejohnettej-1998-22e04d0b,Santa Claus Is Coming to Town,8,Keith Jarrett / Keith Jarrett,2,2,data/processed/jtd_group_cv_16/audio_24k_mono/jarrettk-santaclausiscomingto-peacockgdejohnettej-1998-22e04d0b.wav,110.000000,20.000000,24000,1998,Keith Jarrett,Keith Jarrett
3,train,jarrettk-santaclausiscomingto-peacockgdejohnettej-1998-22e04d0b__00012,jarrettk-santaclausiscomingto-peacockgdejohnettej-1998-22e04d0b,Santa Claus Is Coming to Town,8,Keith Jarrett / Keith Jarrett,2,2,data/processed/jtd_group_cv_16/audio_24k_mono/jarrettk-santaclausiscomingto-peacockgdejohnettej-1998-22e04d0b.wav,120.000000,20.000000,24000,1998,Keith Jarrett,Keith Jarrett
3,train,jarrettk-santaclausiscomingto-peacockgdejohnettej-1998-22e04d0b__00013,jarrettk-santaclausiscomingto-peacockgdejohnettej-1998-22e04d0b,Santa Claus Is Coming to Town,8,Keith Jarrett / Keith Jarrett,2,2,data/processed/jtd_group_cv_16/audio_24k_mono/jarrettk-santaclausiscomingto-peacockgdejohnettej-1998-22e04d0b.wav,130.000000,20.000000,24000,1998,Keith Jarrett,Keith Jarrett
3,train,jarrettk-santaclausiscomingto-peacockgdejohnettej-1998-22e04d0b__00014,jarrettk-santaclausiscomingto-peacockgdejohnettej-1998-22e04d0b,Santa Claus Is Coming to Town,8,Keith Jarrett / Keith Jarrett,2,2,data/processed/jtd_group_cv_16/audio_24k_mono/jarrettk-santaclausiscomingto-peacockgdejohnettej-1998-22e04d0b.wav,140.000000,20.000000,24000,1998,Keith Jarrett,Keith Jarrett
3,train,jarrettk-santaclausiscomingto-peacockgdejohnettej-1998-22e04d0b__00015,jarrettk-santaclausiscomingto-peacockgdejohnettej-1998-22e04d0b,Santa Claus Is Coming to Town,8,Keith Jarrett / Keith Jarrett,2,2,data/processed/jtd_group_cv_16/audio_24k_mono/jarrettk-santaclausiscomingto-peacockgdejohnettej-1998-22e04d0b.wav,150.000000,20.000000,24000,1998,Keith Jarrett,Keith Jarrett
3,train,jarrettk-santaclausiscomingto-peacockgdejohnettej-1998-22e04d0b__00016,jarrettk-santaclausiscomingto-peacockgdejohnettej-1998-22e04d0b,Santa Claus Is Coming to Town,8,Keith Jarrett / Keith Jarrett,2,2,data/processed/jtd_group_cv_16/audio_24k_mono/jarrettk-santaclausiscomingto-peacockgdejohnettej-1998-22e04d0b.wav,160.000000,20.000000,24000,1998,Keith Jarrett,Keith Jarrett
3,train,jarrettk-santaclausiscomingto-peacockgdejohnettej-1998-22e04d0b__00017,jarrettk-santaclausiscomingto-peacockgdejohnettej-1998-22e04d0b,Santa Claus Is Coming to Town,8,Keith Jarrett / Keith Jarrett,2,2,data/processed/jtd_group_cv_16/audio_24k_mono/jarrettk-santaclausiscomingto-peacockgdejohnettej-1998-22e04d0b.wav,170.000000,20.000000,24000,1998,Keith Jarrett,Keith Jarrett
3,train,jarrettk-santaclausiscomingto-peacockgdejohnettej-1998-22e04d0b__00018,jarrettk-santaclausiscomingto-peacockgdejohnettej-1998-22e04d0b,Santa Claus Is Coming to Town,8,Keith Jarrett / Keith Jarrett,2,2,data/processed/jtd_group_cv_16/audio_24k_mono/jarrettk-santaclausiscomingto-peacockgdejohnettej-1998-22e04d0b.wav,180.000000,20.000000,24000,1998,Keith Jarrett,Keith Jarrett
3,train,jarrettk-santaclausiscomingto-peacockgdejohnettej-1998-22e04d0b__00019,jarrettk-santaclausiscomingto-peacockgdejohnettej-1998-22e04d0b,Santa Claus Is Coming to Town,8,Keith Jarrett / Keith Jarrett,2,2,data/processed/jtd_group_cv_16/audio_24k_mono/jarrettk-santaclausiscomingto-peacockgdejohnettej-1998-22e04d0b.wav,190.000000,20.000000,24000,1998,Keith Jarrett,Keith Jarrett
3,train,bleyp-santaclausiscomingto-lundgaardjhartb-1985-6917dfd6__00000,bleyp-santaclausiscomingto-lundgaardjhartb-1985-6917dfd6,Santa Claus Is Coming to Town,8,Paul Bley / Paul Bley,0,0,data/processed/jtd_group_cv_16/audio_24k_mono/bleyp-santaclausiscomingto-lundgaardjhartb-1985-6917dfd6.wav,0.000000,20.000000,24000,1985,Paul Bley,Paul Bley
3,train,bleyp-santaclausiscomingto-lundgaardjhartb-1985-6917dfd6__00001,bleyp-santaclausiscomingto-lundgaardjhartb-1985-6917dfd6,Santa Claus Is Coming to Town,8,Paul Bley / Paul Bley,0,0,data/processed/jtd_group_cv_16/audio_24k_mono/bleyp-santaclausiscomingto-lundgaardjhartb-1985-6917dfd6.wav,10.000000,20.000000,24000,1985,Paul Bley,Paul Bley
3,train,bleyp-santaclausiscomingto-lundgaardjhartb-1985-6917dfd6__00002,bleyp-santaclausiscomingto-lundgaardjhartb-1985-6917dfd6,Santa Claus Is Coming to Town,8,Paul Bley / Paul Bley,0,0,data/processed/jtd_group_cv_16/audio_24k_mono/bleyp-santaclausiscomingto-lundgaardjhartb-1985-6917dfd6.wav,20.000000,20.000000,24000,1985,Paul Bley,Paul Bley
3,train,bleyp-santaclausiscomingto-lundgaardjhartb-1985-6917dfd6__00003,bleyp-santaclausiscomingto-lundgaardjhartb-1985-6917dfd6,Santa Claus Is Coming to Town,8,Paul Bley / Paul Bley,0,0,data/processed/jtd_group_cv_16/audio_24k_mono/bleyp-santaclausiscomingto-lundgaardjhartb-1985-6917dfd6.wav,30.000000,20.000000,24000,1985,Paul Bley,Paul Bley
3,train,bleyp-santaclausiscomingto-lundgaardjhartb-1985-6917dfd6__00004,bleyp-santaclausiscomingto-lundgaardjhartb-1985-6917dfd6,Santa Claus Is Coming to Town,8,Paul Bley / Paul Bley,0,0,data/processed/jtd_group_cv_16/audio_24k_mono/bleyp-santaclausiscomingto-lundgaardjhartb-1985-6917dfd6.wav,40.000000,20.000000,24000,1985,Paul Bley,Paul Bley
3,train,tynerm-satindoll-sharpeahayesl-1986-e475823a__00000,tynerm-satindoll-sharpeahayesl-1986-e475823a,Satin Doll,9,McCoy Tyner / McCoy Tyner,1,1,data/processed/jtd_group_cv_16/audio_24k_mono/tynerm-satindoll-sharpeahayesl-1986-e475823a.wav,0.000000,20.000000,24000,1986,McCoy Tyner,McCoy Tyner
3,train,tynerm-satindoll-sharpeahayesl-1986-e475823a__00001,tynerm-satindoll-sharpeahayesl-1986-e475823a,Satin Doll,9,McCoy Tyner / McCoy Tyner,1,1,data/processed/jtd_group_cv_16/audio_24k_mono/tynerm-satindoll-sharpeahayesl-1986-e475823a.wav,10.000000,20.000000,24000,1986,McCoy Tyner,McCoy Tyner
3,train,tynerm-satindoll-sharpeahayesl-1986-e475823a__00002,tynerm-satindoll-sharpeahayesl-1986-e475823a,Satin Doll,9,McCoy Tyner / McCoy Tyner,1,1,data/processed/jtd_group_cv_16/audio_24k_mono/tynerm-satindoll-sharpeahayesl-1986-e475823a.wav,20.000000,20.000000,24000,1986,McCoy Tyner,McCoy Tyner
3,train,tynerm-satindoll-sharpeahayesl-1986-e475823a__00003,tynerm-satindoll-sharpeahayesl-1986-e475823a,Satin Doll,9,McCoy Tyner / McCoy Tyner,1,1,data/processed/jtd_group_cv_16/audio_24k_mono/tynerm-satindoll-sharpeahayesl-1986-e475823a.wav,30.000000,20.000000,24000,1986,McCoy Tyner,McCoy Tyner
3,train,tynerm-satindoll-sharpeahayesl-1986-e475823a__00004,tynerm-satindoll-sharpeahayesl-1986-e475823a,Satin Doll,9,McCoy Tyner / McCoy Tyner,1,1,data/processed/jtd_group_cv_16/audio_24k_mono/tynerm-satindoll-sharpeahayesl-1986-e475823a.wav,40.000000,20.000000,24000,1986,McCoy Tyner,McCoy Tyner
3,train,tynerm-satindoll-sharpeahayesl-1986-e475823a__00005,tynerm-satindoll-sharpeahayesl-1986-e475823a,Satin Doll,9,McCoy Tyner / McCoy Tyner,1,1,data/processed/jtd_group_cv_16/audio_24k_mono/tynerm-satindoll-sharpeahayesl-1986-e475823a.wav,50.000000,20.000000,24000,1986,McCoy Tyner,McCoy Tyner
3,train,tynerm-satindoll-sharpeahayesl-1986-e475823a__00006,tynerm-satindoll-sharpeahayesl-1986-e475823a,Satin Doll,9,McCoy Tyner / McCoy Tyner,1,1,data/processed/jtd_group_cv_16/audio_24k_mono/tynerm-satindoll-sharpeahayesl-1986-e475823a.wav,60.000000,20.000000,24000,1986,McCoy Tyner,McCoy Tyner
3,train,tynerm-satindoll-sharpeahayesl-1986-e475823a__00007,tynerm-satindoll-sharpeahayesl-1986-e475823a,Satin Doll,9,McCoy Tyner / McCoy Tyner,1,1,data/processed/jtd_group_cv_16/audio_24k_mono/tynerm-satindoll-sharpeahayesl-1986-e475823a.wav,70.000000,20.000000,24000,1986,McCoy Tyner,McCoy Tyner
3,train,tynerm-satindoll-sharpeahayesl-1986-e475823a__00008,tynerm-satindoll-sharpeahayesl-1986-e475823a,Satin Doll,9,McCoy Tyner / McCoy Tyner,1,1,data/processed/jtd_group_cv_16/audio_24k_mono/tynerm-satindoll-sharpeahayesl-1986-e475823a.wav,80.000000,20.000000,24000,1986,McCoy Tyner,McCoy Tyner
3,train,tynerm-satindoll-sharpeahayesl-1986-e475823a__00009,tynerm-satindoll-sharpeahayesl-1986-e475823a,Satin Doll,9,McCoy Tyner / McCoy Tyner,1,1,data/processed/jtd_group_cv_16/audio_24k_mono/tynerm-satindoll-sharpeahayesl-1986-e475823a.wav,90.000000,20.000000,24000,1986,McCoy Tyner,McCoy Tyner
3,train,tynerm-satindoll-sharpeahayesl-1986-e475823a__00010,tynerm-satindoll-sharpeahayesl-1986-e475823a,Satin Doll,9,McCoy Tyner / McCoy Tyner,1,1,data/processed/jtd_group_cv_16/audio_24k_mono/tynerm-satindoll-sharpeahayesl-1986-e475823a.wav,100.000000,20.000000,24000,1986,McCoy Tyner,McCoy Tyner
3,train,tynerm-satindoll-sharpeahayesl-1986-e475823a__00011,tynerm-satindoll-sharpeahayesl-1986-e475823a,Satin Doll,9,McCoy Tyner / McCoy Tyner,1,1,data/processed/jtd_group_cv_16/audio_24k_mono/tynerm-satindoll-sharpeahayesl-1986-e475823a.wav,110.000000,20.000000,24000,1986,McCoy Tyner,McCoy Tyner
3,train,tynerm-satindoll-sharpeahayesl-1986-e475823a__00012,tynerm-satindoll-sharpeahayesl-1986-e475823a,Satin Doll,9,McCoy Tyner / McCoy Tyner,1,1,data/processed/jtd_group_cv_16/audio_24k_mono/tynerm-satindoll-sharpeahayesl-1986-e475823a.wav,120.000000,20.000000,24000,1986,McCoy Tyner,McCoy Tyner
3,train,tynerm-satindoll-sharpeahayesl-1986-e475823a__00013,tynerm-satindoll-sharpeahayesl-1986-e475823a,Satin Doll,9,McCoy Tyner / McCoy Tyner,1,1,data/processed/jtd_group_cv_16/audio_24k_mono/tynerm-satindoll-sharpeahayesl-1986-e475823a.wav,130.000000,20.000000,24000,1986,McCoy Tyner,McCoy Tyner
3,train,tynerm-satindoll-sharpeahayesl-1986-e475823a__00014,tynerm-satindoll-sharpeahayesl-1986-e475823a,Satin Doll,9,McCoy Tyner / McCoy Tyner,1,1,data/processed/jtd_group_cv_16/audio_24k_mono/tynerm-satindoll-sharpeahayesl-1986-e475823a.wav,140.000000,20.000000,24000,1986,McCoy Tyner,McCoy Tyner
3,train,tynerm-satindoll-sharpeahayesl-1986-e475823a__00015,tynerm-satindoll-sharpeahayesl-1986-e475823a,Satin Doll,9,McCoy Tyner / McCoy Tyner,1,1,data/processed/jtd_group_cv_16/audio_24k_mono/tynerm-satindoll-sharpeahayesl-1986-e475823a.wav,150.000000,20.000000,24000,1986,McCoy Tyner,McCoy Tyner
3,train,tynerm-satindoll-sharpeahayesl-1986-e475823a__00016,tynerm-satindoll-sharpeahayesl-1986-e475823a,Satin Doll,9,McCoy Tyner / McCoy Tyner,1,1,data/processed/jtd_group_cv_16/audio_24k_mono/tynerm-satindoll-sharpeahayesl-1986-e475823a.wav,160.000000,20.000000,24000,1986,McCoy Tyner,McCoy Tyner
3,train,tynerm-satindoll-sharpeahayesl-1986-e475823a__00017,tynerm-satindoll-sharpeahayesl-1986-e475823a,Satin Doll,9,McCoy Tyner / McCoy Tyner,1,1,data/processed/jtd_group_cv_16/audio_24k_mono/tynerm-satindoll-sharpeahayesl-1986-e475823a.wav,170.000000,20.000000,24000,1986,McCoy Tyner,McCoy Tyner
3,train,tynerm-satindoll-sharpeahayesl-1986-e475823a__00018,tynerm-satindoll-sharpeahayesl-1986-e475823a,Satin Doll,9,McCoy Tyner / McCoy Tyner,1,1,data/processed/jtd_group_cv_16/audio_24k_mono/tynerm-satindoll-sharpeahayesl-1986-e475823a.wav,180.000000,20.000000,24000,1986,McCoy Tyner,McCoy Tyner
3,train,tynerm-satindoll-sharpeahayesl-1986-e475823a__00019,tynerm-satindoll-sharpeahayesl-1986-e475823a,Satin Doll,9,McCoy Tyner / McCoy Tyner,1,1,data/processed/jtd_group_cv_16/audio_24k_mono/tynerm-satindoll-sharpeahayesl-1986-e475823a.wav,190.000000,20.000000,24000,1986,McCoy Tyner,McCoy Tyner
3,train,tynerm-satindoll-sharpeahayesl-1986-e475823a__00020,tynerm-satindoll-sharpeahayesl-1986-e475823a,Satin Doll,9,McCoy Tyner / McCoy Tyner,1,1,data/processed/jtd_group_cv_16/audio_24k_mono/tynerm-satindoll-sharpeahayesl-1986-e475823a.wav,200.000000,20.000000,24000,1986,McCoy Tyner,McCoy Tyner
3,train,tynerm-satindoll-sharpeahayesl-1986-e475823a__00021,tynerm-satindoll-sharpeahayesl-1986-e475823a,Satin Doll,9,McCoy Tyner / McCoy Tyner,1,1,data/processed/jtd_group_cv_16/audio_24k_mono/tynerm-satindoll-sharpeahayesl-1986-e475823a.wav,210.000000,20.000000,24000,1986,McCoy Tyner,McCoy Tyner
3,train,petersono-satindoll-brownrthigpene-1964-f07c7707__00000,petersono-satindoll-brownrthigpene-1964-f07c7707,Satin Doll,9,Oscar Peterson / Oscar Peterson,0,0,data/processed/jtd_group_cv_16/audio_24k_mono/petersono-satindoll-brownrthigpene-1964-f07c7707.wav,0.000000,20.000000,24000,1964,Oscar Peterson,Oscar Peterson
3,train,brownr-satindoll-samplejmannes-1975-32107f71__00000,brownr-satindoll-samplejmannes-1975-32107f71,Satin Doll,9,Ray Brown / Joe Sample,2,2,data/processed/jtd_group_cv_16/audio_24k_mono/brownr-satindoll-samplejmannes-1975-32107f71.wav,0.000000,20.000000,24000,1975,Ray Brown,Joe Sample
3,train,brownr-satindoll-samplejmannes-1975-32107f71__00001,brownr-satindoll-samplejmannes-1975-32107f71,Satin Doll,9,Ray Brown / Joe Sample,2,2,data/processed/jtd_group_cv_16/audio_24k_mono/brownr-satindoll-samplejmannes-1975-32107f71.wav,10.000000,20.000000,24000,1975,Ray Brown,Joe Sample
3,train,brownr-satindoll-samplejmannes-1975-32107f71__00002,brownr-satindoll-samplejmannes-1975-32107f71,Satin Doll,9,Ray Brown / Joe Sample,2,2,data/processed/jtd_group_cv_16/audio_24k_mono/brownr-satindoll-samplejmannes-1975-32107f71.wav,20.000000,20.000000,24000,1975,Ray Brown,Joe Sample
3,train,brownr-satindoll-samplejmannes-1975-32107f71__00003,brownr-satindoll-samplejmannes-1975-32107f71,Satin Doll,9,Ray Brown / Joe Sample,2,2,data/processed/jtd_group_cv_16/audio_24k_mono/brownr-satindoll-samplejmannes-1975-32107f71.wav,30.000000,20.000000,24000,1975,Ray Brown,Joe Sample
3,train,brownr-satindoll-samplejmannes-1975-32107f71__00004,brownr-satindoll-samplejmannes-1975-32107f71,Satin Doll,9,Ray Brown / Joe Sample,2,2,data/processed/jtd_group_cv_16/audio_24k_mono/brownr-satindoll-samplejmannes-1975-32107f71.wav,40.000000,20.000000,24000,1975,Ray Brown,Joe Sample
3,train,brownr-satindoll-samplejmannes-1975-32107f71__00005,brownr-satindoll-samplejmannes-1975-32107f71,Satin Doll,9,Ray Brown / Joe Sample,2,2,data/processed/jtd_group_cv_16/audio_24k_mono/brownr-satindoll-samplejmannes-1975-32107f71.wav,50.000000,20.000000,24000,1975,Ray Brown,Joe Sample
3,train,coreac-somedaymyprincewillcome-patituccijweckld-1989-2fea2bf0__00000,coreac-somedaymyprincewillcome-patituccijweckld-1989-2fea2bf0,Someday My Prince Will Come,10,Chick Corea / Chick Corea,0,0,data/processed/jtd_group_cv_16/audio_24k_mono/coreac-somedaymyprincewillcome-patituccijweckld-1989-2fea2bf0.wav,0.000000,20.000000,24000,1989,Chick Corea,Chick Corea
3,train,coreac-somedaymyprincewillcome-patituccijweckld-1989-2fea2bf0__00001,coreac-somedaymyprincewillcome-patituccijweckld-1989-2fea2bf0,Someday My Prince Will Come,10,Chick Corea / Chick Corea,0,0,data/processed/jtd_group_cv_16/audio_24k_mono/coreac-somedaymyprincewillcome-patituccijweckld-1989-2fea2bf0.wav,10.000000,20.000000,24000,1989,Chick Corea,Chick Corea
3,train,coreac-somedaymyprincewillcome-patituccijweckld-1989-2fea2bf0__00002,coreac-somedaymyprincewillcome-patituccijweckld-1989-2fea2bf0,Someday My Prince Will Come,10,Chick Corea / Chick Corea,0,0,data/processed/jtd_group_cv_16/audio_24k_mono/coreac-somedaymyprincewillcome-patituccijweckld-1989-2fea2bf0.wav,20.000000,20.000000,24000,1989,Chick Corea,Chick Corea
3,train,coreac-somedaymyprincewillcome-patituccijweckld-1989-2fea2bf0__00003,coreac-somedaymyprincewillcome-patituccijweckld-1989-2fea2bf0,Someday My Prince Will Come,10,Chick Corea / Chick Corea,0,0,data/processed/jtd_group_cv_16/audio_24k_mono/coreac-somedaymyprincewillcome-patituccijweckld-1989-2fea2bf0.wav,30.000000,20.000000,24000,1989,Chick Corea,Chick Corea
3,train,coreac-somedaymyprincewillcome-patituccijweckld-1989-2fea2bf0__00004,coreac-somedaymyprincewillcome-patituccijweckld-1989-2fea2bf0,Someday My Prince Will Come,10,Chick Corea / Chick Corea,0,0,data/processed/jtd_group_cv_16/audio_24k_mono/coreac-somedaymyprincewillcome-patituccijweckld-1989-2fea2bf0.wav,40.000000,20.000000,24000,1989,Chick Corea,Chick Corea
3,train,jarrettk-somedaymyprincewillcome-peacockgdejohnettej-2001-36644b74__00000,jarrettk-somedaymyprincewillcome-peacockgdejohnettej-2001-36644b74,Someday My Prince Will Come,10,Keith Jarrett / Keith Jarrett,2,2,data/processed/jtd_group_cv_16/audio_24k_mono/jarrettk-somedaymyprincewillcome-peacockgdejohnettej-2001-36644b74.wav,0.000000,20.000000,24000,2001,Keith Jarrett,Keith Jarrett
3,train,jarrettk-somedaymyprincewillcome-peacockgdejohnettej-2001-36644b74__00001,jarrettk-somedaymyprincewillcome-peacockgdejohnettej-2001-36644b74,Someday My Prince Will Come,10,Keith Jarrett / Keith Jarrett,2,2,data/processed/jtd_group_cv_16/audio_24k_mono/jarrettk-somedaymyprincewillcome-peacockgdejohnettej-2001-36644b74.wav,10.000000,20.000000,24000,2001,Keith Jarrett,Keith Jarrett
3,train,jarrettk-somedaymyprincewillcome-peacockgdejohnettej-2001-36644b74__00002,jarrettk-somedaymyprincewillcome-peacockgdejohnettej-2001-36644b74,Someday My Prince Will Come,10,Keith Jarrett / Keith Jarrett,2,2,data/processed/jtd_group_cv_16/audio_24k_mono/jarrettk-somedaymyprincewillcome-peacockgdejohnettej-2001-36644b74.wav,20.000000,20.000000,24000,2001,Keith Jarrett,Keith Jarrett
3,train,jarrettk-somedaymyprincewillcome-peacockgdejohnettej-2001-36644b74__00003,jarrettk-somedaymyprincewillcome-peacockgdejohnettej-2001-36644b74,Someday My Prince Will Come,10,Keith Jarrett / Keith Jarrett,2,2,data/processed/jtd_group_cv_16/audio_24k_mono/jarrettk-somedaymyprincewillcome-peacockgdejohnettej-2001-36644b74.wav,30.000000,20.000000,24000,2001,Keith Jarrett,Keith Jarrett
3,train,jarrettk-somedaymyprincewillcome-peacockgdejohnettej-2001-36644b74__00004,jarrettk-somedaymyprincewillcome-peacockgdejohnettej-2001-36644b74,Someday My Prince Will Come,10,Keith Jarrett / Keith Jarrett,2,2,data/processed/jtd_group_cv_16/audio_24k_mono/jarrettk-somedaymyprincewillcome-peacockgdejohnettej-2001-36644b74.wav,40.000000,20.000000,24000,2001,Keith Jarrett,Keith Jarrett
3,train,jarrettk-somedaymyprincewillcome-peacockgdejohnettej-2001-36644b74__00005,jarrettk-somedaymyprincewillcome-peacockgdejohnettej-2001-36644b74,Someday My Prince Will Come,10,Keith Jarrett / Keith Jarrett,2,2,data/processed/jtd_group_cv_16/audio_24k_mono/jarrettk-somedaymyprincewillcome-peacockgdejohnettej-2001-36644b74.wav,50.000000,20.000000,24000,2001,Keith Jarrett,Keith Jarrett
3,train,jarrettk-somedaymyprincewillcome-peacockgdejohnettej-2001-36644b74__00006,jarrettk-somedaymyprincewillcome-peacockgdejohnettej-2001-36644b74,Someday My Prince Will Come,10,Keith Jarrett / Keith Jarrett,2,2,data/processed/jtd_group_cv_16/audio_24k_mono/jarrettk-somedaymyprincewillcome-peacockgdejohnettej-2001-36644b74.wav,60.000000,20.000000,24000,2001,Keith Jarrett,Keith Jarrett
3,train,jarrettk-somedaymyprincewillcome-peacockgdejohnettej-2001-36644b74__00007,jarrettk-somedaymyprincewillcome-peacockgdejohnettej-2001-36644b74,Someday My Prince Will Come,10,Keith Jarrett / Keith Jarrett,2,2,data/processed/jtd_group_cv_16/audio_24k_mono/jarrettk-somedaymyprincewillcome-peacockgdejohnettej-2001-36644b74.wav,70.000000,20.000000,24000,2001,Keith Jarrett,Keith Jarrett
3,train,jarrettk-somedaymyprincewillcome-peacockgdejohnettej-2001-36644b74__00008,jarrettk-somedaymyprincewillcome-peacockgdejohnettej-2001-36644b74,Someday My Prince Will Come,10,Keith Jarrett / Keith Jarrett,2,2,data/processed/jtd_group_cv_16/audio_24k_mono/jarrettk-somedaymyprincewillcome-peacockgdejohnettej-2001-36644b74.wav,80.000000,20.000000,24000,2001,Keith Jarrett,Keith Jarrett
3,train,jarrettk-somedaymyprincewillcome-peacockgdejohnettej-2001-36644b74__00009,jarrettk-somedaymyprincewillcome-peacockgdejohnettej-2001-36644b74,Someday My Prince Will Come,10,Keith Jarrett / Keith Jarrett,2,2,data/processed/jtd_group_cv_16/audio_24k_mono/jarrettk-somedaymyprincewillcome-peacockgdejohnettej-2001-36644b74.wav,90.000000,20.000000,24000,2001,Keith Jarrett,Keith Jarrett
3,train,jarrettk-somedaymyprincewillcome-peacockgdejohnettej-2001-36644b74__00010,jarrettk-somedaymyprincewillcome-peacockgdejohnettej-2001-36644b74,Someday My Prince Will Come,10,Keith Jarrett / Keith Jarrett,2,2,data/processed/jtd_group_cv_16/audio_24k_mono/jarrettk-somedaymyprincewillcome-peacockgdejohnettej-2001-36644b74.wav,100.000000,20.000000,24000,2001,Keith Jarrett,Keith Jarrett
3,train,jarrettk-somedaymyprincewillcome-peacockgdejohnettej-2001-36644b74__00011,jarrettk-somedaymyprincewillcome-peacockgdejohnettej-2001-36644b74,Someday My Prince Will Come,10,Keith Jarrett / Keith Jarrett,2,2,data/processed/jtd_group_cv_16/audio_24k_mono/jarrettk-somedaymyprincewillcome-peacockgdejohnettej-2001-36644b74.wav,110.000000,20.000000,24000,2001,Keith Jarrett,Keith Jarrett
3,train,jarrettk-somedaymyprincewillcome-peacockgdejohnettej-2001-36644b74__00012,jarrettk-somedaymyprincewillcome-peacockgdejohnettej-2001-36644b74,Someday My Prince Will Come,10,Keith Jarrett / Keith Jarrett,2,2,data/processed/jtd_group_cv_16/audio_24k_mono/jarrettk-somedaymyprincewillcome-peacockgdejohnettej-2001-36644b74.wav,120.000000,20.000000,24000,2001,Keith Jarrett,Keith Jarrett
3,train,jarrettk-somedaymyprincewillcome-peacockgdejohnettej-2001-36644b74__00013,jarrettk-somedaymyprincewillcome-peacockgdejohnettej-2001-36644b74,Someday My Prince Will Come,10,Keith Jarrett / Keith Jarrett,2,2,data/processed/jtd_group_cv_16/audio_24k_mono/jarrettk-somedaymyprincewillcome-peacockgdejohnettej-2001-36644b74.wav,130.000000,20.000000,24000,2001,Keith Jarrett,Keith Jarrett
3,train,jarrettk-somedaymyprincewillcome-peacockgdejohnettej-2001-36644b74__00014,jarrettk-somedaymyprincewillcome-peacockgdejohnettej-2001-36644b74,Someday My Prince Will Come,10,Keith Jarrett / Keith Jarrett,2,2,data/processed/jtd_group_cv_16/audio_24k_mono/jarrettk-somedaymyprincewillcome-peacockgdejohnettej-2001-36644b74.wav,140.000000,20.000000,24000,2001,Keith Jarrett,Keith Jarrett
3,train,jarrettk-somedaymyprincewillcome-peacockgdejohnettej-2001-36644b74__00015,jarrettk-somedaymyprincewillcome-peacockgdejohnettej-2001-36644b74,Someday My Prince Will Come,10,Keith Jarrett / Keith Jarrett,2,2,data/processed/jtd_group_cv_16/audio_24k_mono/jarrettk-somedaymyprincewillcome-peacockgdejohnettej-2001-36644b74.wav,150.000000,20.000000,24000,2001,Keith Jarrett,Keith Jarrett
3,train,jarrettk-somedaymyprincewillcome-peacockgdejohnettej-2001-36644b74__00016,jarrettk-somedaymyprincewillcome-peacockgdejohnettej-2001-36644b74,Someday My Prince Will Come,10,Keith Jarrett / Keith Jarrett,2,2,data/processed/jtd_group_cv_16/audio_24k_mono/jarrettk-somedaymyprincewillcome-peacockgdejohnettej-2001-36644b74.wav,160.000000,20.000000,24000,2001,Keith Jarrett,Keith Jarrett
3,train,jarrettk-somedaymyprincewillcome-peacockgdejohnettej-2001-36644b74__00017,jarrettk-somedaymyprincewillcome-peacockgdejohnettej-2001-36644b74,Someday My Prince Will Come,10,Keith Jarrett / Keith Jarrett,2,2,data/processed/jtd_group_cv_16/audio_24k_mono/jarrettk-somedaymyprincewillcome-peacockgdejohnettej-2001-36644b74.wav,170.000000,20.000000,24000,2001,Keith Jarrett,Keith Jarrett
3,train,jarrettk-somedaymyprincewillcome-peacockgdejohnettej-2001-36644b74__00018,jarrettk-somedaymyprincewillcome-peacockgdejohnettej-2001-36644b74,Someday My Prince Will Come,10,Keith Jarrett / Keith Jarrett,2,2,data/processed/jtd_group_cv_16/audio_24k_mono/jarrettk-somedaymyprincewillcome-peacockgdejohnettej-2001-36644b74.wav,180.000000,20.000000,24000,2001,Keith Jarrett,Keith Jarrett
3,train,jarrettk-somedaymyprincewillcome-peacockgdejohnettej-2001-36644b74__00019,jarrettk-somedaymyprincewillcome-peacockgdejohnettej-2001-36644b74,Someday My Prince Will Come,10,Keith Jarrett / Keith Jarrett,2,2,data/processed/jtd_group_cv_16/audio_24k_mono/jarrettk-somedaymyprincewillcome-peacockgdejohnettej-2001-36644b74.wav,190.000000,20.000000,24000,2001,Keith Jarrett,Keith Jarrett
3,train,jarrettk-somedaymyprincewillcome-peacockgdejohnettej-2001-36644b74__00020,jarrettk-somedaymyprincewillcome-peacockgdejohnettej-2001-36644b74,Someday My Prince Will Come,10,Keith Jarrett / Keith Jarrett,2,2,data/processed/jtd_group_cv_16/audio_24k_mono/jarrettk-somedaymyprincewillcome-peacockgdejohnettej-2001-36644b74.wav,200.000000,20.000000,24000,2001,Keith Jarrett,Keith Jarrett
3,train,jarrettk-somedaymyprincewillcome-peacockgdejohnettej-2001-36644b74__00021,jarrettk-somedaymyprincewillcome-peacockgdejohnettej-2001-36644b74,Someday My Prince Will Come,10,Keith Jarrett / Keith Jarrett,2,2,data/processed/jtd_group_cv_16/audio_24k_mono/jarrettk-somedaymyprincewillcome-peacockgdejohnettej-2001-36644b74.wav,210.000000,20.000000,24000,2001,Keith Jarrett,Keith Jarrett
3,train,jarrettk-somedaymyprincewillcome-peacockgdejohnettej-2001-36644b74__00022,jarrettk-somedaymyprincewillcome-peacockgdejohnettej-2001-36644b74,Someday My Prince Will Come,10,Keith Jarrett / Keith Jarrett,2,2,data/processed/jtd_group_cv_16/audio_24k_mono/jarrettk-somedaymyprincewillcome-peacockgdejohnettej-2001-36644b74.wav,220.000000,20.000000,24000,2001,Keith Jarrett,Keith Jarrett
3,train,jarrettk-somedaymyprincewillcome-peacockgdejohnettej-2001-36644b74__00023,jarrettk-somedaymyprincewillcome-peacockgdejohnettej-2001-36644b74,Someday My Prince Will Come,10,Keith Jarrett / Keith Jarrett,2,2,data/processed/jtd_group_cv_16/audio_24k_mono/jarrettk-somedaymyprincewillcome-peacockgdejohnettej-2001-36644b74.wav,230.000000,20.000000,24000,2001,Keith Jarrett,Keith Jarrett
3,train,jarrettk-somedaymyprincewillcome-peacockgdejohnettej-2001-36644b74__00024,jarrettk-somedaymyprincewillcome-peacockgdejohnettej-2001-36644b74,Someday My Prince Will Come,10,Keith Jarrett / Keith Jarrett,2,2,data/processed/jtd_group_cv_16/audio_24k_mono/jarrettk-somedaymyprincewillcome-peacockgdejohnettej-2001-36644b74.wav,240.000000,20.000000,24000,2001,Keith Jarrett,Keith Jarrett
3,train,jarrettk-somedaymyprincewillcome-peacockgdejohnettej-2001-36644b74__00025,jarrettk-somedaymyprincewillcome-peacockgdejohnettej-2001-36644b74,Someday My Prince Will Come,10,Keith Jarrett / Keith Jarrett,2,2,data/processed/jtd_group_cv_16/audio_24k_mono/jarrettk-somedaymyprincewillcome-peacockgdejohnettej-2001-36644b74.wav,250.000000,20.000000,24000,2001,Keith Jarrett,Keith Jarrett
3,train,jarrettk-somedaymyprincewillcome-peacockgdejohnettej-2001-36644b74__00026,jarrettk-somedaymyprincewillcome-peacockgdejohnettej-2001-36644b74,Someday My Prince Will Come,10,Keith Jarrett / Keith Jarrett,2,2,data/processed/jtd_group_cv_16/audio_24k_mono/jarrettk-somedaymyprincewillcome-peacockgdejohnettej-2001-36644b74.wav,260.000000,20.000000,24000,2001,Keith Jarrett,Keith Jarrett
3,train,jarrettk-somedaymyprincewillcome-peacockgdejohnettej-2001-36644b74__00027,jarrettk-somedaymyprincewillcome-peacockgdejohnettej-2001-36644b74,Someday My Prince Will Come,10,Keith Jarrett / Keith Jarrett,2,2,data/processed/jtd_group_cv_16/audio_24k_mono/jarrettk-somedaymyprincewillcome-peacockgdejohnettej-2001-36644b74.wav,270.000000,20.000000,24000,2001,Keith Jarrett,Keith Jarrett
3,train,jarrettk-somedaymyprincewillcome-peacockgdejohnettej-2001-36644b74__00028,jarrettk-somedaymyprincewillcome-peacockgdejohnettej-2001-36644b74,Someday My Prince Will Come,10,Keith Jarrett / Keith Jarrett,2,2,data/processed/jtd_group_cv_16/audio_24k_mono/jarrettk-somedaymyprincewillcome-peacockgdejohnettej-2001-36644b74.wav,280.000000,20.000000,24000,2001,Keith Jarrett,Keith Jarrett
3,train,jarrettk-somedaymyprincewillcome-peacockgdejohnettej-2001-36644b74__00029,jarrettk-somedaymyprincewillcome-peacockgdejohnettej-2001-36644b74,Someday My Prince Will Come,10,Keith Jarrett / Keith Jarrett,2,2,data/processed/jtd_group_cv_16/audio_24k_mono/jarrettk-somedaymyprincewillcome-peacockgdejohnettej-2001-36644b74.wav,290.000000,20.000000,24000,2001,Keith Jarrett,Keith Jarrett
3,train,jarrettk-somedaymyprincewillcome-peacockgdejohnettej-2001-36644b74__00030,jarrettk-somedaymyprincewillcome-peacockgdejohnettej-2001-36644b74,Someday My Prince Will Come,10,Keith Jarrett / Keith Jarrett,2,2,data/processed/jtd_group_cv_16/audio_24k_mono/jarrettk-somedaymyprincewillcome-peacockgdejohnettej-2001-36644b74.wav,300.000000,20.000000,24000,2001,Keith Jarrett,Keith Jarrett
3,train,barronk-somedaymyprincewillcome-williamsbrileyb-1982-709cf40e__00000,barronk-somedaymyprincewillcome-williamsbrileyb-1982-709cf40e,Someday My Prince Will Come,10,Kenny Barron / Kenny Barron,1,1,data/processed/jtd_group_cv_16/audio_24k_mono/barronk-somedaymyprincewillcome-williamsbrileyb-1982-709cf40e.wav,0.000000,20.000000,24000,1982,Kenny Barron,Kenny Barron
3,train,barronk-somedaymyprincewillcome-williamsbrileyb-1982-709cf40e__00001,barronk-somedaymyprincewillcome-williamsbrileyb-1982-709cf40e,Someday My Prince Will Come,10,Kenny Barron / Kenny Barron,1,1,data/processed/jtd_group_cv_16/audio_24k_mono/barronk-somedaymyprincewillcome-williamsbrileyb-1982-709cf40e.wav,10.000000,20.000000,24000,1982,Kenny Barron,Kenny Barron
3,train,barronk-somedaymyprincewillcome-williamsbrileyb-1982-709cf40e__00002,barronk-somedaymyprincewillcome-williamsbrileyb-1982-709cf40e,Someday My Prince Will Come,10,Kenny Barron / Kenny Barron,1,1,data/processed/jtd_group_cv_16/audio_24k_mono/barronk-somedaymyprincewillcome-williamsbrileyb-1982-709cf40e.wav,20.000000,20.000000,24000,1982,Kenny Barron,Kenny Barron
3,train,barronk-somedaymyprincewillcome-williamsbrileyb-1982-709cf40e__00003,barronk-somedaymyprincewillcome-williamsbrileyb-1982-709cf40e,Someday My Prince Will Come,10,Kenny Barron / Kenny Barron,1,1,data/processed/jtd_group_cv_16/audio_24k_mono/barronk-somedaymyprincewillcome-williamsbrileyb-1982-709cf40e.wav,30.000000,20.000000,24000,1982,Kenny Barron,Kenny Barron
3,train,barronk-somedaymyprincewillcome-williamsbrileyb-1982-709cf40e__00004,barronk-somedaymyprincewillcome-williamsbrileyb-1982-709cf40e,Someday My Prince Will Come,10,Kenny Barron / Kenny Barron,1,1,data/processed/jtd_group_cv_16/audio_24k_mono/barronk-somedaymyprincewillcome-williamsbrileyb-1982-709cf40e.wav,40.000000,20.000000,24000,1982,Kenny Barron,Kenny Barron
3,train,barronk-somedaymyprincewillcome-williamsbrileyb-1982-709cf40e__00005,barronk-somedaymyprincewillcome-williamsbrileyb-1982-709cf40e,Someday My Prince Will Come,10,Kenny Barron / Kenny Barron,1,1,data/processed/jtd_group_cv_16/audio_24k_mono/barronk-somedaymyprincewillcome-williamsbrileyb-1982-709cf40e.wav,50.000000,20.000000,24000,1982,Kenny Barron,Kenny Barron
3,train,barronk-somedaymyprincewillcome-williamsbrileyb-1982-709cf40e__00006,barronk-somedaymyprincewillcome-williamsbrileyb-1982-709cf40e,Someday My Prince Will Come,10,Kenny Barron / Kenny Barron,1,1,data/processed/jtd_group_cv_16/audio_24k_mono/barronk-somedaymyprincewillcome-williamsbrileyb-1982-709cf40e.wav,60.000000,20.000000,24000,1982,Kenny Barron,Kenny Barron
3,train,barronk-somedaymyprincewillcome-williamsbrileyb-1982-709cf40e__00007,barronk-somedaymyprincewillcome-williamsbrileyb-1982-709cf40e,Someday My Prince Will Come,10,Kenny Barron / Kenny Barron,1,1,data/processed/jtd_group_cv_16/audio_24k_mono/barronk-somedaymyprincewillcome-williamsbrileyb-1982-709cf40e.wav,70.000000,20.000000,24000,1982,Kenny Barron,Kenny Barron
3,train,barronk-somedaymyprincewillcome-williamsbrileyb-1982-709cf40e__00008,barronk-somedaymyprincewillcome-williamsbrileyb-1982-709cf40e,Someday My Prince Will Come,10,Kenny Barron / Kenny Barron,1,1,data/processed/jtd_group_cv_16/audio_24k_mono/barronk-somedaymyprincewillcome-williamsbrileyb-1982-709cf40e.wav,80.000000,20.000000,24000,1982,Kenny Barron,Kenny Barron
3,train,barronk-somedaymyprincewillcome-williamsbrileyb-1982-709cf40e__00009,barronk-somedaymyprincewillcome-williamsbrileyb-1982-709cf40e,Someday My Prince Will Come,10,Kenny Barron / Kenny Barron,1,1,data/processed/jtd_group_cv_16/audio_24k_mono/barronk-somedaymyprincewillcome-williamsbrileyb-1982-709cf40e.wav,90.000000,20.000000,24000,1982,Kenny Barron,Kenny Barron
3,train,barronk-somedaymyprincewillcome-williamsbrileyb-1982-709cf40e__00010,barronk-somedaymyprincewillcome-williamsbrileyb-1982-709cf40e,Someday My Prince Will Come,10,Kenny Barron / Kenny Barron,1,1,data/processed/jtd_group_cv_16/audio_24k_mono/barronk-somedaymyprincewillcome-williamsbrileyb-1982-709cf40e.wav,100.000000,20.000000,24000,1982,Kenny Barron,Kenny Barron
3,train,barronk-somedaymyprincewillcome-williamsbrileyb-1982-709cf40e__00011,barronk-somedaymyprincewillcome-williamsbrileyb-1982-709cf40e,Someday My Prince Will Come,10,Kenny Barron / Kenny Barron,1,1,data/processed/jtd_group_cv_16/audio_24k_mono/barronk-somedaymyprincewillcome-williamsbrileyb-1982-709cf40e.wav,110.000000,20.000000,24000,1982,Kenny Barron,Kenny Barron
3,train,barronk-somedaymyprincewillcome-williamsbrileyb-1982-709cf40e__00012,barronk-somedaymyprincewillcome-williamsbrileyb-1982-709cf40e,Someday My Prince Will Come,10,Kenny Barron / Kenny Barron,1,1,data/processed/jtd_group_cv_16/audio_24k_mono/barronk-somedaymyprincewillcome-williamsbrileyb-1982-709cf40e.wav,120.000000,20.000000,24000,1982,Kenny Barron,Kenny Barron
3,train,barronk-somedaymyprincewillcome-williamsbrileyb-1982-709cf40e__00013,barronk-somedaymyprincewillcome-williamsbrileyb-1982-709cf40e,Someday My Prince Will Come,10,Kenny Barron / Kenny Barron,1,1,data/processed/jtd_group_cv_16/audio_24k_mono/barronk-somedaymyprincewillcome-williamsbrileyb-1982-709cf40e.wav,130.000000,20.000000,24000,1982,Kenny Barron,Kenny Barron
3,train,barronk-somedaymyprincewillcome-williamsbrileyb-1982-709cf40e__00014,barronk-somedaymyprincewillcome-williamsbrileyb-1982-709cf40e,Someday My Prince Will Come,10,Kenny Barron / Kenny Barron,1,1,data/processed/jtd_group_cv_16/audio_24k_mono/barronk-somedaymyprincewillcome-williamsbrileyb-1982-709cf40e.wav,140.000000,20.000000,24000,1982,Kenny Barron,Kenny Barron
3,train,barronk-somedaymyprincewillcome-williamsbrileyb-1982-709cf40e__00015,barronk-somedaymyprincewillcome-williamsbrileyb-1982-709cf40e,Someday My Prince Will Come,10,Kenny Barron / Kenny Barron,1,1,data/processed/jtd_group_cv_16/audio_24k_mono/barronk-somedaymyprincewillcome-williamsbrileyb-1982-709cf40e.wav,150.000000,20.000000,24000,1982,Kenny Barron,Kenny Barron
3,train,barronk-somedaymyprincewillcome-williamsbrileyb-1982-709cf40e__00016,barronk-somedaymyprincewillcome-williamsbrileyb-1982-709cf40e,Someday My Prince Will Come,10,Kenny Barron / Kenny Barron,1,1,data/processed/jtd_group_cv_16/audio_24k_mono/barronk-somedaymyprincewillcome-williamsbrileyb-1982-709cf40e.wav,160.000000,20.000000,24000,1982,Kenny Barron,Kenny Barron
3,train,jamala-stellabystarlight-crosbyifournierv-1961-6601943f__00000,jamala-stellabystarlight-crosbyifournierv-1961-6601943f,Stella by Starlight,11,Ahmad Jamal / Ahmad Jamal,5,5,data/processed/jtd_group_cv_16/audio_24k_mono/jamala-stellabystarlight-crosbyifournierv-1961-6601943f.wav,0.000000,20.000000,24000,1961,Ahmad Jamal,Ahmad Jamal
3,train,jamala-stellabystarlight-crosbyifournierv-1961-6601943f__00001,jamala-stellabystarlight-crosbyifournierv-1961-6601943f,Stella by Starlight,11,Ahmad Jamal / Ahmad Jamal,5,5,data/processed/jtd_group_cv_16/audio_24k_mono/jamala-stellabystarlight-crosbyifournierv-1961-6601943f.wav,10.000000,20.000000,24000,1961,Ahmad Jamal,Ahmad Jamal
3,train,jamala-stellabystarlight-crosbyifournierv-1961-6601943f__00002,jamala-stellabystarlight-crosbyifournierv-1961-6601943f,Stella by Starlight,11,Ahmad Jamal / Ahmad Jamal,5,5,data/processed/jtd_group_cv_16/audio_24k_mono/jamala-stellabystarlight-crosbyifournierv-1961-6601943f.wav,20.000000,20.000000,24000,1961,Ahmad Jamal,Ahmad Jamal
3,train,jamala-stellabystarlight-crosbyifournierv-1961-6601943f__00003,jamala-stellabystarlight-crosbyifournierv-1961-6601943f,Stella by Starlight,11,Ahmad Jamal / Ahmad Jamal,5,5,data/processed/jtd_group_cv_16/audio_24k_mono/jamala-stellabystarlight-crosbyifournierv-1961-6601943f.wav,30.000000,20.000000,24000,1961,Ahmad Jamal,Ahmad Jamal
3,train,jamala-stellabystarlight-crosbyifournierv-1961-6601943f__00004,jamala-stellabystarlight-crosbyifournierv-1961-6601943f,Stella by Starlight,11,Ahmad Jamal / Ahmad Jamal,5,5,data/processed/jtd_group_cv_16/audio_24k_mono/jamala-stellabystarlight-crosbyifournierv-1961-6601943f.wav,40.000000,20.000000,24000,1961,Ahmad Jamal,Ahmad Jamal
3,train,jamala-stellabystarlight-crosbyifournierv-1961-6601943f__00005,jamala-stellabystarlight-crosbyifournierv-1961-6601943f,Stella by Starlight,11,Ahmad Jamal / Ahmad Jamal,5,5,data/processed/jtd_group_cv_16/audio_24k_mono/jamala-stellabystarlight-crosbyifournierv-1961-6601943f.wav,50.000000,20.000000,24000,1961,Ahmad Jamal,Ahmad Jamal
3,train,jamala-stellabystarlight-crosbyifournierv-1961-6601943f__00006,jamala-stellabystarlight-crosbyifournierv-1961-6601943f,Stella by Starlight,11,Ahmad Jamal / Ahmad Jamal,5,5,data/processed/jtd_group_cv_16/audio_24k_mono/jamala-stellabystarlight-crosbyifournierv-1961-6601943f.wav,60.000000,20.000000,24000,1961,Ahmad Jamal,Ahmad Jamal
3,train,jamala-stellabystarlight-crosbyifournierv-1961-6601943f__00007,jamala-stellabystarlight-crosbyifournierv-1961-6601943f,Stella by Starlight,11,Ahmad Jamal / Ahmad Jamal,5,5,data/processed/jtd_group_cv_16/audio_24k_mono/jamala-stellabystarlight-crosbyifournierv-1961-6601943f.wav,70.000000,20.000000,24000,1961,Ahmad Jamal,Ahmad Jamal
3,train,jamala-stellabystarlight-crosbyifournierv-1961-6601943f__00008,jamala-stellabystarlight-crosbyifournierv-1961-6601943f,Stella by Starlight,11,Ahmad Jamal / Ahmad Jamal,5,5,data/processed/jtd_group_cv_16/audio_24k_mono/jamala-stellabystarlight-crosbyifournierv-1961-6601943f.wav,80.000000,20.000000,24000,1961,Ahmad Jamal,Ahmad Jamal
3,train,jamala-stellabystarlight-crosbyifournierv-1961-6601943f__00009,jamala-stellabystarlight-crosbyifournierv-1961-6601943f,Stella by Starlight,11,Ahmad Jamal / Ahmad Jamal,5,5,data/processed/jtd_group_cv_16/audio_24k_mono/jamala-stellabystarlight-crosbyifournierv-1961-6601943f.wav,90.000000,20.000000,24000,1961,Ahmad Jamal,Ahmad Jamal
3,train,jamala-stellabystarlight-crosbyifournierv-1961-6601943f__00010,jamala-stellabystarlight-crosbyifournierv-1961-6601943f,Stella by Starlight,11,Ahmad Jamal / Ahmad Jamal,5,5,data/processed/jtd_group_cv_16/audio_24k_mono/jamala-stellabystarlight-crosbyifournierv-1961-6601943f.wav,100.000000,20.000000,24000,1961,Ahmad Jamal,Ahmad Jamal
3,train,evansb-stellabystarlight-johnsonmlabarberaj-1980-55c0e760__00000,evansb-stellabystarlight-johnsonmlabarberaj-1980-55c0e760,Stella by Starlight,11,Bill Evans / Bill Evans,6,6,data/processed/jtd_group_cv_16/audio_24k_mono/evansb-stellabystarlight-johnsonmlabarberaj-1980-55c0e760.wav,0.000000,20.000000,24000,1980,Bill Evans,Bill Evans
3,train,evansb-stellabystarlight-johnsonmlabarberaj-1980-55c0e760__00001,evansb-stellabystarlight-johnsonmlabarberaj-1980-55c0e760,Stella by Starlight,11,Bill Evans / Bill Evans,6,6,data/processed/jtd_group_cv_16/audio_24k_mono/evansb-stellabystarlight-johnsonmlabarberaj-1980-55c0e760.wav,10.000000,20.000000,24000,1980,Bill Evans,Bill Evans
3,train,evansb-stellabystarlight-johnsonmlabarberaj-1980-55c0e760__00002,evansb-stellabystarlight-johnsonmlabarberaj-1980-55c0e760,Stella by Starlight,11,Bill Evans / Bill Evans,6,6,data/processed/jtd_group_cv_16/audio_24k_mono/evansb-stellabystarlight-johnsonmlabarberaj-1980-55c0e760.wav,20.000000,20.000000,24000,1980,Bill Evans,Bill Evans
3,train,evansb-stellabystarlight-johnsonmlabarberaj-1980-55c0e760__00003,evansb-stellabystarlight-johnsonmlabarberaj-1980-55c0e760,Stella by Starlight,11,Bill Evans / Bill Evans,6,6,data/processed/jtd_group_cv_16/audio_24k_mono/evansb-stellabystarlight-johnsonmlabarberaj-1980-55c0e760.wav,30.000000,20.000000,24000,1980,Bill Evans,Bill Evans
3,train,evansb-stellabystarlight-johnsonmlabarberaj-1980-55c0e760__00004,evansb-stellabystarlight-johnsonmlabarberaj-1980-55c0e760,Stella by Starlight,11,Bill Evans / Bill Evans,6,6,data/processed/jtd_group_cv_16/audio_24k_mono/evansb-stellabystarlight-johnsonmlabarberaj-1980-55c0e760.wav,40.000000,20.000000,24000,1980,Bill Evans,Bill Evans
3,train,evansb-stellabystarlight-johnsonmlabarberaj-1980-55c0e760__00005,evansb-stellabystarlight-johnsonmlabarberaj-1980-55c0e760,Stella by Starlight,11,Bill Evans / Bill Evans,6,6,data/processed/jtd_group_cv_16/audio_24k_mono/evansb-stellabystarlight-johnsonmlabarberaj-1980-55c0e760.wav,50.000000,20.000000,24000,1980,Bill Evans,Bill Evans
3,train,evansb-stellabystarlight-johnsonmlabarberaj-1980-55c0e760__00006,evansb-stellabystarlight-johnsonmlabarberaj-1980-55c0e760,Stella by Starlight,11,Bill Evans / Bill Evans,6,6,data/processed/jtd_group_cv_16/audio_24k_mono/evansb-stellabystarlight-johnsonmlabarberaj-1980-55c0e760.wav,60.000000,20.000000,24000,1980,Bill Evans,Bill Evans
3,train,evansb-stellabystarlight-johnsonmlabarberaj-1980-55c0e760__00007,evansb-stellabystarlight-johnsonmlabarberaj-1980-55c0e760,Stella by Starlight,11,Bill Evans / Bill Evans,6,6,data/processed/jtd_group_cv_16/audio_24k_mono/evansb-stellabystarlight-johnsonmlabarberaj-1980-55c0e760.wav,70.000000,20.000000,24000,1980,Bill Evans,Bill Evans
3,train,evansb-stellabystarlight-johnsonmlabarberaj-1980-55c0e760__00008,evansb-stellabystarlight-johnsonmlabarberaj-1980-55c0e760,Stella by Starlight,11,Bill Evans / Bill Evans,6,6,data/processed/jtd_group_cv_16/audio_24k_mono/evansb-stellabystarlight-johnsonmlabarberaj-1980-55c0e760.wav,80.000000,20.000000,24000,1980,Bill Evans,Bill Evans
3,train,jonesh-stellabystarlight-mcbrideccobbj-2006-0b84c1a7__00000,jonesh-stellabystarlight-mcbrideccobbj-2006-0b84c1a7,Stella by Starlight,11,Hank Jones / Hank Jones,4,4,data/processed/jtd_group_cv_16/audio_24k_mono/jonesh-stellabystarlight-mcbrideccobbj-2006-0b84c1a7.wav,0.000000,20.000000,24000,2006,Hank Jones,Hank Jones
3,train,jonesh-stellabystarlight-mcbrideccobbj-2006-0b84c1a7__00001,jonesh-stellabystarlight-mcbrideccobbj-2006-0b84c1a7,Stella by Starlight,11,Hank Jones / Hank Jones,4,4,data/processed/jtd_group_cv_16/audio_24k_mono/jonesh-stellabystarlight-mcbrideccobbj-2006-0b84c1a7.wav,10.000000,20.000000,24000,2006,Hank Jones,Hank Jones
3,train,hicksj-stellabystarlight-drummondrsmittym-1993-5509efbe__00000,hicksj-stellabystarlight-drummondrsmittym-1993-5509efbe,Stella by Starlight,11,John Hicks / John Hicks,7,7,data/processed/jtd_group_cv_16/audio_24k_mono/hicksj-stellabystarlight-drummondrsmittym-1993-5509efbe.wav,0.000000,20.000000,24000,1993,John Hicks,John Hicks
3,train,hicksj-stellabystarlight-drummondrsmittym-1993-5509efbe__00001,hicksj-stellabystarlight-drummondrsmittym-1993-5509efbe,Stella by Starlight,11,John Hicks / John Hicks,7,7,data/processed/jtd_group_cv_16/audio_24k_mono/hicksj-stellabystarlight-drummondrsmittym-1993-5509efbe.wav,10.000000,20.000000,24000,1993,John Hicks,John Hicks
3,train,hicksj-stellabystarlight-drummondrsmittym-1993-5509efbe__00002,hicksj-stellabystarlight-drummondrsmittym-1993-5509efbe,Stella by Starlight,11,John Hicks / John Hicks,7,7,data/processed/jtd_group_cv_16/audio_24k_mono/hicksj-stellabystarlight-drummondrsmittym-1993-5509efbe.wav,20.000000,20.000000,24000,1993,John Hicks,John Hicks
3,train,hicksj-stellabystarlight-drummondrsmittym-1993-5509efbe__00003,hicksj-stellabystarlight-drummondrsmittym-1993-5509efbe,Stella by Starlight,11,John Hicks / John Hicks,7,7,data/processed/jtd_group_cv_16/audio_24k_mono/hicksj-stellabystarlight-drummondrsmittym-1993-5509efbe.wav,30.000000,20.000000,24000,1993,John Hicks,John Hicks
3,train,hicksj-stellabystarlight-drummondrsmittym-1993-5509efbe__00004,hicksj-stellabystarlight-drummondrsmittym-1993-5509efbe,Stella by Starlight,11,John Hicks / John Hicks,7,7,data/processed/jtd_group_cv_16/audio_24k_mono/hicksj-stellabystarlight-drummondrsmittym-1993-5509efbe.wav,40.000000,20.000000,24000,1993,John Hicks,John Hicks
3,train,hicksj-stellabystarlight-drummondrsmittym-1993-5509efbe__00005,hicksj-stellabystarlight-drummondrsmittym-1993-5509efbe,Stella by Starlight,11,John Hicks / John Hicks,7,7,data/processed/jtd_group_cv_16/audio_24k_mono/hicksj-stellabystarlight-drummondrsmittym-1993-5509efbe.wav,50.000000,20.000000,24000,1993,John Hicks,John Hicks
3,train,hicksj-stellabystarlight-drummondrsmittym-1993-5509efbe__00006,hicksj-stellabystarlight-drummondrsmittym-1993-5509efbe,Stella by Starlight,11,John Hicks / John Hicks,7,7,data/processed/jtd_group_cv_16/audio_24k_mono/hicksj-stellabystarlight-drummondrsmittym-1993-5509efbe.wav,60.000000,20.000000,24000,1993,John Hicks,John Hicks
3,train,hicksj-stellabystarlight-drummondrsmittym-1993-5509efbe__00007,hicksj-stellabystarlight-drummondrsmittym-1993-5509efbe,Stella by Starlight,11,John Hicks / John Hicks,7,7,data/processed/jtd_group_cv_16/audio_24k_mono/hicksj-stellabystarlight-drummondrsmittym-1993-5509efbe.wav,70.000000,20.000000,24000,1993,John Hicks,John Hicks
3,train,hicksj-stellabystarlight-drummondrsmittym-1993-5509efbe__00008,hicksj-stellabystarlight-drummondrsmittym-1993-5509efbe,Stella by Starlight,11,John Hicks / John Hicks,7,7,data/processed/jtd_group_cv_16/audio_24k_mono/hicksj-stellabystarlight-drummondrsmittym-1993-5509efbe.wav,80.000000,20.000000,24000,1993,John Hicks,John Hicks
3,train,hicksj-stellabystarlight-drummondrsmittym-1993-5509efbe__00009,hicksj-stellabystarlight-drummondrsmittym-1993-5509efbe,Stella by Starlight,11,John Hicks / John Hicks,7,7,data/processed/jtd_group_cv_16/audio_24k_mono/hicksj-stellabystarlight-drummondrsmittym-1993-5509efbe.wav,90.000000,20.000000,24000,1993,John Hicks,John Hicks
3,train,hicksj-stellabystarlight-drummondrsmittym-1993-5509efbe__00010,hicksj-stellabystarlight-drummondrsmittym-1993-5509efbe,Stella by Starlight,11,John Hicks / John Hicks,7,7,data/processed/jtd_group_cv_16/audio_24k_mono/hicksj-stellabystarlight-drummondrsmittym-1993-5509efbe.wav,100.000000,20.000000,24000,1993,John Hicks,John Hicks
3,train,hicksj-stellabystarlight-drummondrsmittym-1993-5509efbe__00011,hicksj-stellabystarlight-drummondrsmittym-1993-5509efbe,Stella by Starlight,11,John Hicks / John Hicks,7,7,data/processed/jtd_group_cv_16/audio_24k_mono/hicksj-stellabystarlight-drummondrsmittym-1993-5509efbe.wav,110.000000,20.000000,24000,1993,John Hicks,John Hicks
3,train,barronk-stellabystarlight-carterrcobhamb-2003-63b7639c__00000,barronk-stellabystarlight-carterrcobhamb-2003-63b7639c,Stella by Starlight,11,Kenny Barron / Kenny Barron,1,1,data/processed/jtd_group_cv_16/audio_24k_mono/barronk-stellabystarlight-carterrcobhamb-2003-63b7639c.wav,0.000000,20.000000,24000,2003,Kenny Barron,Kenny Barron
3,train,barronk-stellabystarlight-carterrcobhamb-2003-63b7639c__00001,barronk-stellabystarlight-carterrcobhamb-2003-63b7639c,Stella by Starlight,11,Kenny Barron / Kenny Barron,1,1,data/processed/jtd_group_cv_16/audio_24k_mono/barronk-stellabystarlight-carterrcobhamb-2003-63b7639c.wav,10.000000,20.000000,24000,2003,Kenny Barron,Kenny Barron
3,train,barronk-stellabystarlight-carterrcobhamb-2003-63b7639c__00002,barronk-stellabystarlight-carterrcobhamb-2003-63b7639c,Stella by Starlight,11,Kenny Barron / Kenny Barron,1,1,data/processed/jtd_group_cv_16/audio_24k_mono/barronk-stellabystarlight-carterrcobhamb-2003-63b7639c.wav,20.000000,20.000000,24000,2003,Kenny Barron,Kenny Barron
3,train,barronk-stellabystarlight-carterrcobhamb-2003-63b7639c__00003,barronk-stellabystarlight-carterrcobhamb-2003-63b7639c,Stella by Starlight,11,Kenny Barron / Kenny Barron,1,1,data/processed/jtd_group_cv_16/audio_24k_mono/barronk-stellabystarlight-carterrcobhamb-2003-63b7639c.wav,30.000000,20.000000,24000,2003,Kenny Barron,Kenny Barron
3,train,barronk-stellabystarlight-carterrcobhamb-2003-63b7639c__00004,barronk-stellabystarlight-carterrcobhamb-2003-63b7639c,Stella by Starlight,11,Kenny Barron / Kenny Barron,1,1,data/processed/jtd_group_cv_16/audio_24k_mono/barronk-stellabystarlight-carterrcobhamb-2003-63b7639c.wav,40.000000,20.000000,24000,2003,Kenny Barron,Kenny Barron
3,train,barronk-stellabystarlight-carterrcobhamb-2003-63b7639c__00005,barronk-stellabystarlight-carterrcobhamb-2003-63b7639c,Stella by Starlight,11,Kenny Barron / Kenny Barron,1,1,data/processed/jtd_group_cv_16/audio_24k_mono/barronk-stellabystarlight-carterrcobhamb-2003-63b7639c.wav,50.000000,20.000000,24000,2003,Kenny Barron,Kenny Barron
3,train,barronk-stellabystarlight-carterrcobhamb-2003-63b7639c__00006,barronk-stellabystarlight-carterrcobhamb-2003-63b7639c,Stella by Starlight,11,Kenny Barron / Kenny Barron,1,1,data/processed/jtd_group_cv_16/audio_24k_mono/barronk-stellabystarlight-carterrcobhamb-2003-63b7639c.wav,60.000000,20.000000,24000,2003,Kenny Barron,Kenny Barron
3,train,barronk-stellabystarlight-carterrcobhamb-2003-63b7639c__00007,barronk-stellabystarlight-carterrcobhamb-2003-63b7639c,Stella by Starlight,11,Kenny Barron / Kenny Barron,1,1,data/processed/jtd_group_cv_16/audio_24k_mono/barronk-stellabystarlight-carterrcobhamb-2003-63b7639c.wav,70.000000,20.000000,24000,2003,Kenny Barron,Kenny Barron
3,train,barronk-stellabystarlight-carterrcobhamb-2003-63b7639c__00008,barronk-stellabystarlight-carterrcobhamb-2003-63b7639c,Stella by Starlight,11,Kenny Barron / Kenny Barron,1,1,data/processed/jtd_group_cv_16/audio_24k_mono/barronk-stellabystarlight-carterrcobhamb-2003-63b7639c.wav,80.000000,20.000000,24000,2003,Kenny Barron,Kenny Barron
3,train,barronk-stellabystarlight-carterrcobhamb-2003-63b7639c__00009,barronk-stellabystarlight-carterrcobhamb-2003-63b7639c,Stella by Starlight,11,Kenny Barron / Kenny Barron,1,1,data/processed/jtd_group_cv_16/audio_24k_mono/barronk-stellabystarlight-carterrcobhamb-2003-63b7639c.wav,90.000000,20.000000,24000,2003,Kenny Barron,Kenny Barron
3,train,barronk-stellabystarlight-carterrcobhamb-2003-63b7639c__00010,barronk-stellabystarlight-carterrcobhamb-2003-63b7639c,Stella by Starlight,11,Kenny Barron / Kenny Barron,1,1,data/processed/jtd_group_cv_16/audio_24k_mono/barronk-stellabystarlight-carterrcobhamb-2003-63b7639c.wav,100.000000,20.000000,24000,2003,Kenny Barron,Kenny Barron
3,train,barronk-stellabystarlight-carterrcobhamb-2003-63b7639c__00011,barronk-stellabystarlight-carterrcobhamb-2003-63b7639c,Stella by Starlight,11,Kenny Barron / Kenny Barron,1,1,data/processed/jtd_group_cv_16/audio_24k_mono/barronk-stellabystarlight-carterrcobhamb-2003-63b7639c.wav,110.000000,20.000000,24000,2003,Kenny Barron,Kenny Barron
3,train,barronk-stellabystarlight-carterrcobhamb-2003-63b7639c__00012,barronk-stellabystarlight-carterrcobhamb-2003-63b7639c,Stella by Starlight,11,Kenny Barron / Kenny Barron,1,1,data/processed/jtd_group_cv_16/audio_24k_mono/barronk-stellabystarlight-carterrcobhamb-2003-63b7639c.wav,120.000000,20.000000,24000,2003,Kenny Barron,Kenny Barron
3,train,barronk-stellabystarlight-carterrcobhamb-2003-63b7639c__00013,barronk-stellabystarlight-carterrcobhamb-2003-63b7639c,Stella by Starlight,11,Kenny Barron / Kenny Barron,1,1,data/processed/jtd_group_cv_16/audio_24k_mono/barronk-stellabystarlight-carterrcobhamb-2003-63b7639c.wav,130.000000,20.000000,24000,2003,Kenny Barron,Kenny Barron
3,train,barronk-stellabystarlight-carterrcobhamb-2003-63b7639c__00014,barronk-stellabystarlight-carterrcobhamb-2003-63b7639c,Stella by Starlight,11,Kenny Barron / Kenny Barron,1,1,data/processed/jtd_group_cv_16/audio_24k_mono/barronk-stellabystarlight-carterrcobhamb-2003-63b7639c.wav,140.000000,20.000000,24000,2003,Kenny Barron,Kenny Barron
3,train,barronk-stellabystarlight-carterrcobhamb-2003-63b7639c__00015,barronk-stellabystarlight-carterrcobhamb-2003-63b7639c,Stella by Starlight,11,Kenny Barron / Kenny Barron,1,1,data/processed/jtd_group_cv_16/audio_24k_mono/barronk-stellabystarlight-carterrcobhamb-2003-63b7639c.wav,150.000000,20.000000,24000,2003,Kenny Barron,Kenny Barron
3,train,barronk-stellabystarlight-carterrcobhamb-2003-63b7639c__00016,barronk-stellabystarlight-carterrcobhamb-2003-63b7639c,Stella by Starlight,11,Kenny Barron / Kenny Barron,1,1,data/processed/jtd_group_cv_16/audio_24k_mono/barronk-stellabystarlight-carterrcobhamb-2003-63b7639c.wav,160.000000,20.000000,24000,2003,Kenny Barron,Kenny Barron
3,train,barronk-stellabystarlight-carterrcobhamb-2003-63b7639c__00017,barronk-stellabystarlight-carterrcobhamb-2003-63b7639c,Stella by Starlight,11,Kenny Barron / Kenny Barron,1,1,data/processed/jtd_group_cv_16/audio_24k_mono/barronk-stellabystarlight-carterrcobhamb-2003-63b7639c.wav,170.000000,20.000000,24000,2003,Kenny Barron,Kenny Barron
3,train,drewk-stellabystarlight-russellcblakeya-1951-e9851153__00000,drewk-stellabystarlight-russellcblakeya-1951-e9851153,Stella by Starlight,11,Kenny Drew / Kenny Drew,0,0,data/processed/jtd_group_cv_16/audio_24k_mono/drewk-stellabystarlight-russellcblakeya-1951-e9851153.wav,0.000000,20.000000,24000,1951,Kenny Drew,Kenny Drew
3,train,drewk-stellabystarlight-russellcblakeya-1951-e9851153__00001,drewk-stellabystarlight-russellcblakeya-1951-e9851153,Stella by Starlight,11,Kenny Drew / Kenny Drew,0,0,data/processed/jtd_group_cv_16/audio_24k_mono/drewk-stellabystarlight-russellcblakeya-1951-e9851153.wav,10.000000,20.000000,24000,1951,Kenny Drew,Kenny Drew
3,train,drewk-stellabystarlight-russellcblakeya-1951-e9851153__00002,drewk-stellabystarlight-russellcblakeya-1951-e9851153,Stella by Starlight,11,Kenny Drew / Kenny Drew,0,0,data/processed/jtd_group_cv_16/audio_24k_mono/drewk-stellabystarlight-russellcblakeya-1951-e9851153.wav,20.000000,20.000000,24000,1951,Kenny Drew,Kenny Drew
3,train,drewk-stellabystarlight-russellcblakeya-1951-e9851153__00003,drewk-stellabystarlight-russellcblakeya-1951-e9851153,Stella by Starlight,11,Kenny Drew / Kenny Drew,0,0,data/processed/jtd_group_cv_16/audio_24k_mono/drewk-stellabystarlight-russellcblakeya-1951-e9851153.wav,30.000000,20.000000,24000,1951,Kenny Drew,Kenny Drew
3,train,cowells-stellabystarlight-thomascthomasw-1993-6e5a304e__00000,cowells-stellabystarlight-thomascthomasw-1993-6e5a304e,Stella by Starlight,11,Stanley Cowell / Stanley Cowell,2,2,data/processed/jtd_group_cv_16/audio_24k_mono/cowells-stellabystarlight-thomascthomasw-1993-6e5a304e.wav,0.000000,20.000000,24000,1993,Stanley Cowell,Stanley Cowell
3,train,cowells-stellabystarlight-thomascthomasw-1993-6e5a304e__00001,cowells-stellabystarlight-thomascthomasw-1993-6e5a304e,Stella by Starlight,11,Stanley Cowell / Stanley Cowell,2,2,data/processed/jtd_group_cv_16/audio_24k_mono/cowells-stellabystarlight-thomascthomasw-1993-6e5a304e.wav,10.000000,20.000000,24000,1993,Stanley Cowell,Stanley Cowell
3,train,cowells-stellabystarlight-thomascthomasw-1993-6e5a304e__00002,cowells-stellabystarlight-thomascthomasw-1993-6e5a304e,Stella by Starlight,11,Stanley Cowell / Stanley Cowell,2,2,data/processed/jtd_group_cv_16/audio_24k_mono/cowells-stellabystarlight-thomascthomasw-1993-6e5a304e.wav,20.000000,20.000000,24000,1993,Stanley Cowell,Stanley Cowell
3,train,cowells-stellabystarlight-thomascthomasw-1993-6e5a304e__00003,cowells-stellabystarlight-thomascthomasw-1993-6e5a304e,Stella by Starlight,11,Stanley Cowell / Stanley Cowell,2,2,data/processed/jtd_group_cv_16/audio_24k_mono/cowells-stellabystarlight-thomascthomasw-1993-6e5a304e.wav,30.000000,20.000000,24000,1993,Stanley Cowell,Stanley Cowell
3,train,cowells-stellabystarlight-thomascthomasw-1993-6e5a304e__00004,cowells-stellabystarlight-thomascthomasw-1993-6e5a304e,Stella by Starlight,11,Stanley Cowell / Stanley Cowell,2,2,data/processed/jtd_group_cv_16/audio_24k_mono/cowells-stellabystarlight-thomascthomasw-1993-6e5a304e.wav,40.000000,20.000000,24000,1993,Stanley Cowell,Stanley Cowell
3,train,cowells-stellabystarlight-thomascthomasw-1993-6e5a304e__00005,cowells-stellabystarlight-thomascthomasw-1993-6e5a304e,Stella by Starlight,11,Stanley Cowell / Stanley Cowell,2,2,data/processed/jtd_group_cv_16/audio_24k_mono/cowells-stellabystarlight-thomascthomasw-1993-6e5a304e.wav,50.000000,20.000000,24000,1993,Stanley Cowell,Stanley Cowell
3,train,cowells-stellabystarlight-thomascthomasw-1993-6e5a304e__00006,cowells-stellabystarlight-thomascthomasw-1993-6e5a304e,Stella by Starlight,11,Stanley Cowell / Stanley Cowell,2,2,data/processed/jtd_group_cv_16/audio_24k_mono/cowells-stellabystarlight-thomascthomasw-1993-6e5a304e.wav,60.000000,20.000000,24000,1993,Stanley Cowell,Stanley Cowell
3,train,cowells-stellabystarlight-thomascthomasw-1993-6e5a304e__00007,cowells-stellabystarlight-thomascthomasw-1993-6e5a304e,Stella by Starlight,11,Stanley Cowell / Stanley Cowell,2,2,data/processed/jtd_group_cv_16/audio_24k_mono/cowells-stellabystarlight-thomascthomasw-1993-6e5a304e.wav,70.000000,20.000000,24000,1993,Stanley Cowell,Stanley Cowell
3,train,cowells-stellabystarlight-thomascthomasw-1993-6e5a304e__00008,cowells-stellabystarlight-thomascthomasw-1993-6e5a304e,Stella by Starlight,11,Stanley Cowell / Stanley Cowell,2,2,data/processed/jtd_group_cv_16/audio_24k_mono/cowells-stellabystarlight-thomascthomasw-1993-6e5a304e.wav,80.000000,20.000000,24000,1993,Stanley Cowell,Stanley Cowell
3,train,waltonc-thereisnogreaterlove-williamsdhigginsb-1992-c4cb26bd__00000,waltonc-thereisnogreaterlove-williamsdhigginsb-1992-c4cb26bd,There Is No Greater Love,12,Cedar Walton / Cedar Walton,4,4,data/processed/jtd_group_cv_16/audio_24k_mono/waltonc-thereisnogreaterlove-williamsdhigginsb-1992-c4cb26bd.wav,0.000000,20.000000,24000,1992,Cedar Walton,Cedar Walton
3,train,waltonc-thereisnogreaterlove-williamsdhigginsb-1992-c4cb26bd__00001,waltonc-thereisnogreaterlove-williamsdhigginsb-1992-c4cb26bd,There Is No Greater Love,12,Cedar Walton / Cedar Walton,4,4,data/processed/jtd_group_cv_16/audio_24k_mono/waltonc-thereisnogreaterlove-williamsdhigginsb-1992-c4cb26bd.wav,10.000000,20.000000,24000,1992,Cedar Walton,Cedar Walton
3,train,waltonc-thereisnogreaterlove-williamsdhigginsb-1992-c4cb26bd__00002,waltonc-thereisnogreaterlove-williamsdhigginsb-1992-c4cb26bd,There Is No Greater Love,12,Cedar Walton / Cedar Walton,4,4,data/processed/jtd_group_cv_16/audio_24k_mono/waltonc-thereisnogreaterlove-williamsdhigginsb-1992-c4cb26bd.wav,20.000000,20.000000,24000,1992,Cedar Walton,Cedar Walton
3,train,waltonc-thereisnogreaterlove-williamsdhigginsb-1992-c4cb26bd__00003,waltonc-thereisnogreaterlove-williamsdhigginsb-1992-c4cb26bd,There Is No Greater Love,12,Cedar Walton / Cedar Walton,4,4,data/processed/jtd_group_cv_16/audio_24k_mono/waltonc-thereisnogreaterlove-williamsdhigginsb-1992-c4cb26bd.wav,30.000000,20.000000,24000,1992,Cedar Walton,Cedar Walton
3,train,waltonc-thereisnogreaterlove-williamsdhigginsb-1992-c4cb26bd__00004,waltonc-thereisnogreaterlove-williamsdhigginsb-1992-c4cb26bd,There Is No Greater Love,12,Cedar Walton / Cedar Walton,4,4,data/processed/jtd_group_cv_16/audio_24k_mono/waltonc-thereisnogreaterlove-williamsdhigginsb-1992-c4cb26bd.wav,40.000000,20.000000,24000,1992,Cedar Walton,Cedar Walton
3,train,waltonc-thereisnogreaterlove-williamsdhigginsb-1992-c4cb26bd__00005,waltonc-thereisnogreaterlove-williamsdhigginsb-1992-c4cb26bd,There Is No Greater Love,12,Cedar Walton / Cedar Walton,4,4,data/processed/jtd_group_cv_16/audio_24k_mono/waltonc-thereisnogreaterlove-williamsdhigginsb-1992-c4cb26bd.wav,50.000000,20.000000,24000,1992,Cedar Walton,Cedar Walton
3,train,waltonc-thereisnogreaterlove-williamsdhigginsb-1992-c4cb26bd__00006,waltonc-thereisnogreaterlove-williamsdhigginsb-1992-c4cb26bd,There Is No Greater Love,12,Cedar Walton / Cedar Walton,4,4,data/processed/jtd_group_cv_16/audio_24k_mono/waltonc-thereisnogreaterlove-williamsdhigginsb-1992-c4cb26bd.wav,60.000000,20.000000,24000,1992,Cedar Walton,Cedar Walton
3,train,waltonc-thereisnogreaterlove-williamsdhigginsb-1992-c4cb26bd__00007,waltonc-thereisnogreaterlove-williamsdhigginsb-1992-c4cb26bd,There Is No Greater Love,12,Cedar Walton / Cedar Walton,4,4,data/processed/jtd_group_cv_16/audio_24k_mono/waltonc-thereisnogreaterlove-williamsdhigginsb-1992-c4cb26bd.wav,70.000000,20.000000,24000,1992,Cedar Walton,Cedar Walton
3,train,waltonc-thereisnogreaterlove-williamsdhigginsb-1992-c4cb26bd__00008,waltonc-thereisnogreaterlove-williamsdhigginsb-1992-c4cb26bd,There Is No Greater Love,12,Cedar Walton / Cedar Walton,4,4,data/processed/jtd_group_cv_16/audio_24k_mono/waltonc-thereisnogreaterlove-williamsdhigginsb-1992-c4cb26bd.wav,80.000000,20.000000,24000,1992,Cedar Walton,Cedar Walton
3,train,waltonc-thereisnogreaterlove-williamsdhigginsb-1992-c4cb26bd__00009,waltonc-thereisnogreaterlove-williamsdhigginsb-1992-c4cb26bd,There Is No Greater Love,12,Cedar Walton / Cedar Walton,4,4,data/processed/jtd_group_cv_16/audio_24k_mono/waltonc-thereisnogreaterlove-williamsdhigginsb-1992-c4cb26bd.wav,90.000000,20.000000,24000,1992,Cedar Walton,Cedar Walton
3,train,waltonc-thereisnogreaterlove-williamsdhigginsb-1992-c4cb26bd__00010,waltonc-thereisnogreaterlove-williamsdhigginsb-1992-c4cb26bd,There Is No Greater Love,12,Cedar Walton / Cedar Walton,4,4,data/processed/jtd_group_cv_16/audio_24k_mono/waltonc-thereisnogreaterlove-williamsdhigginsb-1992-c4cb26bd.wav,100.000000,20.000000,24000,1992,Cedar Walton,Cedar Walton
3,train,waltonc-thereisnogreaterlove-williamsdhigginsb-1992-c4cb26bd__00011,waltonc-thereisnogreaterlove-williamsdhigginsb-1992-c4cb26bd,There Is No Greater Love,12,Cedar Walton / Cedar Walton,4,4,data/processed/jtd_group_cv_16/audio_24k_mono/waltonc-thereisnogreaterlove-williamsdhigginsb-1992-c4cb26bd.wav,110.000000,20.000000,24000,1992,Cedar Walton,Cedar Walton
3,train,waltonc-thereisnogreaterlove-williamsdhigginsb-1992-c4cb26bd__00012,waltonc-thereisnogreaterlove-williamsdhigginsb-1992-c4cb26bd,There Is No Greater Love,12,Cedar Walton / Cedar Walton,4,4,data/processed/jtd_group_cv_16/audio_24k_mono/waltonc-thereisnogreaterlove-williamsdhigginsb-1992-c4cb26bd.wav,120.000000,20.000000,24000,1992,Cedar Walton,Cedar Walton
3,train,waltonc-thereisnogreaterlove-williamsdhigginsb-1992-c4cb26bd__00013,waltonc-thereisnogreaterlove-williamsdhigginsb-1992-c4cb26bd,There Is No Greater Love,12,Cedar Walton / Cedar Walton,4,4,data/processed/jtd_group_cv_16/audio_24k_mono/waltonc-thereisnogreaterlove-williamsdhigginsb-1992-c4cb26bd.wav,130.000000,20.000000,24000,1992,Cedar Walton,Cedar Walton
3,train,waltonc-thereisnogreaterlove-williamsdhigginsb-1992-c4cb26bd__00014,waltonc-thereisnogreaterlove-williamsdhigginsb-1992-c4cb26bd,There Is No Greater Love,12,Cedar Walton / Cedar Walton,4,4,data/processed/jtd_group_cv_16/audio_24k_mono/waltonc-thereisnogreaterlove-williamsdhigginsb-1992-c4cb26bd.wav,140.000000,20.000000,24000,1992,Cedar Walton,Cedar Walton
3,train,waltonc-thereisnogreaterlove-williamsdhigginsb-1992-c4cb26bd__00015,waltonc-thereisnogreaterlove-williamsdhigginsb-1992-c4cb26bd,There Is No Greater Love,12,Cedar Walton / Cedar Walton,4,4,data/processed/jtd_group_cv_16/audio_24k_mono/waltonc-thereisnogreaterlove-williamsdhigginsb-1992-c4cb26bd.wav,150.000000,20.000000,24000,1992,Cedar Walton,Cedar Walton
3,train,waltonc-thereisnogreaterlove-williamsdhigginsb-1992-c4cb26bd__00016,waltonc-thereisnogreaterlove-williamsdhigginsb-1992-c4cb26bd,There Is No Greater Love,12,Cedar Walton / Cedar Walton,4,4,data/processed/jtd_group_cv_16/audio_24k_mono/waltonc-thereisnogreaterlove-williamsdhigginsb-1992-c4cb26bd.wav,160.000000,20.000000,24000,1992,Cedar Walton,Cedar Walton
3,train,hicksj-thereisnogreaterlove-drummondrsmittym-1993-52e6c99d__00000,hicksj-thereisnogreaterlove-drummondrsmittym-1993-52e6c99d,There Is No Greater Love,12,John Hicks / John Hicks,2,2,data/processed/jtd_group_cv_16/audio_24k_mono/hicksj-thereisnogreaterlove-drummondrsmittym-1993-52e6c99d.wav,0.000000,20.000000,24000,1993,John Hicks,John Hicks
3,train,hicksj-thereisnogreaterlove-drummondrsmittym-1993-52e6c99d__00001,hicksj-thereisnogreaterlove-drummondrsmittym-1993-52e6c99d,There Is No Greater Love,12,John Hicks / John Hicks,2,2,data/processed/jtd_group_cv_16/audio_24k_mono/hicksj-thereisnogreaterlove-drummondrsmittym-1993-52e6c99d.wav,10.000000,20.000000,24000,1993,John Hicks,John Hicks
3,train,hicksj-thereisnogreaterlove-drummondrsmittym-1993-52e6c99d__00002,hicksj-thereisnogreaterlove-drummondrsmittym-1993-52e6c99d,There Is No Greater Love,12,John Hicks / John Hicks,2,2,data/processed/jtd_group_cv_16/audio_24k_mono/hicksj-thereisnogreaterlove-drummondrsmittym-1993-52e6c99d.wav,20.000000,20.000000,24000,1993,John Hicks,John Hicks
3,train,hicksj-thereisnogreaterlove-drummondrsmittym-1993-52e6c99d__00003,hicksj-thereisnogreaterlove-drummondrsmittym-1993-52e6c99d,There Is No Greater Love,12,John Hicks / John Hicks,2,2,data/processed/jtd_group_cv_16/audio_24k_mono/hicksj-thereisnogreaterlove-drummondrsmittym-1993-52e6c99d.wav,30.000000,20.000000,24000,1993,John Hicks,John Hicks
3,train,hicksj-thereisnogreaterlove-drummondrsmittym-1993-52e6c99d__00004,hicksj-thereisnogreaterlove-drummondrsmittym-1993-52e6c99d,There Is No Greater Love,12,John Hicks / John Hicks,2,2,data/processed/jtd_group_cv_16/audio_24k_mono/hicksj-thereisnogreaterlove-drummondrsmittym-1993-52e6c99d.wav,40.000000,20.000000,24000,1993,John Hicks,John Hicks
3,train,hicksj-thereisnogreaterlove-drummondrsmittym-1993-52e6c99d__00005,hicksj-thereisnogreaterlove-drummondrsmittym-1993-52e6c99d,There Is No Greater Love,12,John Hicks / John Hicks,2,2,data/processed/jtd_group_cv_16/audio_24k_mono/hicksj-thereisnogreaterlove-drummondrsmittym-1993-52e6c99d.wav,50.000000,20.000000,24000,1993,John Hicks,John Hicks
3,train,hicksj-thereisnogreaterlove-drummondrsmittym-1993-52e6c99d__00006,hicksj-thereisnogreaterlove-drummondrsmittym-1993-52e6c99d,There Is No Greater Love,12,John Hicks / John Hicks,2,2,data/processed/jtd_group_cv_16/audio_24k_mono/hicksj-thereisnogreaterlove-drummondrsmittym-1993-52e6c99d.wav,60.000000,20.000000,24000,1993,John Hicks,John Hicks
3,train,hicksj-thereisnogreaterlove-drummondrsmittym-1993-52e6c99d__00007,hicksj-thereisnogreaterlove-drummondrsmittym-1993-52e6c99d,There Is No Greater Love,12,John Hicks / John Hicks,2,2,data/processed/jtd_group_cv_16/audio_24k_mono/hicksj-thereisnogreaterlove-drummondrsmittym-1993-52e6c99d.wav,70.000000,20.000000,24000,1993,John Hicks,John Hicks
3,train,hicksj-thereisnogreaterlove-drummondrsmittym-1993-52e6c99d__00008,hicksj-thereisnogreaterlove-drummondrsmittym-1993-52e6c99d,There Is No Greater Love,12,John Hicks / John Hicks,2,2,data/processed/jtd_group_cv_16/audio_24k_mono/hicksj-thereisnogreaterlove-drummondrsmittym-1993-52e6c99d.wav,80.000000,20.000000,24000,1993,John Hicks,John Hicks
3,train,hicksj-thereisnogreaterlove-drummondrsmittym-1993-52e6c99d__00009,hicksj-thereisnogreaterlove-drummondrsmittym-1993-52e6c99d,There Is No Greater Love,12,John Hicks / John Hicks,2,2,data/processed/jtd_group_cv_16/audio_24k_mono/hicksj-thereisnogreaterlove-drummondrsmittym-1993-52e6c99d.wav,90.000000,20.000000,24000,1993,John Hicks,John Hicks
3,train,hicksj-thereisnogreaterlove-drummondrsmittym-1993-52e6c99d__00010,hicksj-thereisnogreaterlove-drummondrsmittym-1993-52e6c99d,There Is No Greater Love,12,John Hicks / John Hicks,2,2,data/processed/jtd_group_cv_16/audio_24k_mono/hicksj-thereisnogreaterlove-drummondrsmittym-1993-52e6c99d.wav,100.000000,20.000000,24000,1993,John Hicks,John Hicks
3,train,hicksj-thereisnogreaterlove-drummondrsmittym-1993-52e6c99d__00011,hicksj-thereisnogreaterlove-drummondrsmittym-1993-52e6c99d,There Is No Greater Love,12,John Hicks / John Hicks,2,2,data/processed/jtd_group_cv_16/audio_24k_mono/hicksj-thereisnogreaterlove-drummondrsmittym-1993-52e6c99d.wav,110.000000,20.000000,24000,1993,John Hicks,John Hicks
3,train,hicksj-thereisnogreaterlove-drummondrsmittym-1993-52e6c99d__00012,hicksj-thereisnogreaterlove-drummondrsmittym-1993-52e6c99d,There Is No Greater Love,12,John Hicks / John Hicks,2,2,data/processed/jtd_group_cv_16/audio_24k_mono/hicksj-thereisnogreaterlove-drummondrsmittym-1993-52e6c99d.wav,120.000000,20.000000,24000,1993,John Hicks,John Hicks
3,train,hicksj-thereisnogreaterlove-drummondrsmittym-1993-52e6c99d__00013,hicksj-thereisnogreaterlove-drummondrsmittym-1993-52e6c99d,There Is No Greater Love,12,John Hicks / John Hicks,2,2,data/processed/jtd_group_cv_16/audio_24k_mono/hicksj-thereisnogreaterlove-drummondrsmittym-1993-52e6c99d.wav,130.000000,20.000000,24000,1993,John Hicks,John Hicks
3,train,hicksj-thereisnogreaterlove-drummondrsmittym-1993-52e6c99d__00014,hicksj-thereisnogreaterlove-drummondrsmittym-1993-52e6c99d,There Is No Greater Love,12,John Hicks / John Hicks,2,2,data/processed/jtd_group_cv_16/audio_24k_mono/hicksj-thereisnogreaterlove-drummondrsmittym-1993-52e6c99d.wav,140.000000,20.000000,24000,1993,John Hicks,John Hicks
3,train,hicksj-thereisnogreaterlove-drummondrsmittym-1993-52e6c99d__00015,hicksj-thereisnogreaterlove-drummondrsmittym-1993-52e6c99d,There Is No Greater Love,12,John Hicks / John Hicks,2,2,data/processed/jtd_group_cv_16/audio_24k_mono/hicksj-thereisnogreaterlove-drummondrsmittym-1993-52e6c99d.wav,150.000000,20.000000,24000,1993,John Hicks,John Hicks
3,train,hicksj-thereisnogreaterlove-drummondrsmittym-1993-52e6c99d__00016,hicksj-thereisnogreaterlove-drummondrsmittym-1993-52e6c99d,There Is No Greater Love,12,John Hicks / John Hicks,2,2,data/processed/jtd_group_cv_16/audio_24k_mono/hicksj-thereisnogreaterlove-drummondrsmittym-1993-52e6c99d.wav,160.000000,20.000000,24000,1993,John Hicks,John Hicks
3,train,hicksj-thereisnogreaterlove-drummondrsmittym-1993-52e6c99d__00017,hicksj-thereisnogreaterlove-drummondrsmittym-1993-52e6c99d,There Is No Greater Love,12,John Hicks / John Hicks,2,2,data/processed/jtd_group_cv_16/audio_24k_mono/hicksj-thereisnogreaterlove-drummondrsmittym-1993-52e6c99d.wav,170.000000,20.000000,24000,1993,John Hicks,John Hicks
3,train,hicksj-thereisnogreaterlove-drummondrsmittym-1993-52e6c99d__00018,hicksj-thereisnogreaterlove-drummondrsmittym-1993-52e6c99d,There Is No Greater Love,12,John Hicks / John Hicks,2,2,data/processed/jtd_group_cv_16/audio_24k_mono/hicksj-thereisnogreaterlove-drummondrsmittym-1993-52e6c99d.wav,180.000000,20.000000,24000,1993,John Hicks,John Hicks
3,train,hicksj-thereisnogreaterlove-drummondrsmittym-1993-52e6c99d__00019,hicksj-thereisnogreaterlove-drummondrsmittym-1993-52e6c99d,There Is No Greater Love,12,John Hicks / John Hicks,2,2,data/processed/jtd_group_cv_16/audio_24k_mono/hicksj-thereisnogreaterlove-drummondrsmittym-1993-52e6c99d.wav,190.000000,20.000000,24000,1993,John Hicks,John Hicks
3,train,petersono-thereisnogreaterlove-brownrthigpene-1961-dc8ea579__00000,petersono-thereisnogreaterlove-brownrthigpene-1961-dc8ea579,There Is No Greater Love,12,Oscar Peterson / Oscar Peterson,0,0,data/processed/jtd_group_cv_16/audio_24k_mono/petersono-thereisnogreaterlove-brownrthigpene-1961-dc8ea579.wav,0.000000,20.000000,24000,1961,Oscar Peterson,Oscar Peterson
3,train,petersono-thereisnogreaterlove-brownrthigpene-1961-dc8ea579__00001,petersono-thereisnogreaterlove-brownrthigpene-1961-dc8ea579,There Is No Greater Love,12,Oscar Peterson / Oscar Peterson,0,0,data/processed/jtd_group_cv_16/audio_24k_mono/petersono-thereisnogreaterlove-brownrthigpene-1961-dc8ea579.wav,10.000000,20.000000,24000,1961,Oscar Peterson,Oscar Peterson
3,train,petersono-thereisnogreaterlove-brownrthigpene-1961-dc8ea579__00002,petersono-thereisnogreaterlove-brownrthigpene-1961-dc8ea579,There Is No Greater Love,12,Oscar Peterson / Oscar Peterson,0,0,data/processed/jtd_group_cv_16/audio_24k_mono/petersono-thereisnogreaterlove-brownrthigpene-1961-dc8ea579.wav,20.000000,20.000000,24000,1961,Oscar Peterson,Oscar Peterson
3,train,petersono-thereisnogreaterlove-brownrthigpene-1961-dc8ea579__00003,petersono-thereisnogreaterlove-brownrthigpene-1961-dc8ea579,There Is No Greater Love,12,Oscar Peterson / Oscar Peterson,0,0,data/processed/jtd_group_cv_16/audio_24k_mono/petersono-thereisnogreaterlove-brownrthigpene-1961-dc8ea579.wav,30.000000,20.000000,24000,1961,Oscar Peterson,Oscar Peterson
3,train,petersono-thereisnogreaterlove-brownrthigpene-1961-dc8ea579__00004,petersono-thereisnogreaterlove-brownrthigpene-1961-dc8ea579,There Is No Greater Love,12,Oscar Peterson / Oscar Peterson,0,0,data/processed/jtd_group_cv_16/audio_24k_mono/petersono-thereisnogreaterlove-brownrthigpene-1961-dc8ea579.wav,40.000000,20.000000,24000,1961,Oscar Peterson,Oscar Peterson
3,train,petersono-thereisnogreaterlove-brownrthigpene-1961-dc8ea579__00005,petersono-thereisnogreaterlove-brownrthigpene-1961-dc8ea579,There Is No Greater Love,12,Oscar Peterson / Oscar Peterson,0,0,data/processed/jtd_group_cv_16/audio_24k_mono/petersono-thereisnogreaterlove-brownrthigpene-1961-dc8ea579.wav,50.000000,20.000000,24000,1961,Oscar Peterson,Oscar Peterson
3,train,petersono-thereisnogreaterlove-brownrthigpene-1961-dc8ea579__00006,petersono-thereisnogreaterlove-brownrthigpene-1961-dc8ea579,There Is No Greater Love,12,Oscar Peterson / Oscar Peterson,0,0,data/processed/jtd_group_cv_16/audio_24k_mono/petersono-thereisnogreaterlove-brownrthigpene-1961-dc8ea579.wav,60.000000,20.000000,24000,1961,Oscar Peterson,Oscar Peterson
3,train,petersono-thereisnogreaterlove-brownrthigpene-1961-dc8ea579__00007,petersono-thereisnogreaterlove-brownrthigpene-1961-dc8ea579,There Is No Greater Love,12,Oscar Peterson / Oscar Peterson,0,0,data/processed/jtd_group_cv_16/audio_24k_mono/petersono-thereisnogreaterlove-brownrthigpene-1961-dc8ea579.wav,70.000000,20.000000,24000,1961,Oscar Peterson,Oscar Peterson
3,train,petersono-thereisnogreaterlove-brownrthigpene-1961-dc8ea579__00008,petersono-thereisnogreaterlove-brownrthigpene-1961-dc8ea579,There Is No Greater Love,12,Oscar Peterson / Oscar Peterson,0,0,data/processed/jtd_group_cv_16/audio_24k_mono/petersono-thereisnogreaterlove-brownrthigpene-1961-dc8ea579.wav,80.000000,20.000000,24000,1961,Oscar Peterson,Oscar Peterson
3,train,petersono-thereisnogreaterlove-brownrthigpene-1961-dc8ea579__00009,petersono-thereisnogreaterlove-brownrthigpene-1961-dc8ea579,There Is No Greater Love,12,Oscar Peterson / Oscar Peterson,0,0,data/processed/jtd_group_cv_16/audio_24k_mono/petersono-thereisnogreaterlove-brownrthigpene-1961-dc8ea579.wav,90.000000,20.000000,24000,1961,Oscar Peterson,Oscar Peterson
3,train,petersono-thereisnogreaterlove-brownrthigpene-1961-dc8ea579__00010,petersono-thereisnogreaterlove-brownrthigpene-1961-dc8ea579,There Is No Greater Love,12,Oscar Peterson / Oscar Peterson,0,0,data/processed/jtd_group_cv_16/audio_24k_mono/petersono-thereisnogreaterlove-brownrthigpene-1961-dc8ea579.wav,100.000000,20.000000,24000,1961,Oscar Peterson,Oscar Peterson
3,train,petersono-thereisnogreaterlove-brownrthigpene-1961-dc8ea579__00011,petersono-thereisnogreaterlove-brownrthigpene-1961-dc8ea579,There Is No Greater Love,12,Oscar Peterson / Oscar Peterson,0,0,data/processed/jtd_group_cv_16/audio_24k_mono/petersono-thereisnogreaterlove-brownrthigpene-1961-dc8ea579.wav,110.000000,20.000000,24000,1961,Oscar Peterson,Oscar Peterson
3,train,petersono-thereisnogreaterlove-brownrthigpene-1961-dc8ea579__00012,petersono-thereisnogreaterlove-brownrthigpene-1961-dc8ea579,There Is No Greater Love,12,Oscar Peterson / Oscar Peterson,0,0,data/processed/jtd_group_cv_16/audio_24k_mono/petersono-thereisnogreaterlove-brownrthigpene-1961-dc8ea579.wav,120.000000,20.000000,24000,1961,Oscar Peterson,Oscar Peterson
3,train,petersono-thereisnogreaterlove-brownrthigpene-1961-dc8ea579__00013,petersono-thereisnogreaterlove-brownrthigpene-1961-dc8ea579,There Is No Greater Love,12,Oscar Peterson / Oscar Peterson,0,0,data/processed/jtd_group_cv_16/audio_24k_mono/petersono-thereisnogreaterlove-brownrthigpene-1961-dc8ea579.wav,130.000000,20.000000,24000,1961,Oscar Peterson,Oscar Peterson
3,train,petersono-thereisnogreaterlove-brownrthigpene-1961-dc8ea579__00014,petersono-thereisnogreaterlove-brownrthigpene-1961-dc8ea579,There Is No Greater Love,12,Oscar Peterson / Oscar Peterson,0,0,data/processed/jtd_group_cv_16/audio_24k_mono/petersono-thereisnogreaterlove-brownrthigpene-1961-dc8ea579.wav,140.000000,20.000000,24000,1961,Oscar Peterson,Oscar Peterson
3,train,petersono-thereisnogreaterlove-brownrthigpene-1961-dc8ea579__00015,petersono-thereisnogreaterlove-brownrthigpene-1961-dc8ea579,There Is No Greater Love,12,Oscar Peterson / Oscar Peterson,0,0,data/processed/jtd_group_cv_16/audio_24k_mono/petersono-thereisnogreaterlove-brownrthigpene-1961-dc8ea579.wav,150.000000,20.000000,24000,1961,Oscar Peterson,Oscar Peterson
3,train,kellyw-thereisnogreaterlove-mcclurercobbj-1966-372399bb__00000,kellyw-thereisnogreaterlove-mcclurercobbj-1966-372399bb,There Is No Greater Love,12,Wynton Kelly / Wynton Kelly,1,1,data/processed/jtd_group_cv_16/audio_24k_mono/kellyw-thereisnogreaterlove-mcclurercobbj-1966-372399bb.wav,0.000000,20.000000,24000,1966,Wynton Kelly,Wynton Kelly
3,train,kellyw-thereisnogreaterlove-mcclurercobbj-1966-372399bb__00001,kellyw-thereisnogreaterlove-mcclurercobbj-1966-372399bb,There Is No Greater Love,12,Wynton Kelly / Wynton Kelly,1,1,data/processed/jtd_group_cv_16/audio_24k_mono/kellyw-thereisnogreaterlove-mcclurercobbj-1966-372399bb.wav,10.000000,20.000000,24000,1966,Wynton Kelly,Wynton Kelly
3,train,kellyw-thereisnogreaterlove-mcclurercobbj-1966-372399bb__00002,kellyw-thereisnogreaterlove-mcclurercobbj-1966-372399bb,There Is No Greater Love,12,Wynton Kelly / Wynton Kelly,1,1,data/processed/jtd_group_cv_16/audio_24k_mono/kellyw-thereisnogreaterlove-mcclurercobbj-1966-372399bb.wav,20.000000,20.000000,24000,1966,Wynton Kelly,Wynton Kelly
3,train,kellyw-thereisnogreaterlove-mcclurercobbj-1966-372399bb__00003,kellyw-thereisnogreaterlove-mcclurercobbj-1966-372399bb,There Is No Greater Love,12,Wynton Kelly / Wynton Kelly,1,1,data/processed/jtd_group_cv_16/audio_24k_mono/kellyw-thereisnogreaterlove-mcclurercobbj-1966-372399bb.wav,30.000000,20.000000,24000,1966,Wynton Kelly,Wynton Kelly
3,train,kellyw-thereisnogreaterlove-mcclurercobbj-1966-372399bb__00004,kellyw-thereisnogreaterlove-mcclurercobbj-1966-372399bb,There Is No Greater Love,12,Wynton Kelly / Wynton Kelly,1,1,data/processed/jtd_group_cv_16/audio_24k_mono/kellyw-thereisnogreaterlove-mcclurercobbj-1966-372399bb.wav,40.000000,20.000000,24000,1966,Wynton Kelly,Wynton Kelly
3,train,kellyw-thereisnogreaterlove-mcclurercobbj-1966-372399bb__00005,kellyw-thereisnogreaterlove-mcclurercobbj-1966-372399bb,There Is No Greater Love,12,Wynton Kelly / Wynton Kelly,1,1,data/processed/jtd_group_cv_16/audio_24k_mono/kellyw-thereisnogreaterlove-mcclurercobbj-1966-372399bb.wav,50.000000,20.000000,24000,1966,Wynton Kelly,Wynton Kelly
3,train,kellyw-thereisnogreaterlove-mcclurercobbj-1966-372399bb__00006,kellyw-thereisnogreaterlove-mcclurercobbj-1966-372399bb,There Is No Greater Love,12,Wynton Kelly / Wynton Kelly,1,1,data/processed/jtd_group_cv_16/audio_24k_mono/kellyw-thereisnogreaterlove-mcclurercobbj-1966-372399bb.wav,60.000000,20.000000,24000,1966,Wynton Kelly,Wynton Kelly
3,train,kellyw-thereisnogreaterlove-mcclurercobbj-1966-372399bb__00007,kellyw-thereisnogreaterlove-mcclurercobbj-1966-372399bb,There Is No Greater Love,12,Wynton Kelly / Wynton Kelly,1,1,data/processed/jtd_group_cv_16/audio_24k_mono/kellyw-thereisnogreaterlove-mcclurercobbj-1966-372399bb.wav,70.000000,20.000000,24000,1966,Wynton Kelly,Wynton Kelly
3,train,kellyw-thereisnogreaterlove-mcclurercobbj-1966-372399bb__00008,kellyw-thereisnogreaterlove-mcclurercobbj-1966-372399bb,There Is No Greater Love,12,Wynton Kelly / Wynton Kelly,1,1,data/processed/jtd_group_cv_16/audio_24k_mono/kellyw-thereisnogreaterlove-mcclurercobbj-1966-372399bb.wav,80.000000,20.000000,24000,1966,Wynton Kelly,Wynton Kelly
3,train,kellyw-thereisnogreaterlove-mcclurercobbj-1966-372399bb__00009,kellyw-thereisnogreaterlove-mcclurercobbj-1966-372399bb,There Is No Greater Love,12,Wynton Kelly / Wynton Kelly,1,1,data/processed/jtd_group_cv_16/audio_24k_mono/kellyw-thereisnogreaterlove-mcclurercobbj-1966-372399bb.wav,90.000000,20.000000,24000,1966,Wynton Kelly,Wynton Kelly
3,train,kellyw-thereisnogreaterlove-mcclurercobbj-1966-372399bb__00010,kellyw-thereisnogreaterlove-mcclurercobbj-1966-372399bb,There Is No Greater Love,12,Wynton Kelly / Wynton Kelly,1,1,data/processed/jtd_group_cv_16/audio_24k_mono/kellyw-thereisnogreaterlove-mcclurercobbj-1966-372399bb.wav,100.000000,20.000000,24000,1966,Wynton Kelly,Wynton Kelly
3,train,kellyw-thereisnogreaterlove-mcclurercobbj-1966-372399bb__00011,kellyw-thereisnogreaterlove-mcclurercobbj-1966-372399bb,There Is No Greater Love,12,Wynton Kelly / Wynton Kelly,1,1,data/processed/jtd_group_cv_16/audio_24k_mono/kellyw-thereisnogreaterlove-mcclurercobbj-1966-372399bb.wav,110.000000,20.000000,24000,1966,Wynton Kelly,Wynton Kelly
3,train,kellyw-thereisnogreaterlove-mcclurercobbj-1966-372399bb__00012,kellyw-thereisnogreaterlove-mcclurercobbj-1966-372399bb,There Is No Greater Love,12,Wynton Kelly / Wynton Kelly,1,1,data/processed/jtd_group_cv_16/audio_24k_mono/kellyw-thereisnogreaterlove-mcclurercobbj-1966-372399bb.wav,120.000000,20.000000,24000,1966,Wynton Kelly,Wynton Kelly
3,train,kellyw-thereisnogreaterlove-mcclurercobbj-1966-372399bb__00013,kellyw-thereisnogreaterlove-mcclurercobbj-1966-372399bb,There Is No Greater Love,12,Wynton Kelly / Wynton Kelly,1,1,data/processed/jtd_group_cv_16/audio_24k_mono/kellyw-thereisnogreaterlove-mcclurercobbj-1966-372399bb.wav,130.000000,20.000000,24000,1966,Wynton Kelly,Wynton Kelly
3,train,kellyw-thereisnogreaterlove-mcclurercobbj-1966-372399bb__00014,kellyw-thereisnogreaterlove-mcclurercobbj-1966-372399bb,There Is No Greater Love,12,Wynton Kelly / Wynton Kelly,1,1,data/processed/jtd_group_cv_16/audio_24k_mono/kellyw-thereisnogreaterlove-mcclurercobbj-1966-372399bb.wav,140.000000,20.000000,24000,1966,Wynton Kelly,Wynton Kelly
3,train,kellyw-thereisnogreaterlove-mcclurercobbj-1966-372399bb__00015,kellyw-thereisnogreaterlove-mcclurercobbj-1966-372399bb,There Is No Greater Love,12,Wynton Kelly / Wynton Kelly,1,1,data/processed/jtd_group_cv_16/audio_24k_mono/kellyw-thereisnogreaterlove-mcclurercobbj-1966-372399bb.wav,150.000000,20.000000,24000,1966,Wynton Kelly,Wynton Kelly
3,train,kellyw-thereisnogreaterlove-mcclurercobbj-1966-372399bb__00016,kellyw-thereisnogreaterlove-mcclurercobbj-1966-372399bb,There Is No Greater Love,12,Wynton Kelly / Wynton Kelly,1,1,data/processed/jtd_group_cv_16/audio_24k_mono/kellyw-thereisnogreaterlove-mcclurercobbj-1966-372399bb.wav,160.000000,20.000000,24000,1966,Wynton Kelly,Wynton Kelly
3,train,kellyw-thereisnogreaterlove-mcclurercobbj-1966-372399bb__00017,kellyw-thereisnogreaterlove-mcclurercobbj-1966-372399bb,There Is No Greater Love,12,Wynton Kelly / Wynton Kelly,1,1,data/processed/jtd_group_cv_16/audio_24k_mono/kellyw-thereisnogreaterlove-mcclurercobbj-1966-372399bb.wav,170.000000,20.000000,24000,1966,Wynton Kelly,Wynton Kelly
3,train,kellyw-thereisnogreaterlove-mcclurercobbj-1966-372399bb__00018,kellyw-thereisnogreaterlove-mcclurercobbj-1966-372399bb,There Is No Greater Love,12,Wynton Kelly / Wynton Kelly,1,1,data/processed/jtd_group_cv_16/audio_24k_mono/kellyw-thereisnogreaterlove-mcclurercobbj-1966-372399bb.wav,180.000000,20.000000,24000,1966,Wynton Kelly,Wynton Kelly
3,train,kellyw-thereisnogreaterlove-mcclurercobbj-1966-372399bb__00019,kellyw-thereisnogreaterlove-mcclurercobbj-1966-372399bb,There Is No Greater Love,12,Wynton Kelly / Wynton Kelly,1,1,data/processed/jtd_group_cv_16/audio_24k_mono/kellyw-thereisnogreaterlove-mcclurercobbj-1966-372399bb.wav,190.000000,20.000000,24000,1966,Wynton Kelly,Wynton Kelly
3,train,kellyw-thereisnogreaterlove-mcclurercobbj-1966-372399bb__00020,kellyw-thereisnogreaterlove-mcclurercobbj-1966-372399bb,There Is No Greater Love,12,Wynton Kelly / Wynton Kelly,1,1,data/processed/jtd_group_cv_16/audio_24k_mono/kellyw-thereisnogreaterlove-mcclurercobbj-1966-372399bb.wav,200.000000,20.000000,24000,1966,Wynton Kelly,Wynton Kelly
3,train,kellyw-thereisnogreaterlove-mcclurercobbj-1966-372399bb__00021,kellyw-thereisnogreaterlove-mcclurercobbj-1966-372399bb,There Is No Greater Love,12,Wynton Kelly / Wynton Kelly,1,1,data/processed/jtd_group_cv_16/audio_24k_mono/kellyw-thereisnogreaterlove-mcclurercobbj-1966-372399bb.wav,210.000000,20.000000,24000,1966,Wynton Kelly,Wynton Kelly
3,train,kellyw-thereisnogreaterlove-mcclurercobbj-1966-372399bb__00022,kellyw-thereisnogreaterlove-mcclurercobbj-1966-372399bb,There Is No Greater Love,12,Wynton Kelly / Wynton Kelly,1,1,data/processed/jtd_group_cv_16/audio_24k_mono/kellyw-thereisnogreaterlove-mcclurercobbj-1966-372399bb.wav,220.000000,20.000000,24000,1966,Wynton Kelly,Wynton Kelly
3,train,kellyw-thereisnogreaterlove-mcclurercobbj-1966-372399bb__00023,kellyw-thereisnogreaterlove-mcclurercobbj-1966-372399bb,There Is No Greater Love,12,Wynton Kelly / Wynton Kelly,1,1,data/processed/jtd_group_cv_16/audio_24k_mono/kellyw-thereisnogreaterlove-mcclurercobbj-1966-372399bb.wav,230.000000,20.000000,24000,1966,Wynton Kelly,Wynton Kelly
3,train,kellyw-thereisnogreaterlove-mcclurercobbj-1966-372399bb__00024,kellyw-thereisnogreaterlove-mcclurercobbj-1966-372399bb,There Is No Greater Love,12,Wynton Kelly / Wynton Kelly,1,1,data/processed/jtd_group_cv_16/audio_24k_mono/kellyw-thereisnogreaterlove-mcclurercobbj-1966-372399bb.wav,240.000000,20.000000,24000,1966,Wynton Kelly,Wynton Kelly
3,train,kellyw-thereisnogreaterlove-mcclurercobbj-1966-372399bb__00025,kellyw-thereisnogreaterlove-mcclurercobbj-1966-372399bb,There Is No Greater Love,12,Wynton Kelly / Wynton Kelly,1,1,data/processed/jtd_group_cv_16/audio_24k_mono/kellyw-thereisnogreaterlove-mcclurercobbj-1966-372399bb.wav,250.000000,20.000000,24000,1966,Wynton Kelly,Wynton Kelly
3,train,kellyw-thereisnogreaterlove-mcclurercobbj-1966-372399bb__00026,kellyw-thereisnogreaterlove-mcclurercobbj-1966-372399bb,There Is No Greater Love,12,Wynton Kelly / Wynton Kelly,1,1,data/processed/jtd_group_cv_16/audio_24k_mono/kellyw-thereisnogreaterlove-mcclurercobbj-1966-372399bb.wav,260.000000,20.000000,24000,1966,Wynton Kelly,Wynton Kelly
3,train,kellyw-thereisnogreaterlove-mcclurercobbj-1966-372399bb__00027,kellyw-thereisnogreaterlove-mcclurercobbj-1966-372399bb,There Is No Greater Love,12,Wynton Kelly / Wynton Kelly,1,1,data/processed/jtd_group_cv_16/audio_24k_mono/kellyw-thereisnogreaterlove-mcclurercobbj-1966-372399bb.wav,270.000000,20.000000,24000,1966,Wynton Kelly,Wynton Kelly
3,train,kellyw-thereisnogreaterlove-mcclurercobbj-1966-372399bb__00028,kellyw-thereisnogreaterlove-mcclurercobbj-1966-372399bb,There Is No Greater Love,12,Wynton Kelly / Wynton Kelly,1,1,data/processed/jtd_group_cv_16/audio_24k_mono/kellyw-thereisnogreaterlove-mcclurercobbj-1966-372399bb.wav,280.000000,20.000000,24000,1966,Wynton Kelly,Wynton Kelly
3,train,kellyw-thereisnogreaterlove-mcclurercobbj-1966-372399bb__00029,kellyw-thereisnogreaterlove-mcclurercobbj-1966-372399bb,There Is No Greater Love,12,Wynton Kelly / Wynton Kelly,1,1,data/processed/jtd_group_cv_16/audio_24k_mono/kellyw-thereisnogreaterlove-mcclurercobbj-1966-372399bb.wav,290.000000,20.000000,24000,1966,Wynton Kelly,Wynton Kelly
3,train,kellyw-thereisnogreaterlove-mcclurercobbj-1966-372399bb__00030,kellyw-thereisnogreaterlove-mcclurercobbj-1966-372399bb,There Is No Greater Love,12,Wynton Kelly / Wynton Kelly,1,1,data/processed/jtd_group_cv_16/audio_24k_mono/kellyw-thereisnogreaterlove-mcclurercobbj-1966-372399bb.wav,300.000000,20.000000,24000,1966,Wynton Kelly,Wynton Kelly
3,train,kellyw-thereisnogreaterlove-mcclurercobbj-1966-372399bb__00031,kellyw-thereisnogreaterlove-mcclurercobbj-1966-372399bb,There Is No Greater Love,12,Wynton Kelly / Wynton Kelly,1,1,data/processed/jtd_group_cv_16/audio_24k_mono/kellyw-thereisnogreaterlove-mcclurercobbj-1966-372399bb.wav,310.000000,20.000000,24000,1966,Wynton Kelly,Wynton Kelly
3,train,kellyw-thereisnogreaterlove-mcclurercobbj-1966-372399bb__00032,kellyw-thereisnogreaterlove-mcclurercobbj-1966-372399bb,There Is No Greater Love,12,Wynton Kelly / Wynton Kelly,1,1,data/processed/jtd_group_cv_16/audio_24k_mono/kellyw-thereisnogreaterlove-mcclurercobbj-1966-372399bb.wav,320.000000,20.000000,24000,1966,Wynton Kelly,Wynton Kelly
3,train,kellyw-thereisnogreaterlove-mcclurercobbj-1966-372399bb__00033,kellyw-thereisnogreaterlove-mcclurercobbj-1966-372399bb,There Is No Greater Love,12,Wynton Kelly / Wynton Kelly,1,1,data/processed/jtd_group_cv_16/audio_24k_mono/kellyw-thereisnogreaterlove-mcclurercobbj-1966-372399bb.wav,330.000000,20.000000,24000,1966,Wynton Kelly,Wynton Kelly
3,train,evansb-whatisthisthingcalled-israelscbunkerl-1961-8a127c18__00000,evansb-whatisthisthingcalled-israelscbunkerl-1961-8a127c18,What Is This Thing Called Love,13,Bill Evans / Bill Evans,1,1,data/processed/jtd_group_cv_16/audio_24k_mono/evansb-whatisthisthingcalled-israelscbunkerl-1961-8a127c18.wav,0.000000,20.000000,24000,1961,Bill Evans,Bill Evans
3,train,evansb-whatisthisthingcalled-israelscbunkerl-1961-8a127c18__00001,evansb-whatisthisthingcalled-israelscbunkerl-1961-8a127c18,What Is This Thing Called Love,13,Bill Evans / Bill Evans,1,1,data/processed/jtd_group_cv_16/audio_24k_mono/evansb-whatisthisthingcalled-israelscbunkerl-1961-8a127c18.wav,10.000000,20.000000,24000,1961,Bill Evans,Bill Evans
3,train,evansb-whatisthisthingcalled-israelscbunkerl-1961-8a127c18__00002,evansb-whatisthisthingcalled-israelscbunkerl-1961-8a127c18,What Is This Thing Called Love,13,Bill Evans / Bill Evans,1,1,data/processed/jtd_group_cv_16/audio_24k_mono/evansb-whatisthisthingcalled-israelscbunkerl-1961-8a127c18.wav,20.000000,20.000000,24000,1961,Bill Evans,Bill Evans
3,train,mancej-whatisthisthingcalled-bettskwilliamsj-1998-15983625__00000,mancej-whatisthisthingcalled-bettskwilliamsj-1998-15983625,What Is This Thing Called Love,13,Junior Mance / Junior Mance,2,2,data/processed/jtd_group_cv_16/audio_24k_mono/mancej-whatisthisthingcalled-bettskwilliamsj-1998-15983625.wav,0.000000,20.000000,24000,1998,Junior Mance,Junior Mance
3,train,mancej-whatisthisthingcalled-bettskwilliamsj-1998-15983625__00001,mancej-whatisthisthingcalled-bettskwilliamsj-1998-15983625,What Is This Thing Called Love,13,Junior Mance / Junior Mance,2,2,data/processed/jtd_group_cv_16/audio_24k_mono/mancej-whatisthisthingcalled-bettskwilliamsj-1998-15983625.wav,10.000000,20.000000,24000,1998,Junior Mance,Junior Mance
3,train,mancej-whatisthisthingcalled-bettskwilliamsj-1998-15983625__00002,mancej-whatisthisthingcalled-bettskwilliamsj-1998-15983625,What Is This Thing Called Love,13,Junior Mance / Junior Mance,2,2,data/processed/jtd_group_cv_16/audio_24k_mono/mancej-whatisthisthingcalled-bettskwilliamsj-1998-15983625.wav,20.000000,20.000000,24000,1998,Junior Mance,Junior Mance
3,train,mancej-whatisthisthingcalled-bettskwilliamsj-1998-15983625__00003,mancej-whatisthisthingcalled-bettskwilliamsj-1998-15983625,What Is This Thing Called Love,13,Junior Mance / Junior Mance,2,2,data/processed/jtd_group_cv_16/audio_24k_mono/mancej-whatisthisthingcalled-bettskwilliamsj-1998-15983625.wav,30.000000,20.000000,24000,1998,Junior Mance,Junior Mance
3,train,mancej-whatisthisthingcalled-bettskwilliamsj-1998-15983625__00004,mancej-whatisthisthingcalled-bettskwilliamsj-1998-15983625,What Is This Thing Called Love,13,Junior Mance / Junior Mance,2,2,data/processed/jtd_group_cv_16/audio_24k_mono/mancej-whatisthisthingcalled-bettskwilliamsj-1998-15983625.wav,40.000000,20.000000,24000,1998,Junior Mance,Junior Mance
3,train,mancej-whatisthisthingcalled-bettskwilliamsj-1998-15983625__00005,mancej-whatisthisthingcalled-bettskwilliamsj-1998-15983625,What Is This Thing Called Love,13,Junior Mance / Junior Mance,2,2,data/processed/jtd_group_cv_16/audio_24k_mono/mancej-whatisthisthingcalled-bettskwilliamsj-1998-15983625.wav,50.000000,20.000000,24000,1998,Junior Mance,Junior Mance
3,train,mancej-whatisthisthingcalled-bettskwilliamsj-1998-15983625__00006,mancej-whatisthisthingcalled-bettskwilliamsj-1998-15983625,What Is This Thing Called Love,13,Junior Mance / Junior Mance,2,2,data/processed/jtd_group_cv_16/audio_24k_mono/mancej-whatisthisthingcalled-bettskwilliamsj-1998-15983625.wav,60.000000,20.000000,24000,1998,Junior Mance,Junior Mance
3,train,mancej-whatisthisthingcalled-bettskwilliamsj-1998-15983625__00007,mancej-whatisthisthingcalled-bettskwilliamsj-1998-15983625,What Is This Thing Called Love,13,Junior Mance / Junior Mance,2,2,data/processed/jtd_group_cv_16/audio_24k_mono/mancej-whatisthisthingcalled-bettskwilliamsj-1998-15983625.wav,70.000000,20.000000,24000,1998,Junior Mance,Junior Mance
3,train,mancej-whatisthisthingcalled-bettskwilliamsj-1998-15983625__00008,mancej-whatisthisthingcalled-bettskwilliamsj-1998-15983625,What Is This Thing Called Love,13,Junior Mance / Junior Mance,2,2,data/processed/jtd_group_cv_16/audio_24k_mono/mancej-whatisthisthingcalled-bettskwilliamsj-1998-15983625.wav,80.000000,20.000000,24000,1998,Junior Mance,Junior Mance
3,train,mancej-whatisthisthingcalled-bettskwilliamsj-1998-15983625__00009,mancej-whatisthisthingcalled-bettskwilliamsj-1998-15983625,What Is This Thing Called Love,13,Junior Mance / Junior Mance,2,2,data/processed/jtd_group_cv_16/audio_24k_mono/mancej-whatisthisthingcalled-bettskwilliamsj-1998-15983625.wav,90.000000,20.000000,24000,1998,Junior Mance,Junior Mance
3,train,mancej-whatisthisthingcalled-bettskwilliamsj-1998-15983625__00010,mancej-whatisthisthingcalled-bettskwilliamsj-1998-15983625,What Is This Thing Called Love,13,Junior Mance / Junior Mance,2,2,data/processed/jtd_group_cv_16/audio_24k_mono/mancej-whatisthisthingcalled-bettskwilliamsj-1998-15983625.wav,100.000000,20.000000,24000,1998,Junior Mance,Junior Mance
3,train,mancej-whatisthisthingcalled-bettskwilliamsj-1998-15983625__00011,mancej-whatisthisthingcalled-bettskwilliamsj-1998-15983625,What Is This Thing Called Love,13,Junior Mance / Junior Mance,2,2,data/processed/jtd_group_cv_16/audio_24k_mono/mancej-whatisthisthingcalled-bettskwilliamsj-1998-15983625.wav,110.000000,20.000000,24000,1998,Junior Mance,Junior Mance
3,train,mancej-whatisthisthingcalled-bettskwilliamsj-1998-15983625__00012,mancej-whatisthisthingcalled-bettskwilliamsj-1998-15983625,What Is This Thing Called Love,13,Junior Mance / Junior Mance,2,2,data/processed/jtd_group_cv_16/audio_24k_mono/mancej-whatisthisthingcalled-bettskwilliamsj-1998-15983625.wav,120.000000,20.000000,24000,1998,Junior Mance,Junior Mance
3,train,mancej-whatisthisthingcalled-bettskwilliamsj-1998-15983625__00013,mancej-whatisthisthingcalled-bettskwilliamsj-1998-15983625,What Is This Thing Called Love,13,Junior Mance / Junior Mance,2,2,data/processed/jtd_group_cv_16/audio_24k_mono/mancej-whatisthisthingcalled-bettskwilliamsj-1998-15983625.wav,130.000000,20.000000,24000,1998,Junior Mance,Junior Mance
3,train,mancej-whatisthisthingcalled-bettskwilliamsj-1998-15983625__00014,mancej-whatisthisthingcalled-bettskwilliamsj-1998-15983625,What Is This Thing Called Love,13,Junior Mance / Junior Mance,2,2,data/processed/jtd_group_cv_16/audio_24k_mono/mancej-whatisthisthingcalled-bettskwilliamsj-1998-15983625.wav,140.000000,20.000000,24000,1998,Junior Mance,Junior Mance
3,train,mancej-whatisthisthingcalled-bettskwilliamsj-1998-15983625__00015,mancej-whatisthisthingcalled-bettskwilliamsj-1998-15983625,What Is This Thing Called Love,13,Junior Mance / Junior Mance,2,2,data/processed/jtd_group_cv_16/audio_24k_mono/mancej-whatisthisthingcalled-bettskwilliamsj-1998-15983625.wav,150.000000,20.000000,24000,1998,Junior Mance,Junior Mance
3,train,mancej-whatisthisthingcalled-bettskwilliamsj-1998-15983625__00016,mancej-whatisthisthingcalled-bettskwilliamsj-1998-15983625,What Is This Thing Called Love,13,Junior Mance / Junior Mance,2,2,data/processed/jtd_group_cv_16/audio_24k_mono/mancej-whatisthisthingcalled-bettskwilliamsj-1998-15983625.wav,160.000000,20.000000,24000,1998,Junior Mance,Junior Mance
3,train,mancej-whatisthisthingcalled-bettskwilliamsj-1998-15983625__00017,mancej-whatisthisthingcalled-bettskwilliamsj-1998-15983625,What Is This Thing Called Love,13,Junior Mance / Junior Mance,2,2,data/processed/jtd_group_cv_16/audio_24k_mono/mancej-whatisthisthingcalled-bettskwilliamsj-1998-15983625.wav,170.000000,20.000000,24000,1998,Junior Mance,Junior Mance
3,train,jarrettk-whatisthisthingcalled-peacockgdejohnettej-1999-72ad4994__00000,jarrettk-whatisthisthingcalled-peacockgdejohnettej-1999-72ad4994,What Is This Thing Called Love,13,Keith Jarrett / Keith Jarrett,0,0,data/processed/jtd_group_cv_16/audio_24k_mono/jarrettk-whatisthisthingcalled-peacockgdejohnettej-1999-72ad4994.wav,0.000000,20.000000,24000,1999,Keith Jarrett,Keith Jarrett
3,train,jarrettk-whatisthisthingcalled-peacockgdejohnettej-1999-72ad4994__00001,jarrettk-whatisthisthingcalled-peacockgdejohnettej-1999-72ad4994,What Is This Thing Called Love,13,Keith Jarrett / Keith Jarrett,0,0,data/processed/jtd_group_cv_16/audio_24k_mono/jarrettk-whatisthisthingcalled-peacockgdejohnettej-1999-72ad4994.wav,10.000000,20.000000,24000,1999,Keith Jarrett,Keith Jarrett
3,train,jarrettk-whatisthisthingcalled-peacockgdejohnettej-1999-72ad4994__00002,jarrettk-whatisthisthingcalled-peacockgdejohnettej-1999-72ad4994,What Is This Thing Called Love,13,Keith Jarrett / Keith Jarrett,0,0,data/processed/jtd_group_cv_16/audio_24k_mono/jarrettk-whatisthisthingcalled-peacockgdejohnettej-1999-72ad4994.wav,20.000000,20.000000,24000,1999,Keith Jarrett,Keith Jarrett
3,train,jarrettk-whatisthisthingcalled-peacockgdejohnettej-1999-72ad4994__00003,jarrettk-whatisthisthingcalled-peacockgdejohnettej-1999-72ad4994,What Is This Thing Called Love,13,Keith Jarrett / Keith Jarrett,0,0,data/processed/jtd_group_cv_16/audio_24k_mono/jarrettk-whatisthisthingcalled-peacockgdejohnettej-1999-72ad4994.wav,30.000000,20.000000,24000,1999,Keith Jarrett,Keith Jarrett
3,train,jarrettk-whatisthisthingcalled-peacockgdejohnettej-1999-72ad4994__00004,jarrettk-whatisthisthingcalled-peacockgdejohnettej-1999-72ad4994,What Is This Thing Called Love,13,Keith Jarrett / Keith Jarrett,0,0,data/processed/jtd_group_cv_16/audio_24k_mono/jarrettk-whatisthisthingcalled-peacockgdejohnettej-1999-72ad4994.wav,40.000000,20.000000,24000,1999,Keith Jarrett,Keith Jarrett
3,train,jarrettk-whatisthisthingcalled-peacockgdejohnettej-1999-72ad4994__00005,jarrettk-whatisthisthingcalled-peacockgdejohnettej-1999-72ad4994,What Is This Thing Called Love,13,Keith Jarrett / Keith Jarrett,0,0,data/processed/jtd_group_cv_16/audio_24k_mono/jarrettk-whatisthisthingcalled-peacockgdejohnettej-1999-72ad4994.wav,50.000000,20.000000,24000,1999,Keith Jarrett,Keith Jarrett
3,train,jarrettk-whatisthisthingcalled-peacockgdejohnettej-1999-72ad4994__00006,jarrettk-whatisthisthingcalled-peacockgdejohnettej-1999-72ad4994,What Is This Thing Called Love,13,Keith Jarrett / Keith Jarrett,0,0,data/processed/jtd_group_cv_16/audio_24k_mono/jarrettk-whatisthisthingcalled-peacockgdejohnettej-1999-72ad4994.wav,60.000000,20.000000,24000,1999,Keith Jarrett,Keith Jarrett
3,train,jarrettk-whatisthisthingcalled-peacockgdejohnettej-1999-72ad4994__00007,jarrettk-whatisthisthingcalled-peacockgdejohnettej-1999-72ad4994,What Is This Thing Called Love,13,Keith Jarrett / Keith Jarrett,0,0,data/processed/jtd_group_cv_16/audio_24k_mono/jarrettk-whatisthisthingcalled-peacockgdejohnettej-1999-72ad4994.wav,70.000000,20.000000,24000,1999,Keith Jarrett,Keith Jarrett
3,train,jarrettk-whatisthisthingcalled-peacockgdejohnettej-1999-72ad4994__00008,jarrettk-whatisthisthingcalled-peacockgdejohnettej-1999-72ad4994,What Is This Thing Called Love,13,Keith Jarrett / Keith Jarrett,0,0,data/processed/jtd_group_cv_16/audio_24k_mono/jarrettk-whatisthisthingcalled-peacockgdejohnettej-1999-72ad4994.wav,80.000000,20.000000,24000,1999,Keith Jarrett,Keith Jarrett
3,train,jarrettk-whatisthisthingcalled-peacockgdejohnettej-1999-72ad4994__00009,jarrettk-whatisthisthingcalled-peacockgdejohnettej-1999-72ad4994,What Is This Thing Called Love,13,Keith Jarrett / Keith Jarrett,0,0,data/processed/jtd_group_cv_16/audio_24k_mono/jarrettk-whatisthisthingcalled-peacockgdejohnettej-1999-72ad4994.wav,90.000000,20.000000,24000,1999,Keith Jarrett,Keith Jarrett
3,train,jarrettk-whatisthisthingcalled-peacockgdejohnettej-1999-72ad4994__00010,jarrettk-whatisthisthingcalled-peacockgdejohnettej-1999-72ad4994,What Is This Thing Called Love,13,Keith Jarrett / Keith Jarrett,0,0,data/processed/jtd_group_cv_16/audio_24k_mono/jarrettk-whatisthisthingcalled-peacockgdejohnettej-1999-72ad4994.wav,100.000000,20.000000,24000,1999,Keith Jarrett,Keith Jarrett
3,train,jarrettk-whatisthisthingcalled-peacockgdejohnettej-1999-72ad4994__00011,jarrettk-whatisthisthingcalled-peacockgdejohnettej-1999-72ad4994,What Is This Thing Called Love,13,Keith Jarrett / Keith Jarrett,0,0,data/processed/jtd_group_cv_16/audio_24k_mono/jarrettk-whatisthisthingcalled-peacockgdejohnettej-1999-72ad4994.wav,110.000000,20.000000,24000,1999,Keith Jarrett,Keith Jarrett
3,train,jarrettk-whatisthisthingcalled-peacockgdejohnettej-1999-72ad4994__00012,jarrettk-whatisthisthingcalled-peacockgdejohnettej-1999-72ad4994,What Is This Thing Called Love,13,Keith Jarrett / Keith Jarrett,0,0,data/processed/jtd_group_cv_16/audio_24k_mono/jarrettk-whatisthisthingcalled-peacockgdejohnettej-1999-72ad4994.wav,120.000000,20.000000,24000,1999,Keith Jarrett,Keith Jarrett
3,train,jarrettk-whatisthisthingcalled-peacockgdejohnettej-1999-72ad4994__00013,jarrettk-whatisthisthingcalled-peacockgdejohnettej-1999-72ad4994,What Is This Thing Called Love,13,Keith Jarrett / Keith Jarrett,0,0,data/processed/jtd_group_cv_16/audio_24k_mono/jarrettk-whatisthisthingcalled-peacockgdejohnettej-1999-72ad4994.wav,130.000000,20.000000,24000,1999,Keith Jarrett,Keith Jarrett
3,train,jarrettk-whatisthisthingcalled-peacockgdejohnettej-1999-72ad4994__00014,jarrettk-whatisthisthingcalled-peacockgdejohnettej-1999-72ad4994,What Is This Thing Called Love,13,Keith Jarrett / Keith Jarrett,0,0,data/processed/jtd_group_cv_16/audio_24k_mono/jarrettk-whatisthisthingcalled-peacockgdejohnettej-1999-72ad4994.wav,140.000000,20.000000,24000,1999,Keith Jarrett,Keith Jarrett
3,train,jarrettk-whatisthisthingcalled-peacockgdejohnettej-1999-72ad4994__00015,jarrettk-whatisthisthingcalled-peacockgdejohnettej-1999-72ad4994,What Is This Thing Called Love,13,Keith Jarrett / Keith Jarrett,0,0,data/processed/jtd_group_cv_16/audio_24k_mono/jarrettk-whatisthisthingcalled-peacockgdejohnettej-1999-72ad4994.wav,150.000000,20.000000,24000,1999,Keith Jarrett,Keith Jarrett
3,train,jarrettk-whatisthisthingcalled-peacockgdejohnettej-1999-72ad4994__00016,jarrettk-whatisthisthingcalled-peacockgdejohnettej-1999-72ad4994,What Is This Thing Called Love,13,Keith Jarrett / Keith Jarrett,0,0,data/processed/jtd_group_cv_16/audio_24k_mono/jarrettk-whatisthisthingcalled-peacockgdejohnettej-1999-72ad4994.wav,160.000000,20.000000,24000,1999,Keith Jarrett,Keith Jarrett
3,train,jarrettk-whatisthisthingcalled-peacockgdejohnettej-1999-72ad4994__00017,jarrettk-whatisthisthingcalled-peacockgdejohnettej-1999-72ad4994,What Is This Thing Called Love,13,Keith Jarrett / Keith Jarrett,0,0,data/processed/jtd_group_cv_16/audio_24k_mono/jarrettk-whatisthisthingcalled-peacockgdejohnettej-1999-72ad4994.wav,170.000000,20.000000,24000,1999,Keith Jarrett,Keith Jarrett
3,train,jarrettk-whatisthisthingcalled-peacockgdejohnettej-1999-72ad4994__00018,jarrettk-whatisthisthingcalled-peacockgdejohnettej-1999-72ad4994,What Is This Thing Called Love,13,Keith Jarrett / Keith Jarrett,0,0,data/processed/jtd_group_cv_16/audio_24k_mono/jarrettk-whatisthisthingcalled-peacockgdejohnettej-1999-72ad4994.wav,180.000000,20.000000,24000,1999,Keith Jarrett,Keith Jarrett
3,train,jarrettk-whatisthisthingcalled-peacockgdejohnettej-1999-72ad4994__00019,jarrettk-whatisthisthingcalled-peacockgdejohnettej-1999-72ad4994,What Is This Thing Called Love,13,Keith Jarrett / Keith Jarrett,0,0,data/processed/jtd_group_cv_16/audio_24k_mono/jarrettk-whatisthisthingcalled-peacockgdejohnettej-1999-72ad4994.wav,190.000000,20.000000,24000,1999,Keith Jarrett,Keith Jarrett
3,train,jarrettk-whatisthisthingcalled-peacockgdejohnettej-1999-72ad4994__00020,jarrettk-whatisthisthingcalled-peacockgdejohnettej-1999-72ad4994,What Is This Thing Called Love,13,Keith Jarrett / Keith Jarrett,0,0,data/processed/jtd_group_cv_16/audio_24k_mono/jarrettk-whatisthisthingcalled-peacockgdejohnettej-1999-72ad4994.wav,200.000000,20.000000,24000,1999,Keith Jarrett,Keith Jarrett
3,train,jarrettk-whatisthisthingcalled-peacockgdejohnettej-1999-72ad4994__00021,jarrettk-whatisthisthingcalled-peacockgdejohnettej-1999-72ad4994,What Is This Thing Called Love,13,Keith Jarrett / Keith Jarrett,0,0,data/processed/jtd_group_cv_16/audio_24k_mono/jarrettk-whatisthisthingcalled-peacockgdejohnettej-1999-72ad4994.wav,210.000000,20.000000,24000,1999,Keith Jarrett,Keith Jarrett
3,train,jarrettk-whatisthisthingcalled-peacockgdejohnettej-1999-72ad4994__00022,jarrettk-whatisthisthingcalled-peacockgdejohnettej-1999-72ad4994,What Is This Thing Called Love,13,Keith Jarrett / Keith Jarrett,0,0,data/processed/jtd_group_cv_16/audio_24k_mono/jarrettk-whatisthisthingcalled-peacockgdejohnettej-1999-72ad4994.wav,220.000000,20.000000,24000,1999,Keith Jarrett,Keith Jarrett
3,train,jarrettk-whatisthisthingcalled-peacockgdejohnettej-1999-72ad4994__00023,jarrettk-whatisthisthingcalled-peacockgdejohnettej-1999-72ad4994,What Is This Thing Called Love,13,Keith Jarrett / Keith Jarrett,0,0,data/processed/jtd_group_cv_16/audio_24k_mono/jarrettk-whatisthisthingcalled-peacockgdejohnettej-1999-72ad4994.wav,230.000000,20.000000,24000,1999,Keith Jarrett,Keith Jarrett
3,train,jarrettk-whatisthisthingcalled-peacockgdejohnettej-1999-72ad4994__00024,jarrettk-whatisthisthingcalled-peacockgdejohnettej-1999-72ad4994,What Is This Thing Called Love,13,Keith Jarrett / Keith Jarrett,0,0,data/processed/jtd_group_cv_16/audio_24k_mono/jarrettk-whatisthisthingcalled-peacockgdejohnettej-1999-72ad4994.wav,240.000000,20.000000,24000,1999,Keith Jarrett,Keith Jarrett
3,train,jarrettk-whatisthisthingcalled-peacockgdejohnettej-1999-72ad4994__00025,jarrettk-whatisthisthingcalled-peacockgdejohnettej-1999-72ad4994,What Is This Thing Called Love,13,Keith Jarrett / Keith Jarrett,0,0,data/processed/jtd_group_cv_16/audio_24k_mono/jarrettk-whatisthisthingcalled-peacockgdejohnettej-1999-72ad4994.wav,250.000000,20.000000,24000,1999,Keith Jarrett,Keith Jarrett
3,train,jarrettk-whatisthisthingcalled-peacockgdejohnettej-1999-72ad4994__00026,jarrettk-whatisthisthingcalled-peacockgdejohnettej-1999-72ad4994,What Is This Thing Called Love,13,Keith Jarrett / Keith Jarrett,0,0,data/processed/jtd_group_cv_16/audio_24k_mono/jarrettk-whatisthisthingcalled-peacockgdejohnettej-1999-72ad4994.wav,260.000000,20.000000,24000,1999,Keith Jarrett,Keith Jarrett
3,train,jarrettk-whatisthisthingcalled-peacockgdejohnettej-1999-72ad4994__00027,jarrettk-whatisthisthingcalled-peacockgdejohnettej-1999-72ad4994,What Is This Thing Called Love,13,Keith Jarrett / Keith Jarrett,0,0,data/processed/jtd_group_cv_16/audio_24k_mono/jarrettk-whatisthisthingcalled-peacockgdejohnettej-1999-72ad4994.wav,270.000000,20.000000,24000,1999,Keith Jarrett,Keith Jarrett
3,train,jarrettk-whatisthisthingcalled-peacockgdejohnettej-1999-72ad4994__00028,jarrettk-whatisthisthingcalled-peacockgdejohnettej-1999-72ad4994,What Is This Thing Called Love,13,Keith Jarrett / Keith Jarrett,0,0,data/processed/jtd_group_cv_16/audio_24k_mono/jarrettk-whatisthisthingcalled-peacockgdejohnettej-1999-72ad4994.wav,280.000000,20.000000,24000,1999,Keith Jarrett,Keith Jarrett
3,train,jarrettk-whatisthisthingcalled-peacockgdejohnettej-1999-72ad4994__00029,jarrettk-whatisthisthingcalled-peacockgdejohnettej-1999-72ad4994,What Is This Thing Called Love,13,Keith Jarrett / Keith Jarrett,0,0,data/processed/jtd_group_cv_16/audio_24k_mono/jarrettk-whatisthisthingcalled-peacockgdejohnettej-1999-72ad4994.wav,290.000000,20.000000,24000,1999,Keith Jarrett,Keith Jarrett
3,train,jamala-whispernot-nasserjfournierv-1965-dc92588c__00000,jamala-whispernot-nasserjfournierv-1965-dc92588c,Whisper Not,14,Ahmad Jamal / Ahmad Jamal,1,1,data/processed/jtd_group_cv_16/audio_24k_mono/jamala-whispernot-nasserjfournierv-1965-dc92588c.wav,0.000000,20.000000,24000,1965,Ahmad Jamal,Ahmad Jamal
3,train,jamala-whispernot-nasserjfournierv-1965-dc92588c__00001,jamala-whispernot-nasserjfournierv-1965-dc92588c,Whisper Not,14,Ahmad Jamal / Ahmad Jamal,1,1,data/processed/jtd_group_cv_16/audio_24k_mono/jamala-whispernot-nasserjfournierv-1965-dc92588c.wav,10.000000,20.000000,24000,1965,Ahmad Jamal,Ahmad Jamal
3,train,jamala-whispernot-nasserjfournierv-1965-dc92588c__00002,jamala-whispernot-nasserjfournierv-1965-dc92588c,Whisper Not,14,Ahmad Jamal / Ahmad Jamal,1,1,data/processed/jtd_group_cv_16/audio_24k_mono/jamala-whispernot-nasserjfournierv-1965-dc92588c.wav,20.000000,20.000000,24000,1965,Ahmad Jamal,Ahmad Jamal
3,train,jamala-whispernot-nasserjfournierv-1965-dc92588c__00003,jamala-whispernot-nasserjfournierv-1965-dc92588c,Whisper Not,14,Ahmad Jamal / Ahmad Jamal,1,1,data/processed/jtd_group_cv_16/audio_24k_mono/jamala-whispernot-nasserjfournierv-1965-dc92588c.wav,30.000000,20.000000,24000,1965,Ahmad Jamal,Ahmad Jamal
3,train,jamala-whispernot-nasserjfournierv-1965-dc92588c__00004,jamala-whispernot-nasserjfournierv-1965-dc92588c,Whisper Not,14,Ahmad Jamal / Ahmad Jamal,1,1,data/processed/jtd_group_cv_16/audio_24k_mono/jamala-whispernot-nasserjfournierv-1965-dc92588c.wav,40.000000,20.000000,24000,1965,Ahmad Jamal,Ahmad Jamal
3,train,jamala-whispernot-nasserjfournierv-1965-dc92588c__00005,jamala-whispernot-nasserjfournierv-1965-dc92588c,Whisper Not,14,Ahmad Jamal / Ahmad Jamal,1,1,data/processed/jtd_group_cv_16/audio_24k_mono/jamala-whispernot-nasserjfournierv-1965-dc92588c.wav,50.000000,20.000000,24000,1965,Ahmad Jamal,Ahmad Jamal
3,train,jarrettk-whispernot-peacockgdejohnettej-1999-acdeb96f__00000,jarrettk-whispernot-peacockgdejohnettej-1999-acdeb96f,Whisper Not,14,Keith Jarrett / Keith Jarrett,2,2,data/processed/jtd_group_cv_16/audio_24k_mono/jarrettk-whispernot-peacockgdejohnettej-1999-acdeb96f.wav,0.000000,20.000000,24000,1999,Keith Jarrett,Keith Jarrett
3,train,jarrettk-whispernot-peacockgdejohnettej-1999-acdeb96f__00001,jarrettk-whispernot-peacockgdejohnettej-1999-acdeb96f,Whisper Not,14,Keith Jarrett / Keith Jarrett,2,2,data/processed/jtd_group_cv_16/audio_24k_mono/jarrettk-whispernot-peacockgdejohnettej-1999-acdeb96f.wav,10.000000,20.000000,24000,1999,Keith Jarrett,Keith Jarrett
3,train,jarrettk-whispernot-peacockgdejohnettej-1999-acdeb96f__00002,jarrettk-whispernot-peacockgdejohnettej-1999-acdeb96f,Whisper Not,14,Keith Jarrett / Keith Jarrett,2,2,data/processed/jtd_group_cv_16/audio_24k_mono/jarrettk-whispernot-peacockgdejohnettej-1999-acdeb96f.wav,20.000000,20.000000,24000,1999,Keith Jarrett,Keith Jarrett
3,train,jarrettk-whispernot-peacockgdejohnettej-1999-acdeb96f__00003,jarrettk-whispernot-peacockgdejohnettej-1999-acdeb96f,Whisper Not,14,Keith Jarrett / Keith Jarrett,2,2,data/processed/jtd_group_cv_16/audio_24k_mono/jarrettk-whispernot-peacockgdejohnettej-1999-acdeb96f.wav,30.000000,20.000000,24000,1999,Keith Jarrett,Keith Jarrett
3,train,jarrettk-whispernot-peacockgdejohnettej-1999-acdeb96f__00004,jarrettk-whispernot-peacockgdejohnettej-1999-acdeb96f,Whisper Not,14,Keith Jarrett / Keith Jarrett,2,2,data/processed/jtd_group_cv_16/audio_24k_mono/jarrettk-whispernot-peacockgdejohnettej-1999-acdeb96f.wav,40.000000,20.000000,24000,1999,Keith Jarrett,Keith Jarrett
3,train,jarrettk-whispernot-peacockgdejohnettej-1999-acdeb96f__00005,jarrettk-whispernot-peacockgdejohnettej-1999-acdeb96f,Whisper Not,14,Keith Jarrett / Keith Jarrett,2,2,data/processed/jtd_group_cv_16/audio_24k_mono/jarrettk-whispernot-peacockgdejohnettej-1999-acdeb96f.wav,50.000000,20.000000,24000,1999,Keith Jarrett,Keith Jarrett
3,train,jarrettk-whispernot-peacockgdejohnettej-1999-acdeb96f__00006,jarrettk-whispernot-peacockgdejohnettej-1999-acdeb96f,Whisper Not,14,Keith Jarrett / Keith Jarrett,2,2,data/processed/jtd_group_cv_16/audio_24k_mono/jarrettk-whispernot-peacockgdejohnettej-1999-acdeb96f.wav,60.000000,20.000000,24000,1999,Keith Jarrett,Keith Jarrett
3,train,jarrettk-whispernot-peacockgdejohnettej-1999-acdeb96f__00007,jarrettk-whispernot-peacockgdejohnettej-1999-acdeb96f,Whisper Not,14,Keith Jarrett / Keith Jarrett,2,2,data/processed/jtd_group_cv_16/audio_24k_mono/jarrettk-whispernot-peacockgdejohnettej-1999-acdeb96f.wav,70.000000,20.000000,24000,1999,Keith Jarrett,Keith Jarrett
3,train,jarrettk-whispernot-peacockgdejohnettej-1999-acdeb96f__00008,jarrettk-whispernot-peacockgdejohnettej-1999-acdeb96f,Whisper Not,14,Keith Jarrett / Keith Jarrett,2,2,data/processed/jtd_group_cv_16/audio_24k_mono/jarrettk-whispernot-peacockgdejohnettej-1999-acdeb96f.wav,80.000000,20.000000,24000,1999,Keith Jarrett,Keith Jarrett
3,train,jarrettk-whispernot-peacockgdejohnettej-1999-acdeb96f__00009,jarrettk-whispernot-peacockgdejohnettej-1999-acdeb96f,Whisper Not,14,Keith Jarrett / Keith Jarrett,2,2,data/processed/jtd_group_cv_16/audio_24k_mono/jarrettk-whispernot-peacockgdejohnettej-1999-acdeb96f.wav,90.000000,20.000000,24000,1999,Keith Jarrett,Keith Jarrett
3,train,jarrettk-whispernot-peacockgdejohnettej-1999-acdeb96f__00010,jarrettk-whispernot-peacockgdejohnettej-1999-acdeb96f,Whisper Not,14,Keith Jarrett / Keith Jarrett,2,2,data/processed/jtd_group_cv_16/audio_24k_mono/jarrettk-whispernot-peacockgdejohnettej-1999-acdeb96f.wav,100.000000,20.000000,24000,1999,Keith Jarrett,Keith Jarrett
3,train,jarrettk-whispernot-peacockgdejohnettej-1999-acdeb96f__00011,jarrettk-whispernot-peacockgdejohnettej-1999-acdeb96f,Whisper Not,14,Keith Jarrett / Keith Jarrett,2,2,data/processed/jtd_group_cv_16/audio_24k_mono/jarrettk-whispernot-peacockgdejohnettej-1999-acdeb96f.wav,110.000000,20.000000,24000,1999,Keith Jarrett,Keith Jarrett
3,train,jarrettk-whispernot-peacockgdejohnettej-1999-acdeb96f__00012,jarrettk-whispernot-peacockgdejohnettej-1999-acdeb96f,Whisper Not,14,Keith Jarrett / Keith Jarrett,2,2,data/processed/jtd_group_cv_16/audio_24k_mono/jarrettk-whispernot-peacockgdejohnettej-1999-acdeb96f.wav,120.000000,20.000000,24000,1999,Keith Jarrett,Keith Jarrett
3,train,jarrettk-whispernot-peacockgdejohnettej-1999-acdeb96f__00013,jarrettk-whispernot-peacockgdejohnettej-1999-acdeb96f,Whisper Not,14,Keith Jarrett / Keith Jarrett,2,2,data/processed/jtd_group_cv_16/audio_24k_mono/jarrettk-whispernot-peacockgdejohnettej-1999-acdeb96f.wav,130.000000,20.000000,24000,1999,Keith Jarrett,Keith Jarrett
3,train,jarrettk-whispernot-peacockgdejohnettej-1999-acdeb96f__00014,jarrettk-whispernot-peacockgdejohnettej-1999-acdeb96f,Whisper Not,14,Keith Jarrett / Keith Jarrett,2,2,data/processed/jtd_group_cv_16/audio_24k_mono/jarrettk-whispernot-peacockgdejohnettej-1999-acdeb96f.wav,140.000000,20.000000,24000,1999,Keith Jarrett,Keith Jarrett
3,train,jarrettk-whispernot-peacockgdejohnettej-1999-acdeb96f__00015,jarrettk-whispernot-peacockgdejohnettej-1999-acdeb96f,Whisper Not,14,Keith Jarrett / Keith Jarrett,2,2,data/processed/jtd_group_cv_16/audio_24k_mono/jarrettk-whispernot-peacockgdejohnettej-1999-acdeb96f.wav,150.000000,20.000000,24000,1999,Keith Jarrett,Keith Jarrett
3,train,petersono-whispernot-brownrthigpene-1961-aa3ac076__00000,petersono-whispernot-brownrthigpene-1961-aa3ac076,Whisper Not,14,Oscar Peterson / Oscar Peterson,0,0,data/processed/jtd_group_cv_16/audio_24k_mono/petersono-whispernot-brownrthigpene-1961-aa3ac076.wav,0.000000,20.000000,24000,1961,Oscar Peterson,Oscar Peterson
3,train,petersono-whispernot-brownrthigpene-1961-aa3ac076__00001,petersono-whispernot-brownrthigpene-1961-aa3ac076,Whisper Not,14,Oscar Peterson / Oscar Peterson,0,0,data/processed/jtd_group_cv_16/audio_24k_mono/petersono-whispernot-brownrthigpene-1961-aa3ac076.wav,10.000000,20.000000,24000,1961,Oscar Peterson,Oscar Peterson
3,train,petersono-whispernot-brownrthigpene-1961-aa3ac076__00002,petersono-whispernot-brownrthigpene-1961-aa3ac076,Whisper Not,14,Oscar Peterson / Oscar Peterson,0,0,data/processed/jtd_group_cv_16/audio_24k_mono/petersono-whispernot-brownrthigpene-1961-aa3ac076.wav,20.000000,20.000000,24000,1961,Oscar Peterson,Oscar Peterson
3,train,petersono-whispernot-brownrthigpene-1961-aa3ac076__00003,petersono-whispernot-brownrthigpene-1961-aa3ac076,Whisper Not,14,Oscar Peterson / Oscar Peterson,0,0,data/processed/jtd_group_cv_16/audio_24k_mono/petersono-whispernot-brownrthigpene-1961-aa3ac076.wav,30.000000,20.000000,24000,1961,Oscar Peterson,Oscar Peterson
3,train,petersono-whispernot-brownrthigpene-1961-aa3ac076__00004,petersono-whispernot-brownrthigpene-1961-aa3ac076,Whisper Not,14,Oscar Peterson / Oscar Peterson,0,0,data/processed/jtd_group_cv_16/audio_24k_mono/petersono-whispernot-brownrthigpene-1961-aa3ac076.wav,40.000000,20.000000,24000,1961,Oscar Peterson,Oscar Peterson
3,train,petersono-whispernot-brownrthigpene-1961-aa3ac076__00005,petersono-whispernot-brownrthigpene-1961-aa3ac076,Whisper Not,14,Oscar Peterson / Oscar Peterson,0,0,data/processed/jtd_group_cv_16/audio_24k_mono/petersono-whispernot-brownrthigpene-1961-aa3ac076.wav,50.000000,20.000000,24000,1961,Oscar Peterson,Oscar Peterson
3,train,petersono-whispernot-brownrthigpene-1961-aa3ac076__00006,petersono-whispernot-brownrthigpene-1961-aa3ac076,Whisper Not,14,Oscar Peterson / Oscar Peterson,0,0,data/processed/jtd_group_cv_16/audio_24k_mono/petersono-whispernot-brownrthigpene-1961-aa3ac076.wav,60.000000,20.000000,24000,1961,Oscar Peterson,Oscar Peterson
3,train,petersono-whispernot-brownrthigpene-1961-aa3ac076__00007,petersono-whispernot-brownrthigpene-1961-aa3ac076,Whisper Not,14,Oscar Peterson / Oscar Peterson,0,0,data/processed/jtd_group_cv_16/audio_24k_mono/petersono-whispernot-brownrthigpene-1961-aa3ac076.wav,70.000000,20.000000,24000,1961,Oscar Peterson,Oscar Peterson
3,train,petersono-whispernot-brownrthigpene-1961-aa3ac076__00008,petersono-whispernot-brownrthigpene-1961-aa3ac076,Whisper Not,14,Oscar Peterson / Oscar Peterson,0,0,data/processed/jtd_group_cv_16/audio_24k_mono/petersono-whispernot-brownrthigpene-1961-aa3ac076.wav,80.000000,20.000000,24000,1961,Oscar Peterson,Oscar Peterson
3,train,petersono-whispernot-brownrthigpene-1961-aa3ac076__00009,petersono-whispernot-brownrthigpene-1961-aa3ac076,Whisper Not,14,Oscar Peterson / Oscar Peterson,0,0,data/processed/jtd_group_cv_16/audio_24k_mono/petersono-whispernot-brownrthigpene-1961-aa3ac076.wav,90.000000,20.000000,24000,1961,Oscar Peterson,Oscar Peterson
3,train,evansb-yesterdays-gomezemorellm-1968-43d1c693__00000,evansb-yesterdays-gomezemorellm-1968-43d1c693,Yesterdays,15,Bill Evans / Bill Evans,1,1,data/processed/jtd_group_cv_16/audio_24k_mono/evansb-yesterdays-gomezemorellm-1968-43d1c693.wav,0.000000,20.000000,24000,1968,Bill Evans,Bill Evans
3,train,evansb-yesterdays-gomezemorellm-1968-43d1c693__00001,evansb-yesterdays-gomezemorellm-1968-43d1c693,Yesterdays,15,Bill Evans / Bill Evans,1,1,data/processed/jtd_group_cv_16/audio_24k_mono/evansb-yesterdays-gomezemorellm-1968-43d1c693.wav,10.000000,20.000000,24000,1968,Bill Evans,Bill Evans
3,train,evansb-yesterdays-gomezemorellm-1968-43d1c693__00002,evansb-yesterdays-gomezemorellm-1968-43d1c693,Yesterdays,15,Bill Evans / Bill Evans,1,1,data/processed/jtd_group_cv_16/audio_24k_mono/evansb-yesterdays-gomezemorellm-1968-43d1c693.wav,20.000000,20.000000,24000,1968,Bill Evans,Bill Evans
3,train,evansb-yesterdays-gomezemorellm-1968-43d1c693__00003,evansb-yesterdays-gomezemorellm-1968-43d1c693,Yesterdays,15,Bill Evans / Bill Evans,1,1,data/processed/jtd_group_cv_16/audio_24k_mono/evansb-yesterdays-gomezemorellm-1968-43d1c693.wav,30.000000,20.000000,24000,1968,Bill Evans,Bill Evans
3,train,hicksj-yesterdays-drummondrmuhammadi-1990-8a89257c__00000,hicksj-yesterdays-drummondrmuhammadi-1990-8a89257c,Yesterdays,15,John Hicks / John Hicks,2,2,data/processed/jtd_group_cv_16/audio_24k_mono/hicksj-yesterdays-drummondrmuhammadi-1990-8a89257c.wav,0.000000,20.000000,24000,1990,John Hicks,John Hicks
3,train,hicksj-yesterdays-drummondrmuhammadi-1990-8a89257c__00001,hicksj-yesterdays-drummondrmuhammadi-1990-8a89257c,Yesterdays,15,John Hicks / John Hicks,2,2,data/processed/jtd_group_cv_16/audio_24k_mono/hicksj-yesterdays-drummondrmuhammadi-1990-8a89257c.wav,10.000000,20.000000,24000,1990,John Hicks,John Hicks
3,train,hicksj-yesterdays-drummondrmuhammadi-1990-8a89257c__00002,hicksj-yesterdays-drummondrmuhammadi-1990-8a89257c,Yesterdays,15,John Hicks / John Hicks,2,2,data/processed/jtd_group_cv_16/audio_24k_mono/hicksj-yesterdays-drummondrmuhammadi-1990-8a89257c.wav,20.000000,20.000000,24000,1990,John Hicks,John Hicks
3,train,hicksj-yesterdays-drummondrmuhammadi-1990-8a89257c__00003,hicksj-yesterdays-drummondrmuhammadi-1990-8a89257c,Yesterdays,15,John Hicks / John Hicks,2,2,data/processed/jtd_group_cv_16/audio_24k_mono/hicksj-yesterdays-drummondrmuhammadi-1990-8a89257c.wav,30.000000,20.000000,24000,1990,John Hicks,John Hicks
3,train,hicksj-yesterdays-drummondrmuhammadi-1990-8a89257c__00004,hicksj-yesterdays-drummondrmuhammadi-1990-8a89257c,Yesterdays,15,John Hicks / John Hicks,2,2,data/processed/jtd_group_cv_16/audio_24k_mono/hicksj-yesterdays-drummondrmuhammadi-1990-8a89257c.wav,40.000000,20.000000,24000,1990,John Hicks,John Hicks
3,train,hicksj-yesterdays-drummondrmuhammadi-1990-8a89257c__00005,hicksj-yesterdays-drummondrmuhammadi-1990-8a89257c,Yesterdays,15,John Hicks / John Hicks,2,2,data/processed/jtd_group_cv_16/audio_24k_mono/hicksj-yesterdays-drummondrmuhammadi-1990-8a89257c.wav,50.000000,20.000000,24000,1990,John Hicks,John Hicks
3,train,drewk-yesterdays-russellcblakeya-1951-3dc431b2__00000,drewk-yesterdays-russellcblakeya-1951-3dc431b2,Yesterdays,15,Kenny Drew / Kenny Drew,0,0,data/processed/jtd_group_cv_16/audio_24k_mono/drewk-yesterdays-russellcblakeya-1951-3dc431b2.wav,0.000000,20.000000,24000,1951,Kenny Drew,Kenny Drew
3,train,drewk-yesterdays-russellcblakeya-1951-3dc431b2__00001,drewk-yesterdays-russellcblakeya-1951-3dc431b2,Yesterdays,15,Kenny Drew / Kenny Drew,0,0,data/processed/jtd_group_cv_16/audio_24k_mono/drewk-yesterdays-russellcblakeya-1951-3dc431b2.wav,10.000000,20.000000,24000,1951,Kenny Drew,Kenny Drew
3,train,drewk-yesterdays-russellcblakeya-1951-3dc431b2__00002,drewk-yesterdays-russellcblakeya-1951-3dc431b2,Yesterdays,15,Kenny Drew / Kenny Drew,0,0,data/processed/jtd_group_cv_16/audio_24k_mono/drewk-yesterdays-russellcblakeya-1951-3dc431b2.wav,20.000000,20.000000,24000,1951,Kenny Drew,Kenny Drew
3,train,drewk-yesterdays-russellcblakeya-1951-3dc431b2__00003,drewk-yesterdays-russellcblakeya-1951-3dc431b2,Yesterdays,15,Kenny Drew / Kenny Drew,0,0,data/processed/jtd_group_cv_16/audio_24k_mono/drewk-yesterdays-russellcblakeya-1951-3dc431b2.wav,30.000000,20.000000,24000,1951,Kenny Drew,Kenny Drew
3,train,drewk-yesterdays-russellcblakeya-1951-3dc431b2__00004,drewk-yesterdays-russellcblakeya-1951-3dc431b2,Yesterdays,15,Kenny Drew / Kenny Drew,0,0,data/processed/jtd_group_cv_16/audio_24k_mono/drewk-yesterdays-russellcblakeya-1951-3dc431b2.wav,40.000000,20.000000,24000,1951,Kenny Drew,Kenny Drew
3,train,drewk-yesterdays-russellcblakeya-1951-3dc431b2__00005,drewk-yesterdays-russellcblakeya-1951-3dc431b2,Yesterdays,15,Kenny Drew / Kenny Drew,0,0,data/processed/jtd_group_cv_16/audio_24k_mono/drewk-yesterdays-russellcblakeya-1951-3dc431b2.wav,50.000000,20.000000,24000,1951,Kenny Drew,Kenny Drew
3,train,drewk-yesterdays-russellcblakeya-1951-3dc431b2__00006,drewk-yesterdays-russellcblakeya-1951-3dc431b2,Yesterdays,15,Kenny Drew / Kenny Drew,0,0,data/processed/jtd_group_cv_16/audio_24k_mono/drewk-yesterdays-russellcblakeya-1951-3dc431b2.wav,60.000000,20.000000,24000,1951,Kenny Drew,Kenny Drew
3,train,drewk-yesterdays-russellcblakeya-1951-3dc431b2__00007,drewk-yesterdays-russellcblakeya-1951-3dc431b2,Yesterdays,15,Kenny Drew / Kenny Drew,0,0,data/processed/jtd_group_cv_16/audio_24k_mono/drewk-yesterdays-russellcblakeya-1951-3dc431b2.wav,70.000000,20.000000,24000,1951,Kenny Drew,Kenny Drew
3,train,drewk-yesterdays-russellcblakeya-1951-3dc431b2__00008,drewk-yesterdays-russellcblakeya-1951-3dc431b2,Yesterdays,15,Kenny Drew / Kenny Drew,0,0,data/processed/jtd_group_cv_16/audio_24k_mono/drewk-yesterdays-russellcblakeya-1951-3dc431b2.wav,80.000000,20.000000,24000,1951,Kenny Drew,Kenny Drew
3,train,drewk-yesterdays-russellcblakeya-1951-3dc431b2__00009,drewk-yesterdays-russellcblakeya-1951-3dc431b2,Yesterdays,15,Kenny Drew / Kenny Drew,0,0,data/processed/jtd_group_cv_16/audio_24k_mono/drewk-yesterdays-russellcblakeya-1951-3dc431b2.wav,90.000000,20.000000,24000,1951,Kenny Drew,Kenny Drew
3,train,drewk-yesterdays-russellcblakeya-1951-3dc431b2__00010,drewk-yesterdays-russellcblakeya-1951-3dc431b2,Yesterdays,15,Kenny Drew / Kenny Drew,0,0,data/processed/jtd_group_cv_16/audio_24k_mono/drewk-yesterdays-russellcblakeya-1951-3dc431b2.wav,100.000000,20.000000,24000,1951,Kenny Drew,Kenny Drew
3,train,drewk-yesterdays-russellcblakeya-1951-3dc431b2__00011,drewk-yesterdays-russellcblakeya-1951-3dc431b2,Yesterdays,15,Kenny Drew / Kenny Drew,0,0,data/processed/jtd_group_cv_16/audio_24k_mono/drewk-yesterdays-russellcblakeya-1951-3dc431b2.wav,110.000000,20.000000,24000,1951,Kenny Drew,Kenny Drew
3,train,drewk-yesterdays-russellcblakeya-1951-3dc431b2__00012,drewk-yesterdays-russellcblakeya-1951-3dc431b2,Yesterdays,15,Kenny Drew / Kenny Drew,0,0,data/processed/jtd_group_cv_16/audio_24k_mono/drewk-yesterdays-russellcblakeya-1951-3dc431b2.wav,120.000000,20.000000,24000,1951,Kenny Drew,Kenny Drew
3,train,drewk-yesterdays-russellcblakeya-1951-3dc431b2__00013,drewk-yesterdays-russellcblakeya-1951-3dc431b2,Yesterdays,15,Kenny Drew / Kenny Drew,0,0,data/processed/jtd_group_cv_16/audio_24k_mono/drewk-yesterdays-russellcblakeya-1951-3dc431b2.wav,130.000000,20.000000,24000,1951,Kenny Drew,Kenny Drew
3,train,drewk-yesterdays-russellcblakeya-1951-3dc431b2__00014,drewk-yesterdays-russellcblakeya-1951-3dc431b2,Yesterdays,15,Kenny Drew / Kenny Drew,0,0,data/processed/jtd_group_cv_16/audio_24k_mono/drewk-yesterdays-russellcblakeya-1951-3dc431b2.wav,140.000000,20.000000,24000,1951,Kenny Drew,Kenny Drew
3,train,tynerm-yesterdays-sharpeascotta-1989-47615333__00000,tynerm-yesterdays-sharpeascotta-1989-47615333,Yesterdays,15,McCoy Tyner / McCoy Tyner,5,5,data/processed/jtd_group_cv_16/audio_24k_mono/tynerm-yesterdays-sharpeascotta-1989-47615333.wav,0.000000,20.000000,24000,1989,McCoy Tyner,McCoy Tyner
3,train,tynerm-yesterdays-sharpeascotta-1989-47615333__00001,tynerm-yesterdays-sharpeascotta-1989-47615333,Yesterdays,15,McCoy Tyner / McCoy Tyner,5,5,data/processed/jtd_group_cv_16/audio_24k_mono/tynerm-yesterdays-sharpeascotta-1989-47615333.wav,10.000000,20.000000,24000,1989,McCoy Tyner,McCoy Tyner
3,train,tynerm-yesterdays-sharpeascotta-1989-47615333__00002,tynerm-yesterdays-sharpeascotta-1989-47615333,Yesterdays,15,McCoy Tyner / McCoy Tyner,5,5,data/processed/jtd_group_cv_16/audio_24k_mono/tynerm-yesterdays-sharpeascotta-1989-47615333.wav,20.000000,20.000000,24000,1989,McCoy Tyner,McCoy Tyner
3,train,tynerm-yesterdays-sharpeascotta-1989-47615333__00003,tynerm-yesterdays-sharpeascotta-1989-47615333,Yesterdays,15,McCoy Tyner / McCoy Tyner,5,5,data/processed/jtd_group_cv_16/audio_24k_mono/tynerm-yesterdays-sharpeascotta-1989-47615333.wav,30.000000,20.000000,24000,1989,McCoy Tyner,McCoy Tyner
3,train,tynerm-yesterdays-sharpeascotta-1989-47615333__00004,tynerm-yesterdays-sharpeascotta-1989-47615333,Yesterdays,15,McCoy Tyner / McCoy Tyner,5,5,data/processed/jtd_group_cv_16/audio_24k_mono/tynerm-yesterdays-sharpeascotta-1989-47615333.wav,40.000000,20.000000,24000,1989,McCoy Tyner,McCoy Tyner
3,train,tynerm-yesterdays-sharpeascotta-1989-47615333__00005,tynerm-yesterdays-sharpeascotta-1989-47615333,Yesterdays,15,McCoy Tyner / McCoy Tyner,5,5,data/processed/jtd_group_cv_16/audio_24k_mono/tynerm-yesterdays-sharpeascotta-1989-47615333.wav,50.000000,20.000000,24000,1989,McCoy Tyner,McCoy Tyner
3,train,tynerm-yesterdays-sharpeascotta-1989-47615333__00006,tynerm-yesterdays-sharpeascotta-1989-47615333,Yesterdays,15,McCoy Tyner / McCoy Tyner,5,5,data/processed/jtd_group_cv_16/audio_24k_mono/tynerm-yesterdays-sharpeascotta-1989-47615333.wav,60.000000,20.000000,24000,1989,McCoy Tyner,McCoy Tyner
3,train,tynerm-yesterdays-sharpeascotta-1989-47615333__00007,tynerm-yesterdays-sharpeascotta-1989-47615333,Yesterdays,15,McCoy Tyner / McCoy Tyner,5,5,data/processed/jtd_group_cv_16/audio_24k_mono/tynerm-yesterdays-sharpeascotta-1989-47615333.wav,70.000000,20.000000,24000,1989,McCoy Tyner,McCoy Tyner
3,train,tynerm-yesterdays-sharpeascotta-1989-47615333__00008,tynerm-yesterdays-sharpeascotta-1989-47615333,Yesterdays,15,McCoy Tyner / McCoy Tyner,5,5,data/processed/jtd_group_cv_16/audio_24k_mono/tynerm-yesterdays-sharpeascotta-1989-47615333.wav,80.000000,20.000000,24000,1989,McCoy Tyner,McCoy Tyner
3,train,tynerm-yesterdays-sharpeascotta-1989-47615333__00009,tynerm-yesterdays-sharpeascotta-1989-47615333,Yesterdays,15,McCoy Tyner / McCoy Tyner,5,5,data/processed/jtd_group_cv_16/audio_24k_mono/tynerm-yesterdays-sharpeascotta-1989-47615333.wav,90.000000,20.000000,24000,1989,McCoy Tyner,McCoy Tyner
3,train,tynerm-yesterdays-sharpeascotta-1989-47615333__00010,tynerm-yesterdays-sharpeascotta-1989-47615333,Yesterdays,15,McCoy Tyner / McCoy Tyner,5,5,data/processed/jtd_group_cv_16/audio_24k_mono/tynerm-yesterdays-sharpeascotta-1989-47615333.wav,100.000000,20.000000,24000,1989,McCoy Tyner,McCoy Tyner
3,train,tynerm-yesterdays-sharpeascotta-1989-47615333__00011,tynerm-yesterdays-sharpeascotta-1989-47615333,Yesterdays,15,McCoy Tyner / McCoy Tyner,5,5,data/processed/jtd_group_cv_16/audio_24k_mono/tynerm-yesterdays-sharpeascotta-1989-47615333.wav,110.000000,20.000000,24000,1989,McCoy Tyner,McCoy Tyner
3,train,tynerm-yesterdays-sharpeascotta-1989-47615333__00012,tynerm-yesterdays-sharpeascotta-1989-47615333,Yesterdays,15,McCoy Tyner / McCoy Tyner,5,5,data/processed/jtd_group_cv_16/audio_24k_mono/tynerm-yesterdays-sharpeascotta-1989-47615333.wav,120.000000,20.000000,24000,1989,McCoy Tyner,McCoy Tyner
3,train,tynerm-yesterdays-sharpeascotta-1989-47615333__00013,tynerm-yesterdays-sharpeascotta-1989-47615333,Yesterdays,15,McCoy Tyner / McCoy Tyner,5,5,data/processed/jtd_group_cv_16/audio_24k_mono/tynerm-yesterdays-sharpeascotta-1989-47615333.wav,130.000000,20.000000,24000,1989,McCoy Tyner,McCoy Tyner
3,train,brownr-yesterdays-smithpbellsonl-1978-6357e74c__00000,brownr-yesterdays-smithpbellsonl-1978-6357e74c,Yesterdays,15,Ray Brown / Paul Smith,4,4,data/processed/jtd_group_cv_16/audio_24k_mono/brownr-yesterdays-smithpbellsonl-1978-6357e74c.wav,0.000000,20.000000,24000,1978,Ray Brown,Paul Smith
3,train,brownr-yesterdays-smithpbellsonl-1978-6357e74c__00001,brownr-yesterdays-smithpbellsonl-1978-6357e74c,Yesterdays,15,Ray Brown / Paul Smith,4,4,data/processed/jtd_group_cv_16/audio_24k_mono/brownr-yesterdays-smithpbellsonl-1978-6357e74c.wav,10.000000,20.000000,24000,1978,Ray Brown,Paul Smith
3,train,brownr-yesterdays-smithpbellsonl-1978-6357e74c__00002,brownr-yesterdays-smithpbellsonl-1978-6357e74c,Yesterdays,15,Ray Brown / Paul Smith,4,4,data/processed/jtd_group_cv_16/audio_24k_mono/brownr-yesterdays-smithpbellsonl-1978-6357e74c.wav,20.000000,20.000000,24000,1978,Ray Brown,Paul Smith
